order_id,order_date,region,country,category,product,channel,quantity,unit_price,discount_rate,revenue,customer_segment,delivery_days
ORD-103225,2023-01-01,North America,Canada,Beauty,Argan Shampoo,marketplace,2,64.81,0.0,129.62,Consumer,2.0
ORD-103709,2023-01-01,EMEA,Italy,Sports,Carbon Racket,marketplace,5,199.55,0.05,947.86,Enterprise,6.0
ORD-104526,2023-01-01,EMEA,France,Beauty,Argan Shampoo,web,9,35.3,0.15,270.04,Enterprise,2.0
ORD-100504,2023-01-02,North America,Mexico,Home,Desk Lamp,retail,3,58.37,0.15,148.84,Consumer,1.0
ORD-100580,2023-01-02,EMEA,United Kingdom,Home,Espresso Maker,web,3,85.46,0.0,256.38,Consumer,6.0
ORD-100703,2023-01-02,North America,Canada,Sports,Trail Runners,web,4,101.17,0.1,364.21,Consumer,3.0
ORD-100795,2023-01-02,North America,United States,Sports,Carbon Racket,web,1,97.8,0.0,97.8,Consumer,7.0
ORD-101693,2023-01-02,North America,United States,Beauty,Matte Lipstick,marketplace,3,59.98,0.0,179.94,SMB,3.0
ORD-102345,2023-01-02,North America,Mexico,Home,Cast Iron Pan,web,2,99.74,0.05,189.51,Consumer,1.0
ORD-103104,2023-01-02,North America,Mexico,Sports,Yoga Mat Pro,retail,2,229.56,0.0,459.12,Consumer,1.0
ORD-103339,2023-01-02,North America,Canada,Home,Desk Lamp,partner,3,41.83,0.0,125.49,Consumer,1.0
ORD-103620,2023-01-02,LATAM,Chile,Electronics,Smart Watch,retail,3,452.63,0.1,1222.1,SMB,6.0
ORD-103933,2023-01-02,North America,Canada,Electronics,Laptop Air 13,web,1,154.08,0.2,123.26,SMB,3.0
ORD-104087,2023-01-02,North America,Mexico,Electronics,4K Monitor,marketplace,7,182.98,0.0,1280.86,Enterprise,1.0
ORD-104749,2023-01-02,LATAM,Brazil,Beauty,Matte Lipstick,web,3,26.61,0.05,75.84,SMB,8.0
ORD-101060,2023-01-03,North America,United States,Home,Espresso Maker,retail,4,63.06,0.0,252.24,Consumer,1.0
ORD-102048,2023-01-03,APAC,Australia,Electronics,Smart Watch,retail,3,263.39,0.1,711.15,Consumer,9.0
ORD-102482,2023-01-03,EMEA,Germany,Sports,Carbon Racket,web,2,117.15,0.05,222.58,Consumer,4.0
ORD-102600,2023-01-03,LATAM,Brazil,Sports,Carbon Racket,retail,2,230.0,0.0,460.0,SMB,5.0
ORD-104859,2023-01-03,North America,Canada,Grocery,Olive Oil 750ml,marketplace,9,19.01,0.15,145.43,Enterprise,3.0
ORD-100549,2023-01-04,North America,Canada,Beauty,Serum Vitamin C,web,4,18.47,0.0,73.88,Consumer,2.0
ORD-100555,2023-01-04,North America,Canada,Home,Cotton Duvet,marketplace,1,114.06,0.15,96.95,SMB,3.0
ORD-101028,2023-01-04,APAC,Australia,Grocery,Olive Oil 750ml,web,3,17.67,0.1,47.71,SMB,6.0
ORD-101743,2023-01-04,North America,United States,Electronics,Laptop Air 13,web,4,85.24,0.0,340.96,Consumer,3.0
ORD-103432,2023-01-04,APAC,Singapore,Beauty,Serum Vitamin C,partner,1,15.48,0.05,14.71,SMB,4.0
ORD-100887,2023-01-05,APAC,India,Electronics,4K Monitor,web,6,557.78,0.0,3346.68,Consumer,9.0
ORD-103258,2023-01-05,APAC,Japan,Sports,Yoga Mat Pro,web,2,187.97,0.05,357.14,Consumer,10.0
ORD-104637,2023-01-05,EMEA,France,Electronics,Laptop Air 13,web,6,401.35,0.0,2408.1,Consumer,4.0
ORD-104822,2023-01-05,North America,Mexico,Electronics,4K Monitor,web,2,315.45,0.0,630.9,Consumer,
ORD-100212,2023-01-06,North America,Mexico,Beauty,Serum Vitamin C,retail,2,51.78,0.05,98.38,Consumer,3.0
ORD-101256,2023-01-06,North America,Canada,Beauty,Argan Shampoo,web,1,130.03,0.0,130.03,Consumer,2.0
ORD-103279,2023-01-06,EMEA,Italy,Home,Cast Iron Pan,marketplace,2,122.05,0.0,244.1,SMB,1.0
ORD-100697,2023-01-07,North America,United States,Beauty,Matte Lipstick,web,1,47.31,0.05,44.94,Consumer,4.0
ORD-102161,2023-01-07,EMEA,Germany,Beauty,Matte Lipstick,retail,3,86.36,0.0,259.08,Consumer,3.0
ORD-100095,2023-01-08,EMEA,France,Electronics,4K Monitor,retail,4,216.81,0.1,780.52,SMB,5.0
ORD-103190,2023-01-08,North America,United States,Sports,Trail Runners,web,3,169.81,0.05,483.96,Enterprise,4.0
ORD-103676,2023-01-08,North America,Canada,Electronics,Noise Buds,marketplace,2,275.0,0.0,550.0,Consumer,3.0
ORD-103727,2023-01-08,EMEA,France,Sports,Yoga Mat Pro,marketplace,3,162.32,0.0,486.96,Consumer,9.0
ORD-100424,2023-01-09,APAC,India,Home,Espresso Maker,marketplace,3,118.79,0.1,320.73,Consumer,5.0
ORD-100677,2023-01-09,APAC,Japan,Home,Cast Iron Pan,retail,3,127.94,0.0,383.82,SMB,4.0
ORD-101868,2023-01-09,EMEA,Germany,Beauty,Serum Vitamin C,web,1,25.7,0.1,23.13,Consumer,1.0
ORD-101173,2023-01-10,North America,Mexico,Home,Desk Lamp,retail,4,92.92,0.0,371.68,SMB,3.0
ORD-102888,2023-01-10,LATAM,Argentina,Electronics,Noise Buds,partner,1,290.38,0.0,290.38,Consumer,4.0
ORD-103401,2023-01-10,EMEA,France,Sports,Yoga Mat Pro,web,4,114.31,0.0,457.24,Consumer,4.0
ORD-104154,2023-01-10,North America,Canada,Sports,Yoga Mat Pro,web,4,230.22,0.1,828.79,Consumer,5.0
ORD-104582,2023-01-10,EMEA,Spain,Electronics,Smart Watch,web,2,330.82,0.15,562.39,Consumer,2.0
ORD-100698,2023-01-11,EMEA,Germany,Electronics,Noise Buds,marketplace,2,313.88,0.0,627.76,Consumer,10.0
ORD-100899,2023-01-11,APAC,Singapore,Sports,Yoga Mat Pro,partner,3,75.58,0.1,204.07,SMB,2.0
ORD-102141,2023-01-11,North America,United States,Beauty,Argan Shampoo,web,2,59.13,0.15,100.52,SMB,2.0
ORD-102944,2023-01-11,EMEA,Italy,Electronics,Smart Watch,retail,2,306.51,0.05,582.37,SMB,4.0
ORD-103791,2023-01-11,North America,Mexico,Electronics,Laptop Air 13,web,3,499.51,0.0,1498.53,Consumer,3.0
ORD-103858,2023-01-11,APAC,Singapore,Home,Cotton Duvet,web,5,78.32,0.1,352.44,SMB,5.0
ORD-103959,2023-01-11,North America,Canada,Sports,Trail Runners,partner,3,129.89,0.15,331.22,Enterprise,1.0
ORD-101847,2023-01-12,LATAM,Brazil,Beauty,Serum Vitamin C,web,6,30.47,0.0,182.82,SMB,11.0
ORD-100036,2023-01-13,LATAM,Argentina,Sports,Carbon Racket,marketplace,3,115.96,0.0,347.88,Consumer,7.0
ORD-100386,2023-01-13,EMEA,Germany,Home,Espresso Maker,marketplace,3,61.58,0.0,184.74,Consumer,7.0
ORD-100477,2023-01-13,North America,Mexico,Grocery,Arabica Beans 1kg,partner,3,22.95,0.0,68.85,Consumer,2.0
ORD-100988,2023-01-13,North America,Mexico,Beauty,Matte Lipstick,web,3,51.71,0.05,147.37,SMB,2.0
ORD-103322,2023-01-13,APAC,Japan,Home,Cast Iron Pan,web,9,120.44,0.15,921.37,Enterprise,5.0
ORD-103470,2023-01-13,North America,Canada,Home,Desk Lamp,marketplace,3,110.19,0.0,330.57,SMB,2.0
ORD-104119,2023-01-13,EMEA,Italy,Electronics,4K Monitor,web,1,201.92,0.05,191.82,SMB,6.0
ORD-100452,2023-01-14,LATAM,Brazil,Home,Espresso Maker,web,8,69.28,0.15,471.1,Enterprise,12.0
ORD-101370,2023-01-14,LATAM,Chile,Beauty,Argan Shampoo,web,2,50.93,0.0,101.86,SMB,7.0
ORD-101676,2023-01-14,EMEA,United Kingdom,Electronics,4K Monitor,retail,1,74.8,0.05,71.06,Consumer,2.0
ORD-102284,2023-01-14,North America,United States,Electronics,Smart Watch,web,2,176.23,0.1,317.21,Consumer,2.0
ORD-102411,2023-01-14,North America,Mexico,Home,Desk Lamp,partner,2,77.58,0.1,139.64,SMB,3.0
ORD-100801,2023-01-15,North America,Mexico,Home,Cotton Duvet,web,3,132.76,0.0,398.28,Consumer,6.0
ORD-101513,2023-01-15,EMEA,Spain,Grocery,Olive Oil 750ml,web,12,16.92,0.05,192.89,Enterprise,1.0
ORD-102712,2023-01-15,APAC,Singapore,Sports,Trail Runners,web,3,67.54,0.05,192.49,Consumer,10.0
ORD-104471,2023-01-15,North America,United States,Beauty,Argan Shampoo,web,2,25.72,0.2,41.15,SMB,4.0
ORD-100597,2023-01-16,North America,Mexico,Grocery,Olive Oil 750ml,partner,2,19.87,0.0,39.74,Consumer,1.0
ORD-102034,2023-01-16,North America,Canada,Electronics,4K Monitor,web,3,471.59,0.0,1414.77,Consumer,1.0
ORD-103418,2023-01-16,EMEA,Germany,Electronics,4K Monitor,retail,1,662.11,0.05,629.0,SMB,3.0
ORD-103966,2023-01-16,LATAM,Brazil,Electronics,Noise Buds,web,4,315.64,0.0,1262.56,SMB,6.0
ORD-104915,2023-01-16,North America,Mexico,Grocery,Arabica Beans 1kg,web,3,17.2,0.0,51.6,SMB,4.0
ORD-103115,2023-01-17,APAC,India,Home,Cotton Duvet,retail,5,93.3,0.1,419.85,Consumer,4.0
ORD-103884,2023-01-17,EMEA,Italy,Sports,Carbon Racket,marketplace,5,172.76,0.0,863.8,Consumer,4.0
ORD-104050,2023-01-17,LATAM,Chile,Home,Espresso Maker,web,4,125.23,0.1,450.83,Enterprise,6.0
ORD-100221,2023-01-18,EMEA,France,Home,Cast Iron Pan,marketplace,4,93.95,0.0,375.8,Consumer,7.0
ORD-100295,2023-01-18,EMEA,France,Home,Espresso Maker,web,4,65.2,0.05,247.76,Consumer,2.0
ORD-102357,2023-01-18,EMEA,Spain,Electronics,4K Monitor,marketplace,1,238.71,0.0,238.71,SMB,2.0
ORD-102685,2023-01-18,North America,United States,Sports,Trail Runners,web,1,203.22,0.0,203.22,Consumer,1.0
ORD-103449,2023-01-18,North America,United States,Home,Espresso Maker,web,4,31.55,0.0,126.2,Consumer,4.0
ORD-104261,2023-01-18,North America,United States,Home,Cast Iron Pan,web,2,48.97,0.2,78.35,Consumer,2.0
ORD-104676,2023-01-18,North America,Canada,Electronics,4K Monitor,retail,1,387.23,0.05,367.87,Consumer,3.0
ORD-100059,2023-01-19,North America,Canada,Home,Cotton Duvet,web,5,102.64,0.0,513.2,SMB,6.0
ORD-101722,2023-01-19,EMEA,France,Sports,Trail Runners,partner,1,47.04,0.1,42.34,Consumer,2.0
ORD-101941,2023-01-19,North America,Mexico,Electronics,Laptop Air 13,retail,1,148.17,0.1,133.35,Consumer,2.0
ORD-104273,2023-01-19,EMEA,France,Sports,Carbon Racket,marketplace,1,48.38,0.0,48.38,SMB,6.0
ORD-100772,2023-01-20,APAC,Australia,Home,Cotton Duvet,marketplace,6,87.46,0.05,498.52,SMB,2.0
ORD-101600,2023-01-20,LATAM,Chile,Home,Cast Iron Pan,retail,4,89.99,0.05,341.96,SMB,8.0
ORD-101935,2023-01-20,North America,United States,Electronics,Smart Watch,web,3,66.3,0.0,198.9,Consumer,1.0
ORD-102416,2023-01-20,North America,Mexico,Electronics,Smart Watch,web,6,196.78,0.1,1062.61,Consumer,4.0
ORD-102732,2023-01-20,North America,Canada,Home,Espresso Maker,web,3,43.49,0.05,123.95,Consumer,6.0
ORD-103738,2023-01-20,EMEA,France,Home,Cast Iron Pan,web,2,173.87,0.0,347.74,Consumer,6.0
ORD-104347,2023-01-20,APAC,Australia,Beauty,Argan Shampoo,marketplace,6,65.49,0.15,334.0,Consumer,7.0
ORD-101626,2023-01-21,EMEA,United Kingdom,Electronics,Laptop Air 13,web,3,534.44,0.0,1603.32,Consumer,5.0
ORD-104138,2023-01-21,APAC,India,Electronics,Smart Watch,marketplace,3,232.34,0.05,662.17,Consumer,5.0
ORD-104690,2023-01-21,APAC,Japan,Sports,Carbon Racket,retail,2,97.3,0.05,184.87,SMB,8.0
ORD-104715,2023-01-21,North America,Canada,Home,Cotton Duvet,marketplace,1,99.83,0.0,99.83,Consumer,4.0
ORD-103543,2023-01-22,EMEA,Germany,Home,Cotton Duvet,partner,4,120.05,0.05,456.19,SMB,5.0
ORD-104628,2023-01-22,North America,Canada,Beauty,Matte Lipstick,retail,3,38.46,0.05,109.61,SMB,2.0
ORD-100155,2023-01-23,LATAM,Argentina,Home,Cast Iron Pan,retail,2,128.89,0.0,257.78,Consumer,
ORD-102744,2023-01-23,APAC,Japan,Sports,Trail Runners,retail,4,121.03,0.1,435.71,SMB,
ORD-103747,2023-01-23,LATAM,Chile,Grocery,Dark Chocolate 90%,web,1,29.86,0.05,28.37,Consumer,6.0
ORD-104215,2023-01-23,North America,Canada,Sports,Trail Runners,partner,1,109.11,0.0,109.11,Consumer,2.0
ORD-104589,2023-01-23,EMEA,France,Beauty,Argan Shampoo,web,2,44.29,0.0,88.58,Consumer,6.0
ORD-104684,2023-01-23,North America,Mexico,Beauty,Matte Lipstick,web,2,54.49,0.0,108.98,Consumer,4.0
ORD-100037,2023-01-24,North America,United States,Electronics,Noise Buds,web,4,333.73,0.05,1268.17,SMB,2.0
ORD-102154,2023-01-24,APAC,Japan,Sports,Carbon Racket,marketplace,2,117.86,0.0,235.72,SMB,4.0
ORD-103632,2023-01-24,North America,United States,Beauty,Argan Shampoo,retail,2,49.98,0.0,99.96,SMB,3.0
ORD-104181,2023-01-24,North America,Canada,Beauty,Matte Lipstick,partner,1,50.8,0.05,48.26,Consumer,
ORD-104286,2023-01-24,North America,United States,Home,Desk Lamp,partner,2,90.28,0.1,162.5,Consumer,5.0
ORD-104349,2023-01-24,North America,Mexico,Electronics,Smart Watch,retail,2,429.17,0.0,858.34,Consumer,4.0
ORD-104531,2023-01-24,North America,Canada,Beauty,Matte Lipstick,web,2,45.15,0.0,90.3,Consumer,3.0
ORD-104942,2023-01-24,North America,Mexico,Electronics,Laptop Air 13,web,1,219.8,0.05,208.81,Consumer,3.0
ORD-100448,2023-01-25,North America,Canada,Electronics,4K Monitor,retail,3,225.19,0.0,675.57,SMB,3.0
ORD-100450,2023-01-25,APAC,Australia,Grocery,Arabica Beans 1kg,web,2,30.01,0.0,60.02,Consumer,8.0
ORD-100750,2023-01-25,APAC,Australia,Electronics,4K Monitor,web,3,139.5,0.0,418.5,Consumer,11.0
ORD-101667,2023-01-25,North America,Canada,Home,Espresso Maker,web,3,244.25,0.0,732.75,SMB,4.0
ORD-102287,2023-01-25,LATAM,Chile,Electronics,Noise Buds,marketplace,4,281.96,0.15,958.66,Consumer,7.0
ORD-102489,2023-01-25,North America,United States,Beauty,Matte Lipstick,marketplace,3,25.68,0.15,65.48,Enterprise,2.0
ORD-104432,2023-01-25,North America,Canada,Sports,Yoga Mat Pro,marketplace,3,186.28,0.0,558.84,Consumer,3.0
ORD-104888,2023-01-25,EMEA,Germany,Home,Cast Iron Pan,retail,1,124.13,0.05,117.92,SMB,3.0
ORD-104978,2023-01-25,North America,Mexico,Home,Espresso Maker,marketplace,2,84.43,0.05,160.42,Consumer,3.0
ORD-101062,2023-01-26,APAC,Singapore,Home,Cast Iron Pan,marketplace,3,48.99,0.2,117.58,SMB,9.0
ORD-101751,2023-01-26,EMEA,France,Home,Cast Iron Pan,web,5,117.45,0.05,557.89,Consumer,1.0
ORD-101808,2023-01-26,North America,Canada,Electronics,Smart Watch,web,2,914.03,0.0,1828.06,Consumer,4.0
ORD-101954,2023-01-26,North America,Canada,Electronics,Laptop Air 13,marketplace,2,250.42,0.1,450.76,SMB,1.0
ORD-103004,2023-01-26,EMEA,United Kingdom,Grocery,Arabica Beans 1kg,web,3,10.65,0.0,31.95,Consumer,5.0
ORD-104851,2023-01-26,APAC,Australia,Beauty,Argan Shampoo,retail,3,54.57,0.1,147.34,Consumer,8.0
ORD-104961,2023-01-26,North America,Mexico,Sports,Yoga Mat Pro,web,4,247.75,0.0,991.0,Consumer,5.0
ORD-101056,2023-01-27,EMEA,France,Beauty,Argan Shampoo,retail,4,39.31,0.0,157.24,Consumer,3.0
ORD-101855,2023-01-27,EMEA,United Kingdom,Grocery,Arabica Beans 1kg,web,2,18.68,0.1,33.62,Consumer,3.0
ORD-102045,2023-01-27,APAC,Singapore,Grocery,Dark Chocolate 90%,web,3,22.04,0.05,62.81,Consumer,10.0
ORD-102618,2023-01-27,EMEA,Italy,Electronics,Smart Watch,partner,5,118.42,0.05,562.5,Consumer,5.0
ORD-103216,2023-01-27,EMEA,United Kingdom,Grocery,Olive Oil 750ml,web,4,24.96,0.0,99.84,SMB,5.0
ORD-102834,2023-01-28,North America,United States,Beauty,Serum Vitamin C,partner,3,49.96,0.1,134.89,Consumer,5.0
ORD-103036,2023-01-28,EMEA,Italy,Electronics,Noise Buds,web,1,372.01,0.2,297.61,Consumer,3.0
ORD-101680,2023-01-29,LATAM,Argentina,Electronics,4K Monitor,marketplace,1,355.64,0.05,337.86,Consumer,4.0
ORD-102430,2023-01-29,EMEA,Italy,Sports,Trail Runners,retail,5,78.01,0.0,390.05,Consumer,8.0
ORD-102678,2023-01-29,EMEA,France,Sports,Carbon Racket,web,4,124.42,0.05,472.8,SMB,1.0
ORD-103932,2023-01-29,North America,Canada,Home,Espresso Maker,web,3,94.2,0.0,282.6,Consumer,4.0
ORD-104462,2023-01-29,North America,United States,Sports,Trail Runners,web,3,95.73,0.0,287.19,Consumer,4.0
ORD-104463,2023-01-29,EMEA,Germany,Home,Desk Lamp,web,3,40.87,0.0,122.61,Consumer,3.0
ORD-104686,2023-01-29,North America,Canada,Home,Espresso Maker,retail,3,68.72,0.1,185.54,Consumer,2.0
ORD-104929,2023-01-29,North America,Mexico,Grocery,Dark Chocolate 90%,retail,1,25.93,0.15,22.04,Consumer,7.0
ORD-100419,2023-01-30,North America,United States,Electronics,4K Monitor,marketplace,3,245.58,0.0,736.74,SMB,1.0
ORD-101663,2023-01-30,APAC,Australia,Electronics,Laptop Air 13,web,3,93.47,0.0,280.41,SMB,14.0
ORD-102121,2023-01-30,North America,Canada,Beauty,Matte Lipstick,web,1,15.62,0.05,14.84,Consumer,2.0
ORD-104433,2023-01-30,North America,Canada,Electronics,Laptop Air 13,web,6,251.13,0.05,1431.44,Enterprise,2.0
ORD-104615,2023-01-30,North America,United States,Electronics,Noise Buds,web,2,379.46,0.1,683.03,Consumer,3.0
ORD-100432,2023-01-31,North America,Canada,Grocery,Olive Oil 750ml,partner,4,26.96,0.0,107.84,Consumer,1.0
ORD-101180,2023-01-31,North America,Mexico,Electronics,Smart Watch,marketplace,4,331.68,0.05,1260.38,SMB,4.0
ORD-102123,2023-01-31,APAC,Singapore,Sports,Yoga Mat Pro,web,3,137.74,0.0,413.22,SMB,9.0
ORD-102313,2023-01-31,EMEA,France,Beauty,Serum Vitamin C,retail,2,34.29,0.0,68.58,Consumer,1.0
ORD-102560,2023-01-31,North America,United States,Sports,Carbon Racket,web,4,171.08,0.0,684.32,Consumer,1.0
ORD-102727,2023-01-31,EMEA,France,Home,Cotton Duvet,web,3,72.07,0.0,216.21,Consumer,4.0
ORD-103303,2023-01-31,LATAM,Brazil,Sports,Carbon Racket,web,2,59.71,0.05,113.45,SMB,13.0
ORD-100279,2023-02-01,LATAM,Brazil,Beauty,Serum Vitamin C,marketplace,3,49.52,0.05,141.13,Consumer,5.0
ORD-100333,2023-02-01,APAC,Australia,Electronics,Smart Watch,retail,10,202.52,0.0,2025.2,Enterprise,6.0
ORD-100522,2023-02-01,EMEA,Germany,Home,Desk Lamp,retail,1,59.55,0.1,53.6,Consumer,3.0
ORD-100646,2023-02-01,APAC,India,Sports,Carbon Racket,web,4,157.84,0.0,631.36,Consumer,9.0
ORD-101069,2023-02-01,North America,United States,Electronics,Laptop Air 13,web,1,138.2,0.0,138.2,SMB,3.0
ORD-102061,2023-02-01,North America,Canada,Sports,Yoga Mat Pro,retail,4,259.57,0.0,1038.28,Consumer,5.0
ORD-102534,2023-02-01,APAC,Japan,Sports,Yoga Mat Pro,marketplace,5,266.53,0.0,1332.65,Consumer,11.0
ORD-102995,2023-02-01,North America,Mexico,Home,Desk Lamp,retail,4,103.0,0.2,329.6,Consumer,2.0
ORD-103010,2023-02-01,APAC,India,Electronics,Noise Buds,web,1,263.06,0.1,236.75,Consumer,7.0
ORD-103110,2023-02-01,EMEA,Spain,Electronics,4K Monitor,web,2,216.27,0.15,367.66,SMB,8.0
ORD-103117,2023-02-01,EMEA,France,Home,Desk Lamp,retail,2,40.93,0.0,81.86,Consumer,5.0
ORD-103808,2023-02-01,North America,Canada,Electronics,Noise Buds,marketplace,4,320.05,0.0,1280.2,SMB,5.0
ORD-104309,2023-02-01,EMEA,Germany,Grocery,Arabica Beans 1kg,partner,3,25.59,0.0,76.77,Consumer,1.0
ORD-104870,2023-02-01,EMEA,United Kingdom,Home,Espresso Maker,web,2,54.31,0.0,108.62,Consumer,2.0
ORD-104953,2023-02-01,North America,Mexico,Electronics,4K Monitor,partner,2,378.66,0.1,681.59,Consumer,2.0
ORD-100606,2023-02-02,EMEA,Spain,Home,Desk Lamp,marketplace,3,148.39,0.0,445.17,Consumer,6.0
ORD-101163,2023-02-02,EMEA,France,Beauty,Serum Vitamin C,partner,1,81.65,0.1,73.49,SMB,1.0
ORD-101361,2023-02-02,EMEA,Germany,Beauty,Matte Lipstick,web,2,54.52,0.2,87.23,SMB,7.0
ORD-102157,2023-02-02,EMEA,Spain,Home,Cast Iron Pan,partner,2,51.45,0.2,82.32,SMB,3.0
ORD-103405,2023-02-02,APAC,Japan,Electronics,Laptop Air 13,web,1,120.63,0.0,120.63,Consumer,10.0
ORD-104909,2023-02-02,APAC,Japan,Sports,Trail Runners,web,2,79.09,0.05,150.27,Consumer,5.0
ORD-100009,2023-02-03,APAC,India,Sports,Yoga Mat Pro,web,4,114.16,0.1,410.98,Consumer,8.0
ORD-101540,2023-02-03,North America,Mexico,Electronics,Noise Buds,partner,1,347.64,0.0,347.64,Consumer,1.0
ORD-103019,2023-02-03,North America,Mexico,Electronics,Laptop Air 13,marketplace,2,103.8,0.0,207.6,Consumer,2.0
ORD-103422,2023-02-03,EMEA,Italy,Sports,Carbon Racket,marketplace,2,135.75,0.15,230.78,SMB,6.0
ORD-104172,2023-02-03,North America,Mexico,Home,Cotton Duvet,retail,8,136.53,0.0,1092.24,Enterprise,3.0
ORD-104361,2023-02-03,LATAM,Chile,Beauty,Argan Shampoo,web,2,46.78,0.2,74.85,SMB,5.0
ORD-104667,2023-02-03,North America,Mexico,Beauty,Matte Lipstick,partner,2,47.97,0.1,86.35,Consumer,4.0
ORD-104729,2023-02-03,North America,Canada,Electronics,Smart Watch,retail,4,289.77,0.2,927.26,Enterprise,3.0
ORD-100545,2023-02-04,EMEA,United Kingdom,Electronics,4K Monitor,web,2,161.7,0.05,307.23,SMB,5.0
ORD-101518,2023-02-04,APAC,Japan,Sports,Yoga Mat Pro,retail,2,40.83,0.15,69.41,Consumer,6.0
ORD-102334,2023-02-04,North America,United States,Home,Desk Lamp,web,1,151.68,0.05,144.1,Consumer,3.0
ORD-102884,2023-02-04,North America,Canada,Beauty,Matte Lipstick,web,2,39.95,0.05,75.9,Consumer,3.0
ORD-104571,2023-02-04,APAC,India,Sports,Carbon Racket,marketplace,4,135.4,0.0,541.6,Consumer,9.0
ORD-104878,2023-02-04,LATAM,Brazil,Beauty,Serum Vitamin C,web,2,52.52,0.05,99.79,SMB,8.0
ORD-100136,2023-02-05,North America,United States,Electronics,Smart Watch,web,8,227.04,0.3,1271.42,Enterprise,2.0
ORD-102301,2023-02-05,North America,Mexico,Beauty,Matte Lipstick,retail,2,28.6,0.05,54.34,Consumer,1.0
ORD-104886,2023-02-05,EMEA,France,Sports,Carbon Racket,web,5,171.1,0.15,727.18,Consumer,2.0
ORD-100041,2023-02-06,North America,Mexico,Electronics,Noise Buds,marketplace,2,136.69,0.15,232.37,Consumer,4.0
ORD-101192,2023-02-06,North America,Mexico,Beauty,Serum Vitamin C,marketplace,2,66.27,0.0,132.54,Consumer,4.0
ORD-102553,2023-02-06,EMEA,Spain,Electronics,Laptop Air 13,partner,1,305.51,0.0,305.51,SMB,1.0
ORD-102605,2023-02-06,North America,Mexico,Home,Espresso Maker,retail,4,50.96,0.0,203.84,Consumer,1.0
ORD-102969,2023-02-06,EMEA,France,Electronics,Smart Watch,web,3,619.38,0.0,1858.14,Consumer,2.0
ORD-102992,2023-02-06,LATAM,Brazil,Beauty,Argan Shampoo,web,1,56.05,0.05,53.25,Consumer,7.0
ORD-103151,2023-02-06,APAC,Japan,Beauty,Serum Vitamin C,retail,2,33.58,0.0,67.16,Consumer,8.0
ORD-104298,2023-02-06,North America,United States,Electronics,Smart Watch,web,3,345.97,0.0,1037.91,SMB,3.0
ORD-101458,2023-02-07,North America,Mexico,Sports,Yoga Mat Pro,web,1,165.36,0.0,165.36,SMB,1.0
ORD-101885,2023-02-07,North America,Canada,Home,Cast Iron Pan,web,1,52.96,0.0,52.96,SMB,3.0
ORD-102423,2023-02-07,EMEA,Spain,Sports,Trail Runners,web,3,248.5,0.1,670.95,SMB,5.0
ORD-103970,2023-02-07,EMEA,France,Beauty,Serum Vitamin C,retail,3,78.57,0.1,212.14,Consumer,2.0
ORD-104477,2023-02-07,North America,Canada,Beauty,Argan Shampoo,marketplace,1,48.53,0.0,48.53,SMB,2.0
ORD-100141,2023-02-08,APAC,India,Home,Desk Lamp,web,2,127.11,0.15,216.09,Consumer,
ORD-100261,2023-02-08,APAC,Australia,Beauty,Argan Shampoo,web,2,97.24,0.05,184.76,Consumer,5.0
ORD-100982,2023-02-08,LATAM,Argentina,Electronics,Smart Watch,marketplace,3,113.46,0.0,340.38,Consumer,11.0
ORD-101984,2023-02-08,EMEA,United Kingdom,Home,Cast Iron Pan,retail,2,87.39,0.0,174.78,Consumer,3.0
ORD-103345,2023-02-08,EMEA,Spain,Home,Cast Iron Pan,web,3,58.14,0.0,174.42,Consumer,4.0
ORD-103879,2023-02-08,EMEA,Spain,Beauty,Serum Vitamin C,partner,13,21.88,0.05,270.22,Enterprise,3.0
ORD-101687,2023-02-09,APAC,Singapore,Grocery,Olive Oil 750ml,web,5,31.43,0.05,149.29,Consumer,7.0
ORD-103702,2023-02-09,EMEA,France,Home,Cotton Duvet,web,3,43.77,0.0,131.31,Consumer,5.0
ORD-103984,2023-02-09,EMEA,Spain,Beauty,Serum Vitamin C,web,6,52.57,0.0,315.42,Consumer,3.0
ORD-104693,2023-02-09,APAC,Australia,Home,Desk Lamp,retail,2,146.36,0.0,292.72,Consumer,7.0
ORD-104862,2023-02-09,EMEA,Italy,Grocery,Arabica Beans 1kg,marketplace,2,24.09,0.05,45.77,SMB,6.0
ORD-100505,2023-02-10,North America,United States,Grocery,Olive Oil 750ml,web,2,27.13,0.0,54.26,Consumer,1.0
ORD-100629,2023-02-10,EMEA,Germany,Electronics,Smart Watch,partner,1,531.02,0.05,504.47,Consumer,1.0
ORD-100825,2023-02-10,APAC,India,Sports,Yoga Mat Pro,retail,2,48.13,0.0,96.26,Consumer,4.0
ORD-102031,2023-02-10,EMEA,Germany,Home,Cast Iron Pan,retail,4,104.6,0.0,418.4,SMB,2.0
ORD-103338,2023-02-10,North America,United States,Home,Cotton Duvet,marketplace,2,80.19,0.1,144.34,SMB,6.0
ORD-104292,2023-02-10,North America,Mexico,Sports,Trail Runners,retail,5,104.57,0.0,522.85,Enterprise,1.0
ORD-100211,2023-02-11,APAC,Australia,Sports,Yoga Mat Pro,web,3,222.21,0.0,666.63,Consumer,6.0
ORD-100939,2023-02-11,APAC,Japan,Beauty,Argan Shampoo,marketplace,6,57.63,0.0,345.78,SMB,11.0
ORD-101936,2023-02-11,APAC,Singapore,Beauty,Argan Shampoo,retail,1,844.15,0.1,759.74,SMB,8.0
ORD-103881,2023-02-11,APAC,Australia,Home,Espresso Maker,web,2,59.14,0.1,106.45,Consumer,6.0
ORD-101000,2023-02-12,EMEA,France,Grocery,Arabica Beans 1kg,web,3,20.82,0.0,62.46,SMB,1.0
ORD-101543,2023-02-12,APAC,Australia,Sports,Carbon Racket,marketplace,2,51.12,0.0,102.24,Consumer,11.0
ORD-101605,2023-02-12,APAC,Japan,Grocery,Arabica Beans 1kg,marketplace,2,18.58,0.05,35.3,SMB,4.0
ORD-104393,2023-02-12,North America,Mexico,Sports,Trail Runners,web,3,65.23,0.0,195.69,SMB,3.0
ORD-104535,2023-02-12,North America,Canada,Beauty,Serum Vitamin C,marketplace,5,31.34,0.0,156.7,Consumer,1.0
ORD-100317,2023-02-13,EMEA,Spain,Electronics,Smart Watch,marketplace,3,260.22,0.05,741.63,Consumer,1.0
ORD-100700,2023-02-13,EMEA,Germany,Sports,Trail Runners,web,2,245.26,0.0,490.52,Consumer,3.0
ORD-100706,2023-02-13,EMEA,Spain,Electronics,Laptop Air 13,marketplace,3,213.44,0.0,640.32,Consumer,2.0
ORD-103459,2023-02-13,North America,Canada,Sports,Yoga Mat Pro,web,2,98.57,0.0,197.14,Consumer,1.0
ORD-103838,2023-02-13,North America,United States,Home,Cotton Duvet,web,3,167.76,0.1,452.95,SMB,4.0
ORD-100320,2023-02-14,North America,United States,Home,Desk Lamp,marketplace,3,167.08,0.0,501.24,Consumer,5.0
ORD-101268,2023-02-14,North America,Canada,Home,Espresso Maker,retail,1,51.55,0.2,41.24,SMB,2.0
ORD-102358,2023-02-14,EMEA,Italy,Home,Cotton Duvet,retail,3,75.85,0.15,193.42,SMB,7.0
ORD-102644,2023-02-14,North America,United States,Home,Cast Iron Pan,marketplace,10,54.33,0.05,516.13,Enterprise,1.0
ORD-102850,2023-02-14,North America,Mexico,Electronics,Noise Buds,marketplace,1,201.98,0.15,171.68,SMB,2.0
ORD-104302,2023-02-14,EMEA,Spain,Electronics,Laptop Air 13,partner,13,177.05,0.0,2301.65,Enterprise,6.0
ORD-104858,2023-02-14,North America,Mexico,Electronics,Noise Buds,web,4,426.87,0.0,1707.48,Consumer,3.0
ORD-101382,2023-02-15,APAC,Singapore,Home,Cast Iron Pan,web,2,85.61,0.0,171.22,Consumer,7.0
ORD-101971,2023-02-15,EMEA,Italy,Home,Cotton Duvet,web,1,134.92,0.0,134.92,Consumer,3.0
ORD-100273,2023-02-16,North America,United States,Grocery,Arabica Beans 1kg,partner,3,18.24,0.1,49.25,Consumer,2.0
ORD-100658,2023-02-16,EMEA,United Kingdom,Home,Cotton Duvet,web,1,29.47,0.0,29.47,Consumer,1.0
ORD-101073,2023-02-16,North America,Canada,Beauty,Argan Shampoo,retail,6,59.38,0.2,285.02,Enterprise,5.0
ORD-101645,2023-02-16,EMEA,Italy,Sports,Yoga Mat Pro,marketplace,1,173.34,0.3,121.34,Consumer,4.0
ORD-102117,2023-02-16,APAC,India,Beauty,Argan Shampoo,marketplace,1,56.02,0.1,50.42,SMB,3.0
ORD-102461,2023-02-16,North America,Mexico,Electronics,Smart Watch,web,8,144.44,0.2,924.42,Enterprise,10.0
ORD-103125,2023-02-16,North America,Mexico,Electronics,Laptop Air 13,web,2,288.73,0.3,404.22,SMB,7.0
ORD-103653,2023-02-16,North America,United States,Home,Espresso Maker,partner,5,84.02,0.15,357.08,SMB,2.0
ORD-100886,2023-02-17,LATAM,Argentina,Home,Desk Lamp,retail,2,153.46,0.0,306.92,Consumer,3.0
ORD-102331,2023-02-17,North America,Canada,Sports,Carbon Racket,marketplace,2,107.25,0.05,203.77,Consumer,4.0
ORD-100717,2023-02-18,North America,Canada,Beauty,Serum Vitamin C,marketplace,5,68.61,0.1,308.74,SMB,2.0
ORD-101082,2023-02-18,North America,United States,Electronics,4K Monitor,web,3,336.75,0.0,1010.25,Consumer,4.0
ORD-101546,2023-02-18,EMEA,Germany,Electronics,Noise Buds,marketplace,2,207.67,0.0,415.34,SMB,6.0
ORD-103535,2023-02-18,APAC,India,Beauty,Serum Vitamin C,web,1,75.63,0.0,75.63,Consumer,6.0
ORD-100668,2023-02-19,APAC,Japan,Electronics,4K Monitor,marketplace,4,321.13,0.0,1284.52,Consumer,5.0
ORD-100726,2023-02-19,APAC,Japan,Home,Cast Iron Pan,marketplace,2,87.63,0.0,175.26,Consumer,9.0
ORD-101218,2023-02-19,North America,Mexico,Home,Cotton Duvet,web,1,159.63,0.0,159.63,Consumer,4.0
ORD-101606,2023-02-19,APAC,Singapore,Sports,Trail Runners,marketplace,2,80.68,0.0,161.36,Consumer,7.0
ORD-102386,2023-02-19,North America,United States,Sports,Trail Runners,marketplace,2,184.56,0.2,295.3,SMB,1.0
ORD-102505,2023-02-19,North America,Canada,Electronics,Smart Watch,web,5,136.82,0.0,684.1,Consumer,3.0
ORD-104118,2023-02-19,APAC,Singapore,Home,Espresso Maker,retail,3,154.12,0.1,416.12,Consumer,8.0
ORD-104759,2023-02-19,North America,Mexico,Sports,Trail Runners,web,2,152.26,0.0,304.52,Consumer,6.0
ORD-103539,2023-02-20,North America,Mexico,Home,Desk Lamp,marketplace,2,82.4,0.1,148.32,SMB,5.0
ORD-102460,2023-02-21,North America,Mexico,Home,Desk Lamp,marketplace,10,159.92,0.15,1359.32,Enterprise,
ORD-103565,2023-02-21,APAC,India,Electronics,4K Monitor,retail,2,845.73,0.0,1691.46,SMB,11.0
ORD-103846,2023-02-21,LATAM,Argentina,Home,Cast Iron Pan,retail,2,181.13,0.0,362.26,Consumer,9.0
ORD-104300,2023-02-21,North America,United States,Beauty,Serum Vitamin C,web,3,25.87,0.1,69.85,Consumer,3.0
ORD-104695,2023-02-21,North America,Canada,Grocery,Olive Oil 750ml,marketplace,2,24.93,0.0,49.86,Consumer,4.0
ORD-104973,2023-02-21,North America,Mexico,Grocery,Arabica Beans 1kg,retail,1,18.62,0.15,15.83,SMB,1.0
ORD-100163,2023-02-22,APAC,Japan,Beauty,Serum Vitamin C,web,3,59.17,0.1,159.76,SMB,6.0
ORD-102216,2023-02-22,North America,Mexico,Electronics,Laptop Air 13,web,2,218.73,0.05,415.59,SMB,3.0
ORD-102393,2023-02-22,North America,Canada,Electronics,Smart Watch,marketplace,2,166.61,0.0,333.22,Consumer,5.0
ORD-102802,2023-02-22,LATAM,Argentina,Sports,Trail Runners,web,2,86.44,0.1,155.59,SMB,9.0
ORD-103759,2023-02-22,North America,United States,Sports,Carbon Racket,retail,4,230.95,0.2,739.04,SMB,4.0
ORD-102303,2023-02-23,North America,United States,Grocery,Dark Chocolate 90%,web,9,22.52,0.05,192.55,Enterprise,4.0
ORD-102870,2023-02-23,APAC,Japan,Home,Cast Iron Pan,web,1,58.47,0.1,52.62,Consumer,3.0
ORD-103742,2023-02-23,APAC,India,Beauty,Argan Shampoo,web,5,75.08,0.0,375.4,Consumer,6.0
ORD-100013,2023-02-24,APAC,India,Grocery,Olive Oil 750ml,marketplace,2,26.53,0.0,53.06,Consumer,5.0
ORD-103201,2023-02-24,North America,Mexico,Sports,Yoga Mat Pro,retail,4,146.81,0.0,587.24,Consumer,1.0
ORD-103719,2023-02-24,EMEA,Germany,Sports,Carbon Racket,marketplace,2,54.43,0.05,103.42,SMB,8.0
ORD-104241,2023-02-24,EMEA,United Kingdom,Home,Cast Iron Pan,partner,5,34.5,0.05,163.88,Consumer,6.0
ORD-104590,2023-02-24,North America,United States,Electronics,Laptop Air 13,web,1,202.27,0.05,192.16,SMB,4.0
ORD-100974,2023-02-25,North America,Canada,Beauty,Serum Vitamin C,web,2,50.56,0.2,80.9,Consumer,5.0
ORD-101818,2023-02-25,North America,Canada,Home,Cast Iron Pan,retail,3,99.36,0.0,298.08,Consumer,1.0
ORD-102716,2023-02-25,North America,Mexico,Sports,Carbon Racket,partner,1,172.21,0.1,154.99,Consumer,4.0
ORD-102550,2023-02-26,North America,Canada,Sports,Trail Runners,web,4,125.61,0.1,452.2,Consumer,2.0
ORD-102813,2023-02-26,North America,United States,Sports,Trail Runners,web,3,110.81,0.0,332.43,Consumer,5.0
ORD-103133,2023-02-26,APAC,India,Sports,Carbon Racket,web,1,52.14,0.15,44.32,SMB,5.0
ORD-100064,2023-02-27,EMEA,United Kingdom,Grocery,Olive Oil 750ml,partner,5,19.35,0.15,82.24,SMB,2.0
ORD-100872,2023-02-27,EMEA,United Kingdom,Home,Cotton Duvet,web,9,136.05,0.1,1102.01,Enterprise,8.0
ORD-101148,2023-02-27,North America,Canada,Beauty,Matte Lipstick,retail,2,51.57,0.0,103.14,Consumer,1.0
ORD-101319,2023-02-27,EMEA,France,Sports,Trail Runners,partner,2,154.61,0.2,247.38,SMB,3.0
ORD-102046,2023-02-27,APAC,Singapore,Electronics,Smart Watch,web,1,100.15,0.0,100.15,SMB,10.0
ORD-102768,2023-02-27,APAC,India,Home,Cast Iron Pan,retail,7,52.73,0.1,332.2,Enterprise,7.0
ORD-103774,2023-02-27,APAC,Australia,Home,Cast Iron Pan,web,1,46.06,0.0,46.06,Consumer,3.0
ORD-104055,2023-02-27,EMEA,Spain,Electronics,Noise Buds,marketplace,9,210.97,0.0,1898.73,Enterprise,5.0
ORD-104843,2023-02-27,EMEA,Italy,Grocery,Arabica Beans 1kg,web,2,14.35,0.1,25.83,SMB,4.0
ORD-101509,2023-02-28,North America,Canada,Electronics,Smart Watch,web,3,150.39,0.0,451.17,Consumer,4.0
ORD-102310,2023-02-28,North America,Mexico,Electronics,Noise Buds,web,3,189.8,0.05,540.93,SMB,2.0
ORD-103310,2023-02-28,North America,United States,Sports,Carbon Racket,web,4,462.18,0.0,1848.72,SMB,2.0
ORD-104941,2023-02-28,North America,Canada,Grocery,Arabica Beans 1kg,marketplace,5,20.32,0.05,96.52,Consumer,4.0
ORD-100092,2023-03-01,North America,Canada,Grocery,Arabica Beans 1kg,partner,2,17.0,0.0,34.0,Consumer,2.0
ORD-101100,2023-03-01,North America,Mexico,Sports,Carbon Racket,web,2,131.59,0.0,263.18,Consumer,3.0
ORD-103504,2023-03-01,North America,Canada,Sports,Yoga Mat Pro,retail,5,213.65,0.0,1068.25,Consumer,1.0
ORD-103560,2023-03-01,EMEA,Germany,Electronics,Smart Watch,marketplace,5,158.04,0.0,790.2,Consumer,4.0
ORD-103758,2023-03-01,APAC,Australia,Home,Espresso Maker,web,5,141.21,0.05,670.75,SMB,10.0
ORD-103510,2023-03-02,EMEA,Italy,Electronics,Noise Buds,marketplace,1,214.85,0.0,214.85,Consumer,5.0
ORD-100330,2023-03-03,North America,Canada,Beauty,Matte Lipstick,web,4,38.35,0.05,145.73,SMB,3.0
ORD-100638,2023-03-04,North America,United States,Home,Cast Iron Pan,web,3,125.06,0.0,375.18,Consumer,5.0
ORD-102022,2023-03-04,EMEA,Germany,Home,Cast Iron Pan,marketplace,3,94.16,0.1,254.23,Consumer,2.0
ORD-104251,2023-03-04,EMEA,Germany,Sports,Yoga Mat Pro,web,11,95.55,0.15,893.39,Enterprise,3.0
ORD-104699,2023-03-04,North America,United States,Home,Desk Lamp,retail,4,51.18,0.0,204.72,SMB,4.0
ORD-104998,2023-03-04,North America,Mexico,Beauty,Matte Lipstick,partner,2,46.94,0.05,89.19,Consumer,6.0
ORD-100633,2023-03-05,North America,Mexico,Sports,Carbon Racket,marketplace,4,55.4,0.05,210.52,Consumer,3.0
ORD-100855,2023-03-05,North America,Canada,Home,Espresso Maker,web,2,96.39,0.0,192.78,Consumer,2.0
ORD-101369,2023-03-05,EMEA,United Kingdom,Sports,Yoga Mat Pro,web,2,213.9,0.05,406.41,SMB,
ORD-102151,2023-03-05,North America,United States,Electronics,Noise Buds,web,3,94.71,0.0,284.13,Consumer,4.0
ORD-102281,2023-03-05,EMEA,Spain,Sports,Trail Runners,marketplace,1,87.75,0.0,87.75,Consumer,6.0
ORD-102746,2023-03-05,APAC,Japan,Home,Desk Lamp,retail,4,47.44,0.05,180.27,SMB,7.0
ORD-102982,2023-03-05,North America,Mexico,Electronics,Noise Buds,marketplace,2,451.84,0.2,722.94,Consumer,6.0
ORD-104048,2023-03-05,North America,United States,Sports,Carbon Racket,web,5,260.41,0.0,1302.05,Consumer,2.0
ORD-100225,2023-03-06,North America,United States,Sports,Carbon Racket,retail,5,94.9,0.05,450.78,Consumer,4.0
ORD-100564,2023-03-06,North America,Mexico,Sports,Carbon Racket,web,3,124.86,0.1,337.12,SMB,2.0
ORD-100976,2023-03-06,LATAM,Brazil,Sports,Yoga Mat Pro,web,10,173.22,0.05,1645.59,Enterprise,7.0
ORD-102527,2023-03-06,North America,United States,Beauty,Serum Vitamin C,web,1,111.03,0.0,111.03,Consumer,5.0
ORD-103098,2023-03-06,EMEA,Germany,Electronics,Smart Watch,web,2,269.59,0.0,539.18,SMB,2.0
ORD-103185,2023-03-06,North America,Mexico,Grocery,Arabica Beans 1kg,marketplace,8,21.92,0.15,149.06,Enterprise,3.0
ORD-103522,2023-03-06,EMEA,Italy,Electronics,Noise Buds,web,1,330.97,0.05,314.42,SMB,6.0
ORD-103561,2023-03-06,North America,United States,Electronics,4K Monitor,marketplace,3,266.45,0.0,799.35,Consumer,4.0
ORD-103651,2023-03-06,North America,Mexico,Electronics,Noise Buds,web,6,127.55,0.1,688.77,Enterprise,2.0
ORD-103928,2023-03-06,EMEA,France,Grocery,Arabica Beans 1kg,marketplace,1,11.74,0.15,9.98,Consumer,3.0
ORD-104795,2023-03-06,North America,Canada,Grocery,Arabica Beans 1kg,marketplace,2,16.82,0.1,30.28,SMB,3.0
ORD-104838,2023-03-06,EMEA,Italy,Sports,Trail Runners,marketplace,2,193.13,0.0,386.26,Consumer,1.0
ORD-100103,2023-03-07,North America,Mexico,Beauty,Serum Vitamin C,web,3,27.83,0.0,83.49,Enterprise,1.0
ORD-100235,2023-03-07,North America,Canada,Sports,Yoga Mat Pro,web,1,216.17,0.15,183.74,SMB,1.0
ORD-100903,2023-03-07,APAC,Australia,Beauty,Argan Shampoo,web,4,37.02,0.1,133.27,Consumer,6.0
ORD-101300,2023-03-07,LATAM,Argentina,Grocery,Dark Chocolate 90%,marketplace,3,1021.29,0.0,3063.87,Consumer,13.0
ORD-102349,2023-03-07,LATAM,Brazil,Sports,Yoga Mat Pro,web,5,90.81,0.1,408.65,Consumer,7.0
ORD-102839,2023-03-07,North America,Canada,Sports,Yoga Mat Pro,retail,2,188.04,0.05,357.28,Consumer,2.0
ORD-102864,2023-03-07,APAC,Japan,Sports,Carbon Racket,web,2,93.56,0.2,149.7,Consumer,3.0
ORD-103288,2023-03-07,North America,United States,Electronics,4K Monitor,retail,2,268.34,0.15,456.18,Consumer,5.0
ORD-104497,2023-03-07,North America,Canada,Electronics,Noise Buds,retail,1,368.24,0.05,349.83,Consumer,2.0
ORD-104918,2023-03-07,North America,United States,Home,Cast Iron Pan,web,2,90.53,0.0,181.06,Consumer,3.0
ORD-100090,2023-03-08,APAC,Australia,Electronics,Laptop Air 13,marketplace,3,185.81,0.05,529.56,Consumer,5.0
ORD-100208,2023-03-08,EMEA,France,Electronics,Noise Buds,partner,3,179.7,0.0,539.1,SMB,3.0
ORD-100495,2023-03-08,EMEA,Spain,Sports,Yoga Mat Pro,web,3,77.65,0.0,232.95,Consumer,5.0
ORD-101547,2023-03-08,APAC,Singapore,Electronics,Laptop Air 13,retail,3,221.81,0.1,598.89,SMB,4.0
ORD-102210,2023-03-08,North America,Mexico,Electronics,Laptop Air 13,marketplace,2,263.11,0.0,526.22,Consumer,4.0
ORD-102374,2023-03-08,LATAM,Argentina,Grocery,Arabica Beans 1kg,partner,2,17.57,0.1,31.63,Consumer,10.0
ORD-102816,2023-03-08,LATAM,Brazil,Electronics,4K Monitor,web,5,555.14,0.05,2636.91,Consumer,8.0
ORD-103528,2023-03-08,North America,Mexico,Electronics,Laptop Air 13,partner,1,393.07,0.0,393.07,Consumer,1.0
ORD-104480,2023-03-08,APAC,Japan,Sports,Carbon Racket,partner,3,298.6,0.0,895.8,Consumer,7.0
ORD-100569,2023-03-09,North America,Mexico,Grocery,Arabica Beans 1kg,marketplace,4,11.72,0.05,44.54,Enterprise,1.0
ORD-101282,2023-03-09,North America,United States,Home,Espresso Maker,retail,2,66.07,0.0,132.14,Consumer,2.0
ORD-102810,2023-03-09,North America,United States,Beauty,Argan Shampoo,retail,4,85.33,0.0,341.32,SMB,3.0
ORD-102926,2023-03-09,North America,Canada,Beauty,Argan Shampoo,web,2,48.67,0.0,97.34,Consumer,3.0
ORD-103011,2023-03-09,EMEA,Germany,Home,Espresso Maker,web,1,115.71,0.1,104.14,Consumer,6.0
ORD-104145,2023-03-09,APAC,Singapore,Home,Espresso Maker,partner,4,26.16,0.0,104.64,Consumer,5.0
ORD-104308,2023-03-09,EMEA,Italy,Home,Espresso Maker,marketplace,3,42.2,0.0,126.6,Consumer,4.0
ORD-100130,2023-03-10,APAC,Japan,Electronics,Laptop Air 13,marketplace,5,430.77,0.2,1723.08,SMB,13.0
ORD-101072,2023-03-10,North America,Canada,Electronics,Noise Buds,partner,2,307.2,0.1,552.96,SMB,2.0
ORD-101467,2023-03-10,EMEA,Italy,Grocery,Dark Chocolate 90%,web,3,15.65,0.1,42.26,SMB,5.0
ORD-101735,2023-03-10,North America,Canada,Grocery,Olive Oil 750ml,web,4,21.6,0.05,82.08,SMB,1.0
ORD-102978,2023-03-10,North America,United States,Sports,Carbon Racket,retail,1,113.55,0.0,113.55,Consumer,2.0
ORD-103425,2023-03-10,North America,Canada,Sports,Trail Runners,web,1,99.49,0.1,89.54,SMB,7.0
ORD-104807,2023-03-10,LATAM,Chile,Electronics,4K Monitor,web,3,153.12,0.1,413.42,Consumer,8.0
ORD-100068,2023-03-11,North America,Canada,Grocery,Dark Chocolate 90%,web,4,15.4,0.1,55.44,Consumer,2.0
ORD-100218,2023-03-11,LATAM,Chile,Grocery,Olive Oil 750ml,marketplace,2,14.33,0.1,25.79,Consumer,6.0
ORD-101748,2023-03-11,APAC,Japan,Grocery,Olive Oil 750ml,web,3,21.43,0.0,64.29,Consumer,9.0
ORD-103681,2023-03-11,North America,Mexico,Beauty,Serum Vitamin C,marketplace,11,53.11,0.15,496.58,Enterprise,5.0
ORD-104084,2023-03-11,North America,Mexico,Beauty,Matte Lipstick,marketplace,4,66.76,0.2,213.63,Consumer,
ORD-100121,2023-03-12,LATAM,Chile,Grocery,Olive Oil 750ml,partner,3,36.44,0.0,109.32,Consumer,6.0
ORD-103135,2023-03-12,LATAM,Brazil,Sports,Carbon Racket,web,4,122.25,0.2,391.2,Consumer,6.0
ORD-104934,2023-03-12,North America,Mexico,Home,Cotton Duvet,web,1,106.41,0.05,101.09,SMB,4.0
ORD-101236,2023-03-13,North America,United States,Sports,Carbon Racket,partner,3,110.13,0.0,330.39,Consumer,1.0
ORD-102016,2023-03-13,LATAM,Chile,Electronics,Laptop Air 13,partner,6,135.06,0.0,810.36,Consumer,8.0
ORD-102456,2023-03-13,North America,Canada,Grocery,Olive Oil 750ml,web,2,17.78,0.1,32.0,Consumer,4.0
ORD-103332,2023-03-13,APAC,India,Sports,Carbon Racket,web,3,99.32,0.0,297.96,Consumer,6.0
ORD-101263,2023-03-14,LATAM,Brazil,Sports,Carbon Racket,web,3,109.4,0.0,328.2,Consumer,9.0
ORD-102079,2023-03-14,North America,United States,Home,Espresso Maker,web,4,172.64,0.05,656.03,Consumer,5.0
ORD-102793,2023-03-14,LATAM,Brazil,Sports,Trail Runners,web,4,169.41,0.0,677.64,Consumer,2.0
ORD-103347,2023-03-14,APAC,Japan,Sports,Yoga Mat Pro,retail,3,100.52,0.05,286.48,Consumer,3.0
ORD-104884,2023-03-14,APAC,Singapore,Sports,Yoga Mat Pro,marketplace,11,149.7,0.1,1482.03,Enterprise,8.0
ORD-101721,2023-03-15,EMEA,Italy,Electronics,Noise Buds,marketplace,1,281.87,0.15,239.59,Consumer,1.0
ORD-102235,2023-03-15,APAC,Singapore,Grocery,Arabica Beans 1kg,web,2,20.98,0.0,41.96,Consumer,3.0
ORD-102382,2023-03-15,North America,Canada,Beauty,Matte Lipstick,retail,3,41.23,0.05,117.51,SMB,2.0
ORD-104346,2023-03-15,APAC,Japan,Beauty,Matte Lipstick,marketplace,2,63.98,0.1,115.16,SMB,3.0
ORD-104898,2023-03-15,LATAM,Chile,Beauty,Serum Vitamin C,marketplace,2,41.93,0.0,83.86,Consumer,5.0
ORD-100402,2023-03-16,LATAM,Argentina,Beauty,Argan Shampoo,web,4,78.22,0.1,281.59,Consumer,7.0
ORD-101362,2023-03-16,APAC,Japan,Beauty,Serum Vitamin C,marketplace,3,35.85,0.0,107.55,SMB,11.0
ORD-102025,2023-03-16,APAC,Japan,Sports,Carbon Racket,partner,5,55.42,0.0,277.1,Consumer,7.0
ORD-102192,2023-03-16,North America,United States,Sports,Trail Runners,retail,3,161.53,0.0,484.59,SMB,5.0
ORD-102267,2023-03-16,APAC,India,Beauty,Serum Vitamin C,retail,2,30.84,0.05,58.6,SMB,9.0
ORD-102306,2023-03-16,North America,United States,Beauty,Serum Vitamin C,web,2,64.28,0.0,128.56,SMB,1.0
ORD-102939,2023-03-16,EMEA,Spain,Home,Cast Iron Pan,web,5,69.75,0.15,296.44,SMB,3.0
ORD-104657,2023-03-16,APAC,Japan,Sports,Yoga Mat Pro,web,1,169.74,0.1,152.77,SMB,7.0
ORD-100174,2023-03-17,APAC,Australia,Sports,Carbon Racket,marketplace,3,168.88,0.15,430.64,SMB,4.0
ORD-103034,2023-03-17,APAC,India,Electronics,Noise Buds,partner,1,158.12,0.15,134.4,SMB,4.0
ORD-103114,2023-03-17,North America,Mexico,Beauty,Matte Lipstick,web,4,35.32,0.05,134.22,Consumer,5.0
ORD-103472,2023-03-17,APAC,Japan,Grocery,Arabica Beans 1kg,retail,8,36.85,0.15,250.58,Enterprise,6.0
ORD-100034,2023-03-18,APAC,Singapore,Beauty,Matte Lipstick,marketplace,4,92.57,0.0,370.28,Consumer,4.0
ORD-101527,2023-03-18,EMEA,France,Grocery,Olive Oil 750ml,retail,2,35.6,0.05,67.64,SMB,4.0
ORD-101978,2023-03-18,EMEA,Italy,Sports,Carbon Racket,web,7,71.3,0.0,499.1,Consumer,2.0
ORD-102575,2023-03-18,EMEA,Germany,Sports,Carbon Racket,web,1,66.99,0.05,63.64,Consumer,3.0
ORD-104543,2023-03-18,EMEA,Spain,Electronics,Smart Watch,web,3,142.82,0.05,407.04,Consumer,6.0
ORD-100228,2023-03-19,North America,United States,Electronics,4K Monitor,web,4,204.67,0.0,818.68,Consumer,1.0
ORD-104356,2023-03-19,APAC,Singapore,Electronics,4K Monitor,marketplace,4,154.98,0.0,619.92,Consumer,3.0
ORD-104606,2023-03-19,APAC,Australia,Electronics,Noise Buds,web,1,210.19,0.05,199.68,SMB,12.0
ORD-100089,2023-03-20,LATAM,Argentina,Electronics,4K Monitor,retail,1,354.37,0.0,354.37,Consumer,2.0
ORD-100979,2023-03-20,LATAM,Brazil,Electronics,4K Monitor,web,6,127.54,0.0,765.24,Consumer,8.0
ORD-101089,2023-03-20,EMEA,Spain,Sports,Carbon Racket,retail,5,107.57,0.0,537.85,Consumer,3.0
ORD-102353,2023-03-20,North America,Mexico,Beauty,Serum Vitamin C,web,8,58.15,0.0,465.2,Enterprise,2.0
ORD-103646,2023-03-20,North America,United States,Home,Espresso Maker,web,1,110.04,0.0,110.04,Consumer,3.0
ORD-104071,2023-03-20,North America,Mexico,Home,Espresso Maker,marketplace,2,173.23,0.0,346.46,Consumer,4.0
ORD-104387,2023-03-20,EMEA,France,Grocery,Olive Oil 750ml,retail,3,23.68,0.05,67.49,SMB,4.0
ORD-100376,2023-03-21,North America,Canada,Home,Cast Iron Pan,web,3,43.18,0.0,129.54,SMB,5.0
ORD-100468,2023-03-21,EMEA,Spain,Sports,Trail Runners,partner,4,80.99,0.0,323.96,Consumer,11.0
ORD-100515,2023-03-21,North America,Canada,Electronics,Smart Watch,retail,2,167.23,0.0,334.46,Consumer,2.0
ORD-100743,2023-03-21,EMEA,France,Home,Cotton Duvet,partner,2,159.83,0.0,319.66,Consumer,5.0
ORD-101621,2023-03-21,North America,United States,Beauty,Matte Lipstick,web,2,49.24,0.0,98.48,SMB,1.0
ORD-101913,2023-03-21,LATAM,Argentina,Home,Desk Lamp,web,2,53.52,0.0,107.04,Consumer,9.0
ORD-104515,2023-03-21,APAC,Singapore,Electronics,Smart Watch,retail,3,155.47,0.15,396.45,SMB,8.0
ORD-100914,2023-03-22,EMEA,Italy,Sports,Trail Runners,partner,2,156.82,0.0,313.64,Enterprise,6.0
ORD-101245,2023-03-22,LATAM,Argentina,Sports,Carbon Racket,marketplace,3,76.84,0.05,218.99,Consumer,9.0
ORD-101635,2023-03-22,North America,United States,Electronics,Laptop Air 13,web,2,387.44,0.05,736.14,SMB,3.0
ORD-102155,2023-03-22,North America,Canada,Beauty,Serum Vitamin C,partner,4,38.4,0.0,153.6,Consumer,3.0
ORD-102519,2023-03-22,North America,United States,Beauty,Matte Lipstick,web,3,32.78,0.0,98.34,Consumer,5.0
ORD-102932,2023-03-22,LATAM,Argentina,Grocery,Olive Oil 750ml,web,1,27.93,0.0,27.93,Consumer,13.0
ORD-104505,2023-03-22,APAC,Singapore,Electronics,Laptop Air 13,retail,2,189.28,0.0,378.56,Consumer,10.0
ORD-104619,2023-03-22,North America,Mexico,Grocery,Dark Chocolate 90%,marketplace,2,33.58,0.05,63.8,Consumer,2.0
ORD-104748,2023-03-22,EMEA,Spain,Beauty,Matte Lipstick,web,2,69.91,0.0,139.82,Consumer,2.0
ORD-100127,2023-03-23,EMEA,Italy,Electronics,4K Monitor,web,1,134.3,0.0,134.3,Consumer,2.0
ORD-100414,2023-03-23,EMEA,Italy,Beauty,Matte Lipstick,partner,4,49.69,0.05,188.82,Consumer,
ORD-101136,2023-03-23,EMEA,Spain,Beauty,Matte Lipstick,web,3,32.11,0.05,91.51,Consumer,
ORD-102567,2023-03-23,APAC,India,Electronics,4K Monitor,retail,3,402.1,0.2,965.04,Consumer,11.0
ORD-102773,2023-03-23,North America,Canada,Beauty,Argan Shampoo,retail,2,47.97,0.0,95.94,Consumer,2.0
ORD-102775,2023-03-23,LATAM,Argentina,Electronics,4K Monitor,web,2,188.14,0.0,376.28,Consumer,7.0
ORD-103001,2023-03-23,APAC,Singapore,Sports,Trail Runners,marketplace,5,117.73,0.0,588.65,Consumer,4.0
ORD-104014,2023-03-23,EMEA,Germany,Home,Cast Iron Pan,partner,1,72.23,0.0,72.23,Consumer,2.0
ORD-104597,2023-03-23,North America,United States,Home,Espresso Maker,web,1,275.94,0.2,220.75,Consumer,4.0
ORD-104616,2023-03-23,North America,Canada,Home,Cast Iron Pan,web,2,88.28,0.0,176.56,Consumer,1.0
ORD-100442,2023-03-24,North America,Canada,Home,Espresso Maker,web,4,110.93,0.0,443.72,Consumer,6.0
ORD-101573,2023-03-24,EMEA,United Kingdom,Beauty,Serum Vitamin C,marketplace,2,36.96,0.0,73.92,Consumer,1.0
ORD-101801,2023-03-24,APAC,Japan,Sports,Trail Runners,web,2,152.53,0.0,305.06,Consumer,4.0
ORD-102057,2023-03-24,EMEA,Spain,Beauty,Serum Vitamin C,web,4,45.45,0.15,154.53,Consumer,5.0
ORD-102787,2023-03-24,EMEA,Italy,Electronics,4K Monitor,marketplace,3,487.26,0.05,1388.69,Consumer,3.0
ORD-103182,2023-03-24,North America,United States,Electronics,Laptop Air 13,marketplace,3,205.3,0.0,615.9,Consumer,10.0
ORD-103220,2023-03-24,North America,United States,Electronics,Noise Buds,web,3,369.41,0.0,1108.23,SMB,4.0
ORD-104144,2023-03-24,EMEA,Germany,Sports,Yoga Mat Pro,web,2,73.46,0.0,146.92,SMB,6.0
ORD-104809,2023-03-24,EMEA,United Kingdom,Beauty,Argan Shampoo,retail,3,47.73,0.05,136.03,Consumer,6.0
ORD-104896,2023-03-24,North America,Mexico,Electronics,Noise Buds,web,2,422.57,0.15,718.37,Consumer,3.0
ORD-101097,2023-03-25,EMEA,Italy,Electronics,Smart Watch,marketplace,3,503.5,0.0,1510.5,Consumer,5.0
ORD-103761,2023-03-25,EMEA,France,Electronics,Noise Buds,marketplace,6,414.09,0.0,2484.54,SMB,
ORD-103765,2023-03-25,EMEA,France,Home,Cotton Duvet,retail,6,58.67,0.15,299.22,SMB,1.0
ORD-104483,2023-03-25,North America,Canada,Home,Cast Iron Pan,partner,3,150.6,0.0,451.8,Consumer,1.0
ORD-104499,2023-03-25,EMEA,Germany,Sports,Trail Runners,marketplace,4,74.51,0.0,298.04,SMB,5.0
ORD-104611,2023-03-25,EMEA,Germany,Home,Espresso Maker,partner,4,79.62,0.0,318.48,Consumer,5.0
ORD-100435,2023-03-26,LATAM,Argentina,Electronics,Smart Watch,retail,1,164.05,0.0,164.05,Consumer,8.0
ORD-100502,2023-03-26,EMEA,Germany,Sports,Yoga Mat Pro,marketplace,1,225.97,0.0,225.97,SMB,4.0
ORD-101897,2023-03-26,North America,United States,Electronics,Noise Buds,web,2,195.72,0.0,391.44,Consumer,4.0
ORD-102968,2023-03-26,EMEA,Spain,Grocery,Arabica Beans 1kg,retail,6,29.89,0.05,170.37,Consumer,3.0
ORD-103652,2023-03-26,North America,Canada,Beauty,Argan Shampoo,retail,5,45.98,0.0,229.9,Consumer,3.0
ORD-104275,2023-03-26,North America,United States,Electronics,Smart Watch,partner,3,246.83,0.0,740.49,Consumer,2.0
ORD-104481,2023-03-26,North America,Canada,Electronics,Laptop Air 13,web,11,502.18,0.1,4971.58,Enterprise,4.0
ORD-100780,2023-03-27,APAC,Singapore,Electronics,4K Monitor,marketplace,2,209.64,0.0,419.28,Consumer,3.0
ORD-101104,2023-03-27,APAC,Australia,Home,Cast Iron Pan,marketplace,1,51.14,0.0,51.14,Consumer,6.0
ORD-102144,2023-03-27,LATAM,Brazil,Beauty,Argan Shampoo,retail,2,49.14,0.1,88.45,Consumer,8.0
ORD-102752,2023-03-27,North America,Canada,Grocery,Arabica Beans 1kg,marketplace,2,21.49,0.05,40.83,Consumer,5.0
ORD-103305,2023-03-27,North America,Canada,Electronics,Smart Watch,marketplace,4,126.29,0.0,505.16,Consumer,4.0
ORD-103787,2023-03-27,EMEA,Spain,Electronics,Smart Watch,marketplace,1,119.03,0.05,113.08,SMB,7.0
ORD-104750,2023-03-27,North America,United States,Beauty,Argan Shampoo,web,2,53.6,0.05,101.84,Consumer,4.0
ORD-101281,2023-03-29,North America,Mexico,Sports,Yoga Mat Pro,web,2,69.98,0.0,139.96,Consumer,2.0
ORD-101380,2023-03-29,EMEA,United Kingdom,Electronics,Noise Buds,web,1,446.32,0.05,424.0,Consumer,3.0
ORD-101556,2023-03-29,APAC,Australia,Home,Espresso Maker,marketplace,5,93.54,0.0,467.7,Enterprise,3.0
ORD-101828,2023-03-29,EMEA,Italy,Electronics,Laptop Air 13,retail,2,191.26,0.1,344.27,Consumer,4.0
ORD-102075,2023-03-29,EMEA,Germany,Home,Desk Lamp,partner,4,123.12,0.1,443.23,Consumer,5.0
ORD-102102,2023-03-29,EMEA,Germany,Sports,Yoga Mat Pro,retail,3,101.91,0.15,259.87,Consumer,5.0
ORD-103065,2023-03-29,EMEA,United Kingdom,Beauty,Argan Shampoo,marketplace,3,24.54,0.0,73.62,Consumer,7.0
ORD-104428,2023-03-29,North America,Canada,Grocery,Olive Oil 750ml,marketplace,3,16.5,0.2,39.6,SMB,5.0
ORD-104468,2023-03-29,EMEA,Italy,Sports,Yoga Mat Pro,web,4,108.99,0.2,348.77,Consumer,3.0
ORD-104724,2023-03-29,EMEA,Italy,Home,Espresso Maker,marketplace,1,77.4,0.0,77.4,Consumer,3.0
ORD-100516,2023-03-30,EMEA,Spain,Home,Desk Lamp,web,2,38.03,0.0,76.06,Consumer,3.0
ORD-101390,2023-03-30,EMEA,Italy,Home,Cast Iron Pan,marketplace,4,67.53,0.0,270.12,Consumer,2.0
ORD-102953,2023-03-30,North America,United States,Grocery,Olive Oil 750ml,marketplace,3,19.3,0.0,57.9,SMB,1.0
ORD-103267,2023-03-30,EMEA,United Kingdom,Electronics,Smart Watch,retail,3,303.84,0.0,911.52,Consumer,4.0
ORD-104062,2023-03-30,LATAM,Chile,Beauty,Matte Lipstick,marketplace,2,2007.04,0.0,4014.08,Consumer,3.0
ORD-100049,2023-03-31,North America,Canada,Home,Cast Iron Pan,web,3,62.82,0.2,150.77,Consumer,2.0
ORD-100115,2023-03-31,APAC,Japan,Sports,Carbon Racket,partner,6,156.05,0.05,889.48,Consumer,5.0
ORD-101070,2023-03-31,APAC,Australia,Home,Desk Lamp,retail,3,109.11,0.0,327.33,Consumer,4.0
ORD-101403,2023-03-31,EMEA,Spain,Beauty,Argan Shampoo,retail,2,96.29,0.05,182.95,Consumer,3.0
ORD-101477,2023-03-31,APAC,India,Beauty,Argan Shampoo,retail,2,43.9,0.05,83.41,Consumer,13.0
ORD-102028,2023-03-31,North America,Canada,Home,Desk Lamp,web,4,107.89,0.1,388.4,Consumer,7.0
ORD-102053,2023-03-31,APAC,Japan,Grocery,Dark Chocolate 90%,retail,5,25.52,0.0,127.6,SMB,10.0
ORD-102410,2023-03-31,APAC,India,Home,Desk Lamp,marketplace,6,59.78,0.0,358.68,SMB,8.0
ORD-103153,2023-03-31,LATAM,Brazil,Electronics,Laptop Air 13,marketplace,3,126.11,0.0,378.33,Consumer,7.0
ORD-103388,2023-03-31,North America,Mexico,Beauty,Matte Lipstick,retail,2,84.53,0.05,160.61,SMB,5.0
ORD-103851,2023-03-31,North America,Mexico,Home,Desk Lamp,retail,2,83.94,0.05,159.49,Consumer,1.0
ORD-101166,2023-04-01,LATAM,Brazil,Grocery,Olive Oil 750ml,web,3,15.88,0.1,42.88,SMB,4.0
ORD-102158,2023-04-01,North America,Mexico,Beauty,Matte Lipstick,marketplace,5,61.92,0.0,309.6,Consumer,
ORD-104019,2023-04-01,APAC,Singapore,Beauty,Argan Shampoo,marketplace,10,31.06,0.2,248.48,Enterprise,5.0
ORD-101095,2023-04-02,North America,United States,Sports,Yoga Mat Pro,web,6,100.79,0.0,604.74,Consumer,3.0
ORD-102624,2023-04-02,North America,United States,Home,Espresso Maker,partner,4,37.13,0.0,148.52,Consumer,3.0
ORD-103069,2023-04-02,EMEA,Spain,Sports,Carbon Racket,partner,2,85.21,0.0,170.42,Consumer,4.0
ORD-103828,2023-04-02,North America,United States,Sports,Carbon Racket,web,3,98.94,0.0,296.82,Consumer,3.0
ORD-104674,2023-04-02,North America,Mexico,Home,Espresso Maker,web,2,70.99,0.3,99.39,Consumer,2.0
ORD-104986,2023-04-02,North America,United States,Beauty,Matte Lipstick,web,1,39.17,0.1,35.25,SMB,2.0
ORD-104996,2023-04-02,North America,Mexico,Electronics,Smart Watch,retail,1,124.97,0.0,124.97,SMB,1.0
ORD-100112,2023-04-03,EMEA,France,Grocery,Dark Chocolate 90%,retail,5,18.45,0.0,92.25,Consumer,3.0
ORD-102050,2023-04-03,EMEA,France,Beauty,Serum Vitamin C,web,8,48.21,0.2,308.54,Enterprise,5.0
ORD-102221,2023-04-03,North America,United States,Electronics,Smart Watch,marketplace,7,297.11,0.0,2079.77,Enterprise,3.0
ORD-102240,2023-04-03,EMEA,United Kingdom,Grocery,Dark Chocolate 90%,marketplace,2,17.74,0.0,35.48,Consumer,3.0
ORD-102889,2023-04-03,APAC,Australia,Home,Desk Lamp,web,1,90.24,0.0,90.24,Consumer,3.0
ORD-103492,2023-04-03,EMEA,Italy,Sports,Trail Runners,marketplace,1,117.27,0.15,99.68,SMB,5.0
ORD-104025,2023-04-03,EMEA,Germany,Electronics,4K Monitor,marketplace,2,282.61,0.0,565.22,SMB,1.0
ORD-100664,2023-04-04,North America,Mexico,Sports,Trail Runners,web,4,221.27,0.05,840.83,Enterprise,1.0
ORD-101443,2023-04-04,North America,Mexico,Electronics,Noise Buds,web,6,279.97,0.1,1511.84,Enterprise,4.0
ORD-100821,2023-04-05,APAC,Australia,Sports,Trail Runners,marketplace,5,85.99,0.15,365.46,Consumer,5.0
ORD-100936,2023-04-05,North America,Canada,Beauty,Argan Shampoo,web,3,39.08,0.0,117.24,Consumer,2.0
ORD-101464,2023-04-05,LATAM,Argentina,Beauty,Matte Lipstick,partner,2,39.61,0.05,75.26,Consumer,6.0
ORD-102231,2023-04-05,North America,United States,Electronics,Noise Buds,web,4,179.46,0.0,717.84,Consumer,3.0
ORD-102581,2023-04-05,North America,Canada,Electronics,4K Monitor,retail,1,146.36,0.2,117.09,SMB,4.0
ORD-103235,2023-04-05,North America,Mexico,Grocery,Olive Oil 750ml,web,2,29.18,0.0,58.36,Consumer,5.0
ORD-103493,2023-04-05,North America,Canada,Home,Desk Lamp,web,3,76.32,0.0,228.96,Consumer,4.0
ORD-104971,2023-04-05,APAC,India,Home,Cast Iron Pan,retail,2,170.22,0.0,340.44,Consumer,6.0
ORD-100439,2023-04-06,EMEA,Italy,Electronics,Laptop Air 13,retail,1,437.61,0.0,437.61,SMB,1.0
ORD-100686,2023-04-06,North America,Mexico,Grocery,Dark Chocolate 90%,web,2,25.7,0.2,41.12,SMB,6.0
ORD-101752,2023-04-06,North America,Canada,Home,Desk Lamp,web,3,77.83,0.2,186.79,Consumer,4.0
ORD-101812,2023-04-06,North America,Mexico,Electronics,Laptop Air 13,marketplace,2,267.56,0.0,535.12,Consumer,1.0
ORD-102513,2023-04-06,LATAM,Argentina,Home,Cotton Duvet,retail,5,175.34,0.0,876.7,Consumer,9.0
ORD-102518,2023-04-06,LATAM,Brazil,Beauty,Argan Shampoo,partner,5,63.49,0.0,317.45,SMB,8.0
ORD-102882,2023-04-06,North America,Canada,Home,Desk Lamp,marketplace,2,63.5,0.0,127.0,Consumer,2.0
ORD-103390,2023-04-06,North America,Mexico,Grocery,Olive Oil 750ml,web,1,19.35,0.15,16.45,Consumer,3.0
ORD-103957,2023-04-06,APAC,Japan,Electronics,Laptop Air 13,retail,8,363.45,0.1,2616.84,Enterprise,5.0
ORD-104673,2023-04-06,EMEA,France,Home,Espresso Maker,marketplace,3,154.9,0.2,371.76,Consumer,7.0
ORD-104351,2023-04-07,EMEA,Spain,Home,Cotton Duvet,partner,2,77.1,0.0,154.2,Consumer,5.0
ORD-101566,2023-04-08,EMEA,United Kingdom,Sports,Carbon Racket,partner,3,86.42,0.0,259.26,Consumer,4.0
ORD-103061,2023-04-08,APAC,Singapore,Electronics,Noise Buds,web,4,73.05,0.05,277.59,Consumer,6.0
ORD-103160,2023-04-08,APAC,Singapore,Sports,Carbon Racket,marketplace,4,199.88,0.15,679.59,Enterprise,5.0
ORD-103508,2023-04-08,EMEA,France,Beauty,Serum Vitamin C,marketplace,5,60.6,0.15,257.55,Enterprise,6.0
ORD-100978,2023-04-09,North America,Canada,Beauty,Serum Vitamin C,retail,5,45.82,0.2,183.28,Consumer,1.0
ORD-102041,2023-04-09,EMEA,Italy,Home,Desk Lamp,web,1,97.05,0.1,87.34,SMB,5.0
ORD-102449,2023-04-09,North America,Canada,Grocery,Arabica Beans 1kg,retail,4,10.17,0.0,40.68,SMB,1.0
ORD-102782,2023-04-09,APAC,Singapore,Electronics,4K Monitor,marketplace,2,199.39,0.05,378.84,Consumer,11.0
ORD-102918,2023-04-09,LATAM,Argentina,Sports,Trail Runners,marketplace,3,165.97,0.15,423.22,SMB,5.0
ORD-103428,2023-04-09,APAC,Japan,Grocery,Arabica Beans 1kg,web,2,33.62,0.0,67.24,Consumer,8.0
ORD-104175,2023-04-09,North America,United States,Beauty,Serum Vitamin C,retail,2,34.02,0.0,68.04,Consumer,3.0
ORD-104414,2023-04-09,North America,Canada,Electronics,Laptop Air 13,retail,2,129.9,0.1,233.82,Consumer,1.0
ORD-100188,2023-04-10,APAC,Japan,Grocery,Arabica Beans 1kg,retail,1,11.06,0.05,10.51,SMB,8.0
ORD-101512,2023-04-10,North America,United States,Sports,Yoga Mat Pro,marketplace,3,257.18,0.05,732.96,SMB,3.0
ORD-102298,2023-04-10,APAC,Japan,Electronics,Laptop Air 13,web,3,324.37,0.0,973.11,Consumer,3.0
ORD-102428,2023-04-10,APAC,India,Beauty,Matte Lipstick,web,1,52.12,0.05,49.51,Consumer,3.0
ORD-103354,2023-04-10,LATAM,Brazil,Sports,Trail Runners,web,1,198.41,0.05,188.49,SMB,3.0
ORD-103574,2023-04-10,EMEA,Spain,Electronics,Laptop Air 13,marketplace,3,128.6,0.0,385.8,SMB,3.0
ORD-103739,2023-04-10,North America,Mexico,Home,Cotton Duvet,web,3,124.46,0.05,354.71,Consumer,2.0
ORD-104078,2023-04-10,EMEA,United Kingdom,Home,Espresso Maker,retail,1,80.78,0.0,80.78,Consumer,4.0
ORD-104267,2023-04-10,North America,Mexico,Home,Cotton Duvet,marketplace,1,41.7,0.0,41.7,Consumer,2.0
ORD-104631,2023-04-10,North America,Canada,Home,Espresso Maker,web,2,162.43,0.2,259.89,Consumer,1.0
ORD-104891,2023-04-10,APAC,India,Electronics,Noise Buds,partner,2,435.1,0.05,826.69,Consumer,8.0
ORD-100316,2023-04-11,LATAM,Argentina,Sports,Carbon Racket,web,3,99.65,0.1,269.06,Consumer,8.0
ORD-100752,2023-04-11,APAC,Singapore,Beauty,Argan Shampoo,marketplace,2,48.55,0.05,92.24,Consumer,9.0
ORD-101113,2023-04-11,EMEA,France,Beauty,Serum Vitamin C,web,2,38.71,0.0,77.42,Consumer,2.0
ORD-101882,2023-04-11,EMEA,United Kingdom,Electronics,Noise Buds,partner,4,147.23,0.0,588.92,Consumer,2.0
ORD-103121,2023-04-11,APAC,Singapore,Home,Espresso Maker,web,1,42.22,0.05,40.11,Consumer,3.0
ORD-103701,2023-04-11,North America,Canada,Beauty,Serum Vitamin C,marketplace,5,51.97,0.05,246.86,SMB,1.0
ORD-100387,2023-04-12,EMEA,Spain,Beauty,Serum Vitamin C,web,1,36.45,0.1,32.81,Consumer,2.0
ORD-101787,2023-04-12,EMEA,Germany,Sports,Yoga Mat Pro,web,2,125.11,0.0,250.22,Consumer,4.0
ORD-101791,2023-04-12,APAC,Singapore,Home,Desk Lamp,retail,1,65.78,0.05,62.49,Consumer,3.0
ORD-101871,2023-04-12,North America,Mexico,Beauty,Serum Vitamin C,retail,3,61.04,0.05,173.96,Consumer,4.0
ORD-102134,2023-04-12,EMEA,United Kingdom,Sports,Carbon Racket,web,9,139.48,0.1,1129.79,Enterprise,2.0
ORD-102948,2023-04-12,North America,Mexico,Electronics,Noise Buds,web,2,360.05,0.0,720.1,Consumer,3.0
ORD-104182,2023-04-12,EMEA,France,Sports,Carbon Racket,web,4,102.6,0.0,410.4,Consumer,4.0
ORD-100315,2023-04-13,APAC,India,Home,Desk Lamp,web,2,124.18,0.0,248.36,SMB,3.0
ORD-101726,2023-04-13,EMEA,France,Sports,Trail Runners,web,3,127.39,0.0,382.17,SMB,5.0
ORD-102014,2023-04-13,APAC,Australia,Sports,Yoga Mat Pro,marketplace,2,196.31,0.15,333.73,Consumer,3.0
ORD-102446,2023-04-13,North America,Mexico,Sports,Carbon Racket,marketplace,3,162.07,0.1,437.59,SMB,1.0
ORD-102815,2023-04-13,LATAM,Chile,Sports,Yoga Mat Pro,web,3,83.57,0.0,250.71,Consumer,6.0
ORD-103473,2023-04-13,North America,Mexico,Beauty,Argan Shampoo,web,3,59.49,0.05,169.55,Consumer,5.0
ORD-104100,2023-04-13,APAC,Australia,Home,Desk Lamp,marketplace,3,55.57,0.05,158.37,Consumer,4.0
ORD-104553,2023-04-13,APAC,Japan,Home,Desk Lamp,web,9,88.14,0.1,713.93,Enterprise,6.0
ORD-104569,2023-04-13,North America,United States,Electronics,Smart Watch,web,1,429.94,0.0,429.94,Consumer,2.0
ORD-100240,2023-04-14,North America,United States,Beauty,Serum Vitamin C,retail,1,27.78,0.15,23.61,SMB,4.0
ORD-101040,2023-04-14,North America,United States,Beauty,Matte Lipstick,web,4,37.62,0.15,127.91,SMB,3.0
ORD-101508,2023-04-14,North America,Canada,Beauty,Matte Lipstick,retail,4,36.69,0.0,146.76,SMB,6.0
ORD-102196,2023-04-14,North America,Canada,Home,Espresso Maker,web,8,49.71,0.1,357.91,Consumer,4.0
ORD-102495,2023-04-14,North America,Canada,Electronics,4K Monitor,marketplace,3,170.75,0.0,512.25,Consumer,1.0
ORD-103780,2023-04-14,EMEA,Germany,Sports,Yoga Mat Pro,web,4,241.85,0.0,967.4,Consumer,3.0
ORD-103833,2023-04-14,APAC,Japan,Home,Cotton Duvet,web,2,63.19,0.2,101.1,Consumer,4.0
ORD-104890,2023-04-14,North America,Canada,Electronics,Noise Buds,web,4,585.39,0.0,2341.56,Consumer,3.0
ORD-100800,2023-04-15,North America,Canada,Electronics,Laptop Air 13,web,2,2633.89,0.1,4741.0,Consumer,2.0
ORD-101643,2023-04-15,EMEA,United Kingdom,Beauty,Serum Vitamin C,web,8,40.52,0.3,226.91,Enterprise,3.0
ORD-102841,2023-04-15,EMEA,Spain,Beauty,Argan Shampoo,marketplace,2,72.41,0.0,144.82,Consumer,5.0
ORD-103534,2023-04-15,North America,United States,Beauty,Serum Vitamin C,web,1,36.51,0.0,36.51,Consumer,2.0
ORD-100627,2023-04-16,North America,Mexico,Grocery,Dark Chocolate 90%,web,3,22.2,0.2,53.28,SMB,4.0
ORD-100904,2023-04-16,North America,United States,Electronics,Noise Buds,marketplace,6,180.08,0.0,1080.48,Consumer,5.0
ORD-101421,2023-04-16,EMEA,Italy,Home,Espresso Maker,web,2,171.3,0.0,342.6,Consumer,5.0
ORD-102396,2023-04-16,APAC,India,Home,Desk Lamp,marketplace,2,56.74,0.05,107.81,Consumer,6.0
ORD-104101,2023-04-16,APAC,India,Home,Espresso Maker,retail,2,63.4,0.0,126.8,Consumer,7.0
ORD-104115,2023-04-16,North America,Mexico,Grocery,Olive Oil 750ml,web,8,17.54,0.05,133.3,Enterprise,4.0
ORD-100767,2023-04-17,North America,Canada,Electronics,Noise Buds,marketplace,4,246.57,0.1,887.65,Consumer,3.0
ORD-100828,2023-04-17,EMEA,France,Electronics,4K Monitor,web,3,186.95,0.05,532.81,Consumer,4.0
ORD-101101,2023-04-17,EMEA,Spain,Electronics,Noise Buds,marketplace,1,245.34,0.0,245.34,Consumer,6.0
ORD-102296,2023-04-17,LATAM,Argentina,Beauty,Argan Shampoo,partner,3,75.23,0.3,157.98,SMB,9.0
ORD-100029,2023-04-18,North America,United States,Home,Cast Iron Pan,marketplace,3,48.79,0.0,146.37,Consumer,2.0
ORD-100465,2023-04-18,EMEA,Germany,Home,Cotton Duvet,retail,3,149.16,0.05,425.11,Consumer,4.0
ORD-100476,2023-04-18,North America,Canada,Beauty,Matte Lipstick,web,1,34.51,0.05,32.78,Consumer,2.0
ORD-100503,2023-04-18,EMEA,Spain,Home,Cast Iron Pan,partner,2,86.81,0.0,173.62,Consumer,5.0
ORD-101580,2023-04-18,North America,Canada,Electronics,Laptop Air 13,web,2,230.02,0.1,414.04,Consumer,1.0
ORD-102037,2023-04-18,North America,United States,Electronics,Noise Buds,web,1,193.38,0.0,193.38,Consumer,7.0
ORD-103143,2023-04-18,APAC,India,Home,Espresso Maker,web,3,78.15,0.0,234.45,Consumer,8.0
ORD-103260,2023-04-18,EMEA,United Kingdom,Grocery,Arabica Beans 1kg,marketplace,1,14.62,0.05,13.89,SMB,8.0
ORD-103553,2023-04-18,APAC,Singapore,Sports,Yoga Mat Pro,retail,2,107.34,0.1,193.21,SMB,9.0
ORD-104073,2023-04-18,EMEA,Italy,Grocery,Dark Chocolate 90%,marketplace,1,16.97,0.05,16.12,Consumer,2.0
ORD-104797,2023-04-18,EMEA,Italy,Beauty,Matte Lipstick,partner,2,57.31,0.0,114.62,Consumer,5.0
ORD-100322,2023-04-19,North America,United States,Beauty,Argan Shampoo,web,3,40.03,0.0,120.09,SMB,2.0
ORD-101524,2023-04-19,EMEA,Germany,Grocery,Olive Oil 750ml,web,2,24.62,0.05,46.78,Consumer,5.0
ORD-102200,2023-04-19,APAC,Japan,Electronics,Noise Buds,partner,2,238.13,0.0,476.26,Consumer,2.0
ORD-102441,2023-04-19,North America,Mexico,Sports,Trail Runners,partner,13,125.3,0.1,1466.01,Enterprise,2.0
ORD-102510,2023-04-19,North America,Canada,Home,Cast Iron Pan,web,4,233.43,0.0,933.72,SMB,3.0
ORD-103489,2023-04-19,EMEA,United Kingdom,Home,Desk Lamp,marketplace,3,89.14,0.1,240.68,SMB,6.0
ORD-103670,2023-04-19,APAC,India,Electronics,Noise Buds,marketplace,2,77.0,0.15,130.9,Consumer,4.0
ORD-103725,2023-04-19,North America,Mexico,Electronics,Noise Buds,retail,3,541.19,0.05,1542.39,Consumer,5.0
ORD-103892,2023-04-19,North America,Canada,Electronics,Laptop Air 13,web,2,425.89,0.0,851.78,Consumer,4.0
ORD-104557,2023-04-19,North America,Mexico,Home,Espresso Maker,retail,1,96.14,0.15,81.72,Consumer,3.0
ORD-104765,2023-04-19,North America,Canada,Beauty,Matte Lipstick,web,5,37.96,0.0,189.8,SMB,3.0
ORD-100191,2023-04-20,APAC,Japan,Electronics,Smart Watch,marketplace,3,167.59,0.0,502.77,Consumer,5.0
ORD-100757,2023-04-20,North America,United States,Home,Cast Iron Pan,retail,3,197.25,0.0,591.75,SMB,1.0
ORD-102328,2023-04-20,APAC,Australia,Sports,Yoga Mat Pro,retail,3,94.36,0.0,283.08,Consumer,9.0
ORD-102772,2023-04-20,APAC,India,Home,Espresso Maker,marketplace,5,79.85,0.05,379.29,Consumer,5.0
ORD-103764,2023-04-20,North America,Canada,Electronics,Smart Watch,web,3,847.38,0.0,2542.14,Consumer,2.0
ORD-104668,2023-04-20,APAC,India,Electronics,Laptop Air 13,retail,3,232.35,0.0,697.05,Consumer,6.0
ORD-102597,2023-04-21,EMEA,Germany,Home,Desk Lamp,marketplace,1,106.34,0.0,106.34,Consumer,5.0
ORD-103373,2023-04-21,EMEA,Germany,Home,Desk Lamp,marketplace,3,169.18,0.0,507.54,Consumer,7.0
ORD-104829,2023-04-21,North America,Canada,Home,Cast Iron Pan,marketplace,4,71.34,0.1,256.82,Consumer,4.0
ORD-101420,2023-04-22,LATAM,Brazil,Sports,Trail Runners,partner,1,135.18,0.0,135.18,Consumer,9.0
ORD-102365,2023-04-22,North America,Canada,Home,Espresso Maker,retail,2,72.47,0.0,144.94,Consumer,6.0
ORD-100047,2023-04-23,North America,Mexico,Sports,Carbon Racket,partner,2,81.67,0.3,114.34,Consumer,2.0
ORD-101348,2023-04-23,APAC,India,Beauty,Argan Shampoo,partner,4,28.88,0.15,98.19,SMB,10.0
ORD-102400,2023-04-23,EMEA,Germany,Sports,Carbon Racket,web,5,233.92,0.1,1052.64,Consumer,4.0
ORD-100763,2023-04-24,EMEA,France,Beauty,Serum Vitamin C,partner,1,25.68,0.05,24.4,Consumer,6.0
ORD-100765,2023-04-24,EMEA,France,Beauty,Argan Shampoo,web,2,56.08,0.0,112.16,Consumer,11.0
ORD-100802,2023-04-24,North America,Canada,Home,Desk Lamp,marketplace,2,92.24,0.1,166.03,Consumer,3.0
ORD-101614,2023-04-24,North America,Canada,Sports,Trail Runners,web,1,122.15,0.0,122.15,Consumer,2.0
ORD-101677,2023-04-24,North America,Canada,Home,Cast Iron Pan,web,4,95.72,0.1,344.59,SMB,5.0
ORD-104076,2023-04-24,North America,Canada,Home,Cast Iron Pan,web,2,87.57,0.1,157.63,Consumer,5.0
ORD-104406,2023-04-24,LATAM,Chile,Electronics,Laptop Air 13,marketplace,3,328.22,0.0,984.66,Consumer,7.0
ORD-104922,2023-04-24,North America,United States,Home,Desk Lamp,web,4,151.82,0.0,607.28,Consumer,5.0
ORD-100540,2023-04-25,North America,United States,Home,Cotton Duvet,retail,1,93.93,0.1,84.54,Consumer,3.0
ORD-101114,2023-04-25,EMEA,Italy,Sports,Trail Runners,web,3,79.2,0.0,237.6,Consumer,6.0
ORD-101664,2023-04-25,North America,Mexico,Beauty,Serum Vitamin C,retail,2,35.02,0.0,70.04,Consumer,6.0
ORD-102480,2023-04-25,APAC,India,Home,Cast Iron Pan,marketplace,4,56.19,0.05,213.52,Consumer,7.0
ORD-102822,2023-04-25,North America,United States,Sports,Carbon Racket,web,2,31.0,0.05,58.9,Consumer,5.0
ORD-103287,2023-04-25,North America,United States,Beauty,Argan Shampoo,web,2,40.67,0.1,73.21,SMB,1.0
ORD-104116,2023-04-25,North America,United States,Electronics,4K Monitor,web,4,309.75,0.0,1239.0,Consumer,4.0
ORD-104157,2023-04-25,North America,United States,Home,Espresso Maker,web,1,134.76,0.05,128.02,Consumer,6.0
ORD-104775,2023-04-25,LATAM,Argentina,Home,Cast Iron Pan,marketplace,3,93.04,0.0,279.12,Consumer,9.0
ORD-102244,2023-04-26,APAC,Australia,Electronics,4K Monitor,retail,4,70.87,0.0,283.48,Consumer,9.0
ORD-102280,2023-04-26,APAC,Japan,Beauty,Argan Shampoo,web,1,108.27,0.1,97.44,Consumer,7.0
ORD-102797,2023-04-26,APAC,India,Beauty,Argan Shampoo,partner,4,18.63,0.05,70.79,SMB,5.0
ORD-103247,2023-04-26,EMEA,United Kingdom,Home,Cast Iron Pan,web,1,245.96,0.05,233.66,Consumer,4.0
ORD-104903,2023-04-26,APAC,Singapore,Electronics,Laptop Air 13,marketplace,2,253.34,0.05,481.35,Consumer,5.0
ORD-103297,2023-04-27,EMEA,Germany,Grocery,Arabica Beans 1kg,web,3,10.16,0.05,28.96,Consumer,4.0
ORD-103397,2023-04-27,APAC,India,Home,Cotton Duvet,web,4,80.23,0.0,320.92,SMB,1.0
ORD-103628,2023-04-27,APAC,India,Sports,Yoga Mat Pro,web,2,39.01,0.1,70.22,SMB,4.0
ORD-103818,2023-04-27,North America,United States,Home,Cast Iron Pan,web,1,68.55,0.0,68.55,Consumer,4.0
ORD-104396,2023-04-27,LATAM,Brazil,Sports,Carbon Racket,marketplace,3,321.02,0.0,963.06,SMB,9.0
ORD-104694,2023-04-27,North America,Mexico,Grocery,Olive Oil 750ml,retail,2,17.96,0.15,30.53,Consumer,3.0
ORD-101177,2023-04-28,North America,Mexico,Home,Cotton Duvet,retail,5,59.16,0.0,295.8,Consumer,7.0
ORD-101325,2023-04-28,North America,United States,Electronics,Laptop Air 13,web,10,142.16,0.2,1137.28,Enterprise,3.0
ORD-102205,2023-04-28,EMEA,Germany,Grocery,Arabica Beans 1kg,marketplace,2,22.01,0.0,44.02,Consumer,5.0
ORD-102615,2023-04-28,North America,Canada,Home,Cotton Duvet,web,8,64.08,0.2,410.11,Enterprise,1.0
ORD-103202,2023-04-28,North America,Canada,Electronics,Noise Buds,partner,4,534.44,0.0,2137.76,Consumer,3.0
ORD-100665,2023-04-29,EMEA,Germany,Electronics,Laptop Air 13,web,3,52.92,0.05,150.82,Consumer,7.0
ORD-101442,2023-04-30,North America,United States,Home,Cotton Duvet,retail,1,50.47,0.0,50.47,Consumer,4.0
ORD-102086,2023-04-30,North America,Canada,Beauty,Argan Shampoo,marketplace,9,24.04,0.1,194.72,Enterprise,3.0
ORD-103518,2023-04-30,LATAM,Argentina,Electronics,Smart Watch,web,3,314.79,0.05,897.15,Consumer,9.0
ORD-100907,2023-05-01,North America,United States,Home,Cast Iron Pan,retail,5,99.05,0.2,396.2,Enterprise,3.0
ORD-101628,2023-05-01,LATAM,Chile,Electronics,Laptop Air 13,web,4,100.3,0.0,401.2,Consumer,5.0
ORD-101979,2023-05-01,LATAM,Argentina,Grocery,Olive Oil 750ml,web,2,23.09,0.05,43.87,SMB,9.0
ORD-104651,2023-05-01,EMEA,Italy,Electronics,Smart Watch,web,3,347.07,0.3,728.85,Consumer,5.0
ORD-100075,2023-05-02,EMEA,United Kingdom,Home,Desk Lamp,marketplace,2,76.81,0.0,153.62,Consumer,2.0
ORD-100917,2023-05-02,EMEA,Italy,Home,Cast Iron Pan,marketplace,2,95.24,0.1,171.43,Consumer,3.0
ORD-101102,2023-05-02,EMEA,France,Electronics,Noise Buds,marketplace,3,121.53,0.0,364.59,Consumer,3.0
ORD-101170,2023-05-02,APAC,Japan,Electronics,4K Monitor,web,3,213.62,0.0,640.86,Consumer,8.0
ORD-102538,2023-05-02,North America,United States,Beauty,Argan Shampoo,web,4,36.86,0.0,147.44,Consumer,2.0
ORD-102928,2023-05-02,North America,United States,Beauty,Matte Lipstick,partner,2,49.81,0.0,99.62,Consumer,1.0
ORD-103423,2023-05-02,EMEA,Spain,Grocery,Olive Oil 750ml,web,4,30.48,0.15,103.63,Consumer,3.0
ORD-103823,2023-05-02,EMEA,Germany,Grocery,Dark Chocolate 90%,marketplace,2,25.23,0.0,50.46,Consumer,2.0
ORD-103971,2023-05-02,North America,Canada,Sports,Carbon Racket,web,1,108.85,0.2,87.08,Consumer,1.0
ORD-104168,2023-05-02,EMEA,France,Electronics,4K Monitor,retail,10,117.46,0.1,1057.14,Enterprise,6.0
ORD-100173,2023-05-03,North America,Mexico,Electronics,Laptop Air 13,marketplace,2,120.5,0.0,241.0,SMB,2.0
ORD-101417,2023-05-03,LATAM,Chile,Home,Cotton Duvet,retail,3,88.13,0.0,264.39,Consumer,6.0
ORD-102242,2023-05-03,North America,Canada,Home,Espresso Maker,marketplace,2,58.47,0.0,116.94,Consumer,4.0
ORD-103077,2023-05-03,North America,Mexico,Beauty,Matte Lipstick,web,2,41.62,0.15,70.75,SMB,1.0
ORD-103623,2023-05-03,EMEA,Italy,Sports,Carbon Racket,web,1,145.04,0.0,145.04,SMB,3.0
ORD-103657,2023-05-03,North America,United States,Home,Desk Lamp,web,2,96.1,0.05,182.59,Enterprise,1.0
ORD-104560,2023-05-03,North America,Mexico,Home,Cotton Duvet,web,3,35.63,0.0,106.89,Consumer,1.0
ORD-104904,2023-05-03,APAC,India,Home,Cotton Duvet,web,2,58.8,0.05,111.72,Consumer,10.0
ORD-104984,2023-05-03,North America,United States,Electronics,Smart Watch,web,3,222.46,0.0,667.38,Consumer,2.0
ORD-101330,2023-05-04,APAC,Japan,Beauty,Matte Lipstick,web,3,21.06,0.05,60.02,SMB,2.0
ORD-102234,2023-05-04,North America,Canada,Grocery,Olive Oil 750ml,retail,10,27.59,0.15,234.52,Enterprise,1.0
ORD-102427,2023-05-04,APAC,Singapore,Electronics,Laptop Air 13,retail,1,96.42,0.05,91.6,SMB,5.0
ORD-103261,2023-05-04,North America,United States,Electronics,Laptop Air 13,marketplace,8,121.65,0.0,973.2,Enterprise,6.0
ORD-100519,2023-05-05,LATAM,Brazil,Electronics,Noise Buds,web,1,331.35,0.0,331.35,Consumer,8.0
ORD-101961,2023-05-05,North America,Mexico,Home,Cotton Duvet,marketplace,2,78.16,0.15,132.87,SMB,2.0
ORD-102598,2023-05-05,North America,Mexico,Grocery,Arabica Beans 1kg,marketplace,1,21.21,0.05,20.15,SMB,4.0
ORD-103243,2023-05-05,North America,Canada,Electronics,Laptop Air 13,web,7,399.49,0.15,2376.97,Enterprise,6.0
ORD-103689,2023-05-05,North America,Mexico,Beauty,Serum Vitamin C,marketplace,4,30.35,0.3,84.98,Consumer,3.0
ORD-104457,2023-05-05,EMEA,Germany,Beauty,Argan Shampoo,web,1,63.14,0.05,59.98,SMB,3.0
ORD-101155,2023-05-06,APAC,Australia,Electronics,Noise Buds,web,3,258.87,0.0,776.61,Consumer,3.0
ORD-101839,2023-05-06,North America,Canada,Electronics,Noise Buds,retail,6,168.85,0.0,1013.1,Enterprise,3.0
ORD-102674,2023-05-06,North America,United States,Electronics,Laptop Air 13,web,2,214.85,0.0,429.7,Consumer,3.0
ORD-103127,2023-05-06,APAC,Australia,Beauty,Matte Lipstick,web,2,27.7,0.0,55.4,Consumer,3.0
ORD-103132,2023-05-06,North America,United States,Electronics,Noise Buds,web,3,354.59,0.05,1010.58,Consumer,2.0
ORD-103680,2023-05-06,APAC,India,Electronics,Noise Buds,marketplace,3,80.67,0.0,242.01,Consumer,8.0
ORD-101270,2023-05-07,EMEA,United Kingdom,Home,Desk Lamp,partner,4,76.46,0.1,275.26,Consumer,6.0
ORD-103213,2023-05-07,APAC,India,Home,Cast Iron Pan,marketplace,2,103.15,0.2,165.04,Consumer,6.0
ORD-104297,2023-05-07,EMEA,Italy,Home,Cast Iron Pan,retail,7,73.27,0.0,512.89,Consumer,3.0
ORD-100220,2023-05-08,EMEA,Italy,Grocery,Arabica Beans 1kg,retail,2,34.21,0.0,68.42,SMB,4.0
ORD-101041,2023-05-08,APAC,India,Sports,Yoga Mat Pro,marketplace,3,171.06,0.05,487.52,Consumer,
ORD-101042,2023-05-08,APAC,Australia,Electronics,Smart Watch,marketplace,2,212.33,0.15,360.96,Enterprise,6.0
ORD-101086,2023-05-08,North America,United States,Grocery,Arabica Beans 1kg,web,2,15.19,0.05,28.86,Consumer,5.0
ORD-101110,2023-05-08,EMEA,France,Beauty,Matte Lipstick,retail,2,22.95,0.0,45.9,SMB,3.0
ORD-102818,2023-05-08,LATAM,Brazil,Home,Espresso Maker,marketplace,3,76.1,0.0,228.3,Consumer,9.0
ORD-103672,2023-05-08,North America,Mexico,Home,Espresso Maker,web,2,137.39,0.0,274.78,Consumer,2.0
ORD-103752,2023-05-08,North America,Mexico,Electronics,Laptop Air 13,web,9,210.12,0.1,1701.97,Enterprise,2.0
ORD-104311,2023-05-08,APAC,Japan,Grocery,Arabica Beans 1kg,web,1,19.69,0.0,19.69,SMB,2.0
ORD-104640,2023-05-08,APAC,Australia,Electronics,Smart Watch,web,8,235.63,0.05,1790.79,Enterprise,6.0
ORD-100131,2023-05-09,North America,Canada,Home,Desk Lamp,marketplace,3,60.87,0.0,182.61,SMB,3.0
ORD-102130,2023-05-09,EMEA,France,Sports,Yoga Mat Pro,marketplace,3,306.86,0.0,920.58,Consumer,5.0
ORD-103052,2023-05-09,EMEA,Spain,Electronics,Laptop Air 13,web,4,218.95,0.0,875.8,SMB,4.0
ORD-104634,2023-05-09,North America,Canada,Electronics,Noise Buds,retail,2,96.64,0.0,193.28,Consumer,2.0
ORD-100024,2023-05-10,North America,Mexico,Electronics,Smart Watch,marketplace,3,200.37,0.2,480.89,Consumer,2.0
ORD-102572,2023-05-10,North America,Canada,Electronics,Laptop Air 13,web,3,144.46,0.05,411.71,Consumer,2.0
ORD-103802,2023-05-10,APAC,India,Beauty,Serum Vitamin C,web,5,73.68,0.05,349.98,Enterprise,4.0
ORD-104792,2023-05-10,North America,Mexico,Home,Espresso Maker,web,3,49.64,0.05,141.47,SMB,
ORD-102029,2023-05-11,North America,United States,Grocery,Olive Oil 750ml,retail,2,21.54,0.0,43.08,Consumer,7.0
ORD-103031,2023-05-11,APAC,Japan,Beauty,Matte Lipstick,marketplace,9,64.09,0.1,519.13,Enterprise,9.0
ORD-103312,2023-05-11,North America,Mexico,Sports,Carbon Racket,web,1,105.85,0.0,105.85,SMB,10.0
ORD-104939,2023-05-11,North America,Canada,Electronics,Smart Watch,partner,2,93.32,0.05,177.31,Consumer,1.0
ORD-100723,2023-05-12,North America,United States,Sports,Trail Runners,retail,7,80.8,0.05,537.32,Enterprise,4.0
ORD-101695,2023-05-12,North America,United States,Electronics,Noise Buds,web,1,302.63,0.0,302.63,SMB,1.0
ORD-101892,2023-05-12,North America,Mexico,Sports,Carbon Racket,web,1,84.24,0.05,80.03,SMB,3.0
ORD-101920,2023-05-12,North America,Canada,Grocery,Arabica Beans 1kg,marketplace,6,23.08,0.05,131.56,Enterprise,4.0
ORD-103921,2023-05-12,EMEA,Italy,Home,Cast Iron Pan,marketplace,4,45.44,0.0,181.76,SMB,6.0
ORD-104624,2023-05-12,EMEA,France,Beauty,Serum Vitamin C,retail,2,142.33,0.05,270.43,Consumer,5.0
ORD-101879,2023-05-13,North America,Mexico,Beauty,Argan Shampoo,marketplace,2,31.13,0.0,62.26,Consumer,4.0
ORD-102726,2023-05-13,APAC,Australia,Electronics,4K Monitor,web,4,206.19,0.2,659.81,Consumer,2.0
ORD-102835,2023-05-13,North America,Canada,Sports,Trail Runners,web,2,107.9,0.0,215.8,SMB,3.0
ORD-103064,2023-05-13,EMEA,France,Home,Cotton Duvet,web,1,119.55,0.0,119.55,Consumer,5.0
ORD-103417,2023-05-13,North America,United States,Sports,Carbon Racket,retail,3,99.38,0.2,238.51,Consumer,4.0
ORD-104067,2023-05-13,EMEA,Germany,Grocery,Arabica Beans 1kg,marketplace,2,25.12,0.0,50.24,SMB,5.0
ORD-100388,2023-05-14,North America,United States,Home,Espresso Maker,web,5,68.7,0.0,343.5,SMB,2.0
ORD-101366,2023-05-14,EMEA,France,Home,Cast Iron Pan,partner,1,117.82,0.0,117.82,Consumer,6.0
ORD-102249,2023-05-14,North America,Mexico,Grocery,Arabica Beans 1kg,marketplace,4,20.29,0.0,81.16,Consumer,1.0
ORD-102463,2023-05-14,APAC,Australia,Grocery,Olive Oil 750ml,marketplace,3,24.89,0.0,74.67,Consumer,5.0
ORD-104629,2023-05-14,North America,Mexico,Beauty,Serum Vitamin C,retail,2,49.19,0.2,78.7,Consumer,3.0
ORD-104688,2023-05-14,APAC,India,Beauty,Serum Vitamin C,web,4,33.27,0.15,113.12,Consumer,2.0
ORD-104753,2023-05-14,EMEA,Italy,Grocery,Dark Chocolate 90%,marketplace,7,35.84,0.05,238.34,Enterprise,3.0
ORD-100383,2023-05-15,North America,Canada,Sports,Trail Runners,marketplace,1,101.43,0.0,101.43,Consumer,1.0
ORD-100464,2023-05-15,EMEA,France,Beauty,Serum Vitamin C,web,3,53.32,0.0,159.96,SMB,3.0
ORD-101916,2023-05-15,LATAM,Brazil,Electronics,Laptop Air 13,web,1,265.21,0.1,238.69,Consumer,12.0
ORD-102147,2023-05-15,APAC,Singapore,Electronics,Laptop Air 13,retail,3,389.45,0.0,1168.35,Consumer,6.0
ORD-103595,2023-05-15,EMEA,United Kingdom,Home,Espresso Maker,web,3,72.78,0.0,218.34,SMB,5.0
ORD-100479,2023-05-16,North America,United States,Electronics,Smart Watch,retail,3,71.67,0.15,182.76,SMB,3.0
ORD-101215,2023-05-16,North America,United States,Sports,Trail Runners,partner,5,69.96,0.1,314.82,Consumer,1.0
ORD-101957,2023-05-16,North America,Mexico,Electronics,Smart Watch,retail,2,177.26,0.05,336.79,Consumer,4.0
ORD-102696,2023-05-16,APAC,Australia,Beauty,Matte Lipstick,marketplace,4,44.78,0.0,179.12,Consumer,4.0
ORD-103199,2023-05-16,North America,Mexico,Beauty,Matte Lipstick,web,2,52.1,0.1,93.78,SMB,1.0
ORD-104017,2023-05-16,North America,Canada,Grocery,Arabica Beans 1kg,marketplace,1,30.21,0.05,28.7,Consumer,5.0
ORD-104482,2023-05-16,LATAM,Brazil,Grocery,Olive Oil 750ml,marketplace,2,18.68,0.1,33.62,SMB,5.0
ORD-104763,2023-05-16,EMEA,Germany,Electronics,Smart Watch,retail,2,122.09,0.0,244.18,Consumer,2.0
ORD-104803,2023-05-16,North America,Canada,Beauty,Serum Vitamin C,marketplace,2,54.6,0.0,109.2,Consumer,5.0
ORD-102131,2023-05-17,EMEA,Italy,Sports,Yoga Mat Pro,web,4,37.73,0.1,135.83,SMB,2.0
ORD-103032,2023-05-17,APAC,Australia,Home,Desk Lamp,marketplace,7,59.52,0.1,374.98,Enterprise,6.0
ORD-103074,2023-05-17,EMEA,Italy,Home,Cotton Duvet,web,2,101.7,0.2,162.72,Consumer,3.0
ORD-103618,2023-05-17,EMEA,Spain,Home,Espresso Maker,web,4,66.34,0.1,238.82,Consumer,4.0
ORD-104295,2023-05-17,EMEA,Italy,Home,Espresso Maker,web,2,69.3,0.05,131.67,SMB,8.0
ORD-104889,2023-05-17,North America,Canada,Electronics,Smart Watch,web,3,217.16,0.05,618.91,Consumer,1.0
ORD-100807,2023-05-18,North America,Mexico,Beauty,Serum Vitamin C,web,3,35.1,0.05,100.04,SMB,4.0
ORD-101511,2023-05-18,EMEA,France,Electronics,Noise Buds,web,2,99.17,0.1,178.51,SMB,4.0
ORD-101870,2023-05-18,EMEA,Spain,Electronics,Noise Buds,web,2,320.08,0.15,544.14,Consumer,
ORD-101911,2023-05-18,APAC,Singapore,Sports,Trail Runners,marketplace,4,231.24,0.0,924.96,Consumer,5.0
ORD-102483,2023-05-18,North America,Canada,Sports,Carbon Racket,web,4,174.08,0.0,696.32,Consumer,5.0
ORD-102891,2023-05-18,EMEA,Italy,Home,Cast Iron Pan,partner,3,53.12,0.0,159.36,Consumer,3.0
ORD-104442,2023-05-18,LATAM,Chile,Sports,Yoga Mat Pro,marketplace,1,138.45,0.0,138.45,Consumer,6.0
ORD-100022,2023-05-19,EMEA,Spain,Grocery,Olive Oil 750ml,web,3,22.43,0.0,67.29,Consumer,1.0
ORD-100035,2023-05-19,EMEA,Italy,Electronics,Laptop Air 13,web,2,647.61,0.1,1165.7,SMB,4.0
ORD-100680,2023-05-19,LATAM,Argentina,Home,Cast Iron Pan,retail,2,51.77,0.2,82.83,Consumer,6.0
ORD-100690,2023-05-19,North America,Canada,Home,Desk Lamp,retail,1,137.34,0.1,123.61,Consumer,5.0
ORD-100920,2023-05-19,LATAM,Argentina,Electronics,Noise Buds,marketplace,4,209.27,0.1,753.37,SMB,6.0
ORD-101387,2023-05-19,EMEA,Germany,Electronics,Smart Watch,web,5,235.72,0.3,825.02,Enterprise,4.0
ORD-103016,2023-05-19,North America,Mexico,Home,Cotton Duvet,marketplace,1,204.14,0.0,204.14,SMB,3.0
ORD-103329,2023-05-19,APAC,India,Beauty,Matte Lipstick,web,1,30.68,0.0,30.68,Consumer,9.0
ORD-104208,2023-05-19,North America,United States,Electronics,Laptop Air 13,marketplace,2,290.72,0.0,581.44,Consumer,4.0
ORD-100180,2023-05-20,APAC,India,Home,Cotton Duvet,web,2,42.56,0.0,85.12,Consumer,8.0
ORD-100227,2023-05-20,EMEA,France,Sports,Yoga Mat Pro,marketplace,3,161.61,0.0,484.83,Consumer,8.0
ORD-103852,2023-05-20,LATAM,Argentina,Beauty,Argan Shampoo,partner,3,43.18,0.0,129.54,Consumer,10.0
ORD-104472,2023-05-20,APAC,India,Electronics,Smart Watch,web,1,413.07,0.0,413.07,Consumer,9.0
ORD-104787,2023-05-20,North America,Canada,Beauty,Matte Lipstick,web,2,35.32,0.05,67.11,Consumer,5.0
ORD-100165,2023-05-21,North America,United States,Sports,Carbon Racket,marketplace,9,198.32,0.1,1606.39,Enterprise,2.0
ORD-100422,2023-05-21,EMEA,France,Home,Espresso Maker,retail,1,95.68,0.05,90.9,SMB,3.0
ORD-103237,2023-05-21,APAC,India,Sports,Yoga Mat Pro,web,2,122.95,0.05,233.6,Consumer,5.0
ORD-103850,2023-05-21,North America,Canada,Electronics,Smart Watch,marketplace,5,293.3,0.0,1466.5,SMB,3.0
ORD-104005,2023-05-21,North America,Canada,Beauty,Argan Shampoo,web,4,38.13,0.05,144.89,Consumer,2.0
ORD-104105,2023-05-21,North America,Canada,Electronics,Smart Watch,partner,3,178.08,0.15,454.1,Consumer,3.0
ORD-104276,2023-05-21,North America,Canada,Beauty,Argan Shampoo,marketplace,2,63.77,0.15,108.41,Consumer,3.0
ORD-104439,2023-05-21,LATAM,Brazil,Home,Desk Lamp,web,4,47.02,0.0,188.08,Consumer,9.0
ORD-104461,2023-05-21,LATAM,Argentina,Grocery,Olive Oil 750ml,web,1,19.06,0.05,18.11,SMB,11.0
ORD-100398,2023-05-22,North America,Canada,Electronics,Smart Watch,web,1,231.02,0.0,231.02,Consumer,5.0
ORD-100929,2023-05-22,North America,United States,Home,Espresso Maker,web,6,73.28,0.15,373.73,Enterprise,1.0
ORD-103179,2023-05-22,EMEA,Spain,Electronics,4K Monitor,web,3,65.6,0.0,196.8,Consumer,5.0
ORD-103198,2023-05-22,APAC,Australia,Beauty,Matte Lipstick,web,2,29.75,0.0,59.5,SMB,4.0
ORD-103797,2023-05-22,North America,Canada,Grocery,Arabica Beans 1kg,partner,2,25.19,0.0,50.38,Consumer,1.0
ORD-104228,2023-05-22,EMEA,France,Sports,Yoga Mat Pro,web,1,146.67,0.0,146.67,SMB,3.0
ORD-100142,2023-05-23,EMEA,France,Grocery,Dark Chocolate 90%,retail,2,13.5,0.2,21.6,Consumer,3.0
ORD-100332,2023-05-23,LATAM,Chile,Home,Espresso Maker,retail,2,129.68,0.05,246.39,Consumer,14.0
ORD-100420,2023-05-23,North America,Canada,Grocery,Arabica Beans 1kg,web,4,10.08,0.1,36.29,SMB,4.0
ORD-101531,2023-05-23,EMEA,Spain,Home,Cast Iron Pan,web,2,147.94,0.05,281.09,SMB,1.0
ORD-103597,2023-05-23,APAC,Australia,Grocery,Dark Chocolate 90%,web,3,24.52,0.1,66.2,SMB,2.0
ORD-104777,2023-05-23,APAC,Australia,Sports,Trail Runners,marketplace,7,70.4,0.15,418.88,Enterprise,9.0
ORD-100179,2023-05-24,EMEA,Italy,Beauty,Argan Shampoo,marketplace,10,44.69,0.15,379.86,Enterprise,9.0
ORD-100181,2023-05-24,LATAM,Argentina,Electronics,Smart Watch,partner,4,404.57,0.05,1537.37,Consumer,5.0
ORD-100528,2023-05-24,North America,Mexico,Sports,Carbon Racket,marketplace,3,4096.6,0.0,12289.8,Consumer,4.0
ORD-101315,2023-05-24,LATAM,Argentina,Electronics,4K Monitor,marketplace,2,261.23,0.0,522.46,Consumer,6.0
ORD-101378,2023-05-24,EMEA,United Kingdom,Home,Desk Lamp,marketplace,2,105.22,0.1,189.4,Consumer,2.0
ORD-101479,2023-05-24,EMEA,Germany,Electronics,Noise Buds,web,2,277.32,0.05,526.91,Consumer,2.0
ORD-102233,2023-05-24,North America,United States,Electronics,Noise Buds,marketplace,4,199.41,0.15,677.99,Consumer,4.0
ORD-103372,2023-05-24,EMEA,Italy,Home,Espresso Maker,web,3,82.54,0.05,235.24,SMB,6.0
ORD-103637,2023-05-24,EMEA,France,Beauty,Serum Vitamin C,marketplace,2,51.02,0.0,102.04,Consumer,2.0
ORD-103991,2023-05-24,APAC,India,Beauty,Matte Lipstick,retail,3,50.61,0.0,151.83,Consumer,10.0
ORD-100367,2023-05-25,APAC,Australia,Electronics,Noise Buds,web,6,223.27,0.15,1138.68,Enterprise,3.0
ORD-100905,2023-05-25,APAC,Australia,Home,Espresso Maker,web,5,44.85,0.0,224.25,SMB,7.0
ORD-101135,2023-05-25,North America,United States,Sports,Trail Runners,marketplace,4,92.18,0.1,331.85,SMB,3.0
ORD-101792,2023-05-25,APAC,Singapore,Home,Desk Lamp,retail,4,155.3,0.05,590.14,SMB,11.0
ORD-102138,2023-05-25,North America,United States,Electronics,4K Monitor,partner,11,231.03,0.05,2414.26,Enterprise,1.0
ORD-103245,2023-05-25,LATAM,Chile,Home,Cast Iron Pan,partner,3,77.39,0.0,232.17,Consumer,4.0
ORD-103324,2023-05-25,North America,United States,Home,Cast Iron Pan,web,1,60.52,0.0,60.52,SMB,2.0
ORD-100143,2023-05-26,LATAM,Chile,Home,Cotton Duvet,web,1,82.03,0.05,77.93,SMB,3.0
ORD-101208,2023-05-26,North America,Canada,Beauty,Serum Vitamin C,retail,1,57.08,0.0,57.08,Consumer,8.0
ORD-101619,2023-05-26,APAC,Australia,Sports,Trail Runners,web,1,281.54,0.15,239.31,Consumer,6.0
ORD-102320,2023-05-26,North America,Canada,Sports,Carbon Racket,marketplace,3,122.59,0.0,367.77,Consumer,4.0
ORD-103883,2023-05-26,APAC,Singapore,Beauty,Matte Lipstick,web,1,46.58,0.0,46.58,Consumer,8.0
ORD-104815,2023-05-26,North America,United States,Home,Cast Iron Pan,marketplace,3,92.26,0.1,249.1,Enterprise,1.0
ORD-101440,2023-05-27,EMEA,United Kingdom,Home,Cast Iron Pan,retail,4,75.61,0.0,302.44,SMB,3.0
ORD-101820,2023-05-27,EMEA,Spain,Sports,Carbon Racket,marketplace,5,134.86,0.0,674.3,Consumer,5.0
ORD-102084,2023-05-27,APAC,Japan,Home,Cast Iron Pan,web,4,160.08,0.0,640.32,Consumer,7.0
ORD-102126,2023-05-27,EMEA,Germany,Electronics,Smart Watch,web,3,151.0,0.0,453.0,SMB,3.0
ORD-102173,2023-05-27,APAC,Australia,Electronics,Laptop Air 13,web,3,202.41,0.05,576.87,Consumer,9.0
ORD-103348,2023-05-27,North America,Canada,Grocery,Olive Oil 750ml,partner,3,13.44,0.1,36.29,Consumer,1.0
ORD-103370,2023-05-27,North America,United States,Home,Cotton Duvet,retail,2,94.71,0.15,161.01,SMB,3.0
ORD-104951,2023-05-27,LATAM,Chile,Electronics,Laptop Air 13,web,1,330.76,0.0,330.76,Consumer,6.0
ORD-100311,2023-05-28,North America,Mexico,Sports,Trail Runners,web,2,145.64,0.3,203.9,SMB,3.0
ORD-101428,2023-05-28,EMEA,Italy,Electronics,Laptop Air 13,web,4,236.79,0.0,947.16,Consumer,6.0
ORD-101634,2023-05-28,North America,Mexico,Home,Cast Iron Pan,web,6,123.84,0.05,705.89,Enterprise,1.0
ORD-102288,2023-05-28,North America,United States,Home,Cast Iron Pan,retail,3,83.43,0.0,250.29,SMB,2.0
ORD-102646,2023-05-28,EMEA,Italy,Home,Espresso Maker,partner,7,97.28,0.1,612.86,Enterprise,6.0
ORD-103511,2023-05-28,North America,Mexico,Sports,Yoga Mat Pro,web,1,47.27,0.0,47.27,Consumer,1.0
ORD-104435,2023-05-28,North America,United States,Electronics,Laptop Air 13,web,3,180.06,0.05,513.17,SMB,3.0
ORD-100277,2023-05-29,North America,United States,Sports,Trail Runners,marketplace,3,158.93,0.15,405.27,Consumer,1.0
ORD-100814,2023-05-29,EMEA,Germany,Home,Espresso Maker,marketplace,1,119.42,0.05,113.45,SMB,6.0
ORD-101888,2023-05-29,North America,Canada,Electronics,Smart Watch,web,3,100.66,0.0,301.98,SMB,1.0
ORD-102621,2023-05-29,North America,United States,Electronics,Smart Watch,marketplace,1,247.29,0.05,234.93,Consumer,1.0
ORD-102763,2023-05-29,EMEA,United Kingdom,Electronics,Smart Watch,web,2,385.04,0.05,731.58,SMB,5.0
ORD-103315,2023-05-29,North America,Canada,Home,Desk Lamp,marketplace,1,59.06,0.1,53.15,Consumer,4.0
ORD-103710,2023-05-29,North America,Canada,Home,Desk Lamp,web,1,108.99,0.0,108.99,Consumer,4.0
ORD-103964,2023-05-29,EMEA,France,Sports,Yoga Mat Pro,web,2,98.32,0.05,186.81,Consumer,2.0
ORD-104086,2023-05-29,LATAM,Argentina,Sports,Trail Runners,marketplace,3,113.2,0.0,339.6,Consumer,15.0
ORD-100094,2023-05-30,APAC,Australia,Sports,Trail Runners,retail,2,139.86,0.15,237.76,Consumer,9.0
ORD-100390,2023-05-30,EMEA,Germany,Electronics,Laptop Air 13,marketplace,2,205.83,0.0,411.66,Consumer,7.0
ORD-100455,2023-05-30,North America,Mexico,Grocery,Dark Chocolate 90%,marketplace,13,31.16,0.1,364.57,Enterprise,5.0
ORD-101047,2023-05-30,EMEA,Germany,Grocery,Arabica Beans 1kg,partner,10,25.1,0.05,238.45,Enterprise,3.0
ORD-101607,2023-05-30,EMEA,United Kingdom,Beauty,Argan Shampoo,retail,2,33.26,0.05,63.19,Consumer,5.0
ORD-101863,2023-05-30,EMEA,Germany,Beauty,Serum Vitamin C,marketplace,2,34.43,0.0,68.86,Consumer,4.0
ORD-102268,2023-05-30,LATAM,Brazil,Electronics,Noise Buds,marketplace,1,86.44,0.0,86.44,Consumer,8.0
ORD-103047,2023-05-30,EMEA,France,Grocery,Arabica Beans 1kg,retail,1,24.23,0.0,24.23,SMB,8.0
ORD-104066,2023-05-30,EMEA,France,Home,Espresso Maker,partner,2,75.73,0.05,143.89,SMB,1.0
ORD-104927,2023-05-30,APAC,Japan,Electronics,Smart Watch,retail,8,161.95,0.05,1230.82,Enterprise,9.0
ORD-100276,2023-05-31,EMEA,Spain,Electronics,Smart Watch,web,2,419.23,0.05,796.54,Consumer,6.0
ORD-100722,2023-05-31,North America,United States,Home,Cotton Duvet,web,4,185.24,0.0,740.96,Consumer,1.0
ORD-101195,2023-05-31,APAC,Australia,Beauty,Argan Shampoo,web,2,25.14,0.0,50.28,Consumer,5.0
ORD-101438,2023-05-31,North America,Mexico,Electronics,Noise Buds,web,3,277.98,0.15,708.85,Consumer,4.0
ORD-102254,2023-05-31,North America,Mexico,Grocery,Olive Oil 750ml,web,2,10.15,0.0,20.3,SMB,4.0
ORD-102887,2023-05-31,APAC,Japan,Electronics,Smart Watch,retail,3,393.12,0.0,1179.36,Consumer,8.0
ORD-103377,2023-05-31,APAC,Singapore,Home,Desk Lamp,web,3,72.71,0.0,218.13,SMB,9.0
ORD-104000,2023-05-31,EMEA,United Kingdom,Sports,Yoga Mat Pro,retail,4,115.97,0.1,417.49,SMB,7.0
ORD-104063,2023-05-31,North America,Mexico,Grocery,Dark Chocolate 90%,retail,2,13.55,0.05,25.74,SMB,2.0
ORD-104146,2023-05-31,EMEA,Italy,Beauty,Matte Lipstick,web,3,88.94,0.05,253.48,SMB,2.0
ORD-104985,2023-05-31,EMEA,Spain,Beauty,Argan Shampoo,retail,1,49.73,0.05,47.24,SMB,6.0
ORD-100561,2023-06-01,LATAM,Chile,Electronics,Noise Buds,marketplace,4,337.8,0.1,1216.08,SMB,8.0
ORD-102935,2023-06-01,North America,United States,Electronics,Laptop Air 13,web,4,392.99,0.15,1336.17,SMB,1.0
ORD-103599,2023-06-01,EMEA,France,Electronics,Smart Watch,retail,3,282.76,0.0,848.28,Consumer,3.0
ORD-104003,2023-06-01,APAC,Australia,Sports,Yoga Mat Pro,retail,3,121.02,0.0,363.06,Consumer,7.0
ORD-100485,2023-06-02,EMEA,United Kingdom,Sports,Carbon Racket,partner,1,64.61,0.0,64.61,SMB,2.0
ORD-101091,2023-06-02,EMEA,France,Electronics,Noise Buds,web,6,214.13,0.0,1284.78,SMB,5.0
ORD-101307,2023-06-02,North America,Canada,Home,Cotton Duvet,marketplace,2,97.97,0.0,195.94,Consumer,2.0
ORD-101487,2023-06-02,North America,United States,Electronics,Smart Watch,partner,2,342.15,0.05,650.08,SMB,3.0
ORD-101716,2023-06-02,LATAM,Brazil,Beauty,Serum Vitamin C,web,4,43.92,0.1,158.11,Enterprise,7.0
ORD-103586,2023-06-02,North America,United States,Electronics,Noise Buds,web,4,327.99,0.0,1311.96,Consumer,3.0
ORD-104344,2023-06-02,APAC,Singapore,Sports,Yoga Mat Pro,web,3,180.4,0.1,487.08,Consumer,8.0
ORD-101774,2023-06-03,North America,Mexico,Home,Cast Iron Pan,marketplace,6,80.62,0.0,483.72,Enterprise,2.0
ORD-100738,2023-06-04,EMEA,Germany,Sports,Carbon Racket,web,5,102.45,0.15,435.41,SMB,4.0
ORD-101571,2023-06-04,EMEA,United Kingdom,Electronics,Laptop Air 13,marketplace,3,412.51,0.0,1237.53,SMB,6.0
ORD-101823,2023-06-04,North America,Mexico,Beauty,Argan Shampoo,web,3,28.99,0.1,78.27,SMB,5.0
ORD-102832,2023-06-04,APAC,Japan,Electronics,Noise Buds,marketplace,6,564.43,0.1,3047.92,Enterprise,9.0
ORD-100234,2023-06-05,LATAM,Argentina,Sports,Trail Runners,marketplace,6,294.03,0.1,1587.76,Consumer,13.0
ORD-101105,2023-06-05,LATAM,Argentina,Sports,Trail Runners,web,2,126.93,0.0,253.86,Consumer,7.0
ORD-101298,2023-06-05,North America,Canada,Beauty,Argan Shampoo,web,4,32.67,0.0,130.68,Consumer,3.0
ORD-101710,2023-06-05,APAC,India,Grocery,Arabica Beans 1kg,retail,3,16.93,0.0,50.79,SMB,10.0
ORD-102350,2023-06-05,APAC,India,Home,Desk Lamp,partner,4,132.6,0.0,530.4,Consumer,5.0
ORD-103451,2023-06-05,North America,Canada,Home,Desk Lamp,web,2,39.01,0.05,74.12,SMB,4.0
ORD-103594,2023-06-05,North America,Mexico,Sports,Yoga Mat Pro,marketplace,2,117.57,0.0,235.14,Consumer,3.0
ORD-104319,2023-06-05,EMEA,United Kingdom,Home,Cast Iron Pan,marketplace,3,26.06,0.0,78.18,Consumer,3.0
ORD-101706,2023-06-06,LATAM,Brazil,Home,Espresso Maker,marketplace,2,55.15,0.1,99.27,Consumer,8.0
ORD-102351,2023-06-06,North America,Mexico,Grocery,Arabica Beans 1kg,web,3,25.99,0.05,74.07,SMB,3.0
ORD-102761,2023-06-06,EMEA,Germany,Beauty,Serum Vitamin C,partner,2,71.04,0.0,142.08,Consumer,6.0
ORD-103821,2023-06-06,EMEA,Italy,Home,Desk Lamp,web,4,185.09,0.15,629.31,Consumer,4.0
ORD-100230,2023-06-07,APAC,Australia,Electronics,Noise Buds,web,4,274.61,0.0,1098.44,Consumer,6.0
ORD-100648,2023-06-07,APAC,Australia,Sports,Carbon Racket,marketplace,4,132.96,0.0,531.84,Consumer,4.0
ORD-100720,2023-06-07,North America,United States,Home,Desk Lamp,web,1,126.6,0.0,126.6,Consumer,2.0
ORD-101741,2023-06-07,North America,Mexico,Electronics,Smart Watch,web,3,67.47,0.1,182.17,Consumer,5.0
ORD-103464,2023-06-07,EMEA,France,Home,Espresso Maker,web,2,93.32,0.0,186.64,SMB,7.0
ORD-103885,2023-06-07,EMEA,France,Electronics,4K Monitor,retail,1,213.1,0.1,191.79,Consumer,3.0
ORD-104020,2023-06-07,EMEA,Spain,Grocery,Dark Chocolate 90%,marketplace,6,22.35,0.0,134.1,Enterprise,4.0
ORD-100178,2023-06-08,APAC,Japan,Electronics,Laptop Air 13,retail,3,205.75,0.0,617.25,Consumer,7.0
ORD-100927,2023-06-08,North America,Canada,Home,Cotton Duvet,web,1,78.25,0.0,78.25,Consumer,5.0
ORD-101302,2023-06-08,North America,United States,Electronics,Noise Buds,web,2,529.21,0.0,1058.42,Consumer,4.0
ORD-101731,2023-06-08,APAC,India,Home,Espresso Maker,web,1,35.28,0.0,35.28,Consumer,5.0
ORD-101763,2023-06-08,EMEA,Italy,Sports,Yoga Mat Pro,web,2,158.47,0.0,316.94,Consumer,8.0
ORD-102444,2023-06-08,North America,United States,Grocery,Olive Oil 750ml,retail,3,11.31,0.0,33.93,Consumer,3.0
ORD-103353,2023-06-08,EMEA,France,Sports,Trail Runners,retail,2,120.94,0.0,241.88,Consumer,1.0
ORD-103730,2023-06-08,North America,United States,Home,Espresso Maker,marketplace,3,75.57,0.0,226.71,SMB,1.0
ORD-104576,2023-06-08,APAC,Japan,Home,Desk Lamp,web,1,100.58,0.2,80.46,SMB,8.0
ORD-104747,2023-06-08,LATAM,Brazil,Electronics,Laptop Air 13,web,2,514.4,0.05,977.36,Consumer,10.0
ORD-101544,2023-06-09,North America,Canada,Sports,Trail Runners,marketplace,2,177.52,0.0,355.04,Consumer,1.0
ORD-102904,2023-06-09,APAC,Australia,Grocery,Dark Chocolate 90%,marketplace,4,29.98,0.0,119.92,SMB,8.0
ORD-104458,2023-06-09,APAC,Japan,Electronics,Laptop Air 13,web,2,282.0,0.1,507.6,Consumer,9.0
ORD-104476,2023-06-09,EMEA,Italy,Sports,Trail Runners,web,3,124.94,0.0,374.82,Consumer,9.0
ORD-104627,2023-06-09,EMEA,Italy,Sports,Yoga Mat Pro,marketplace,11,143.48,0.3,1104.8,Enterprise,2.0
ORD-104734,2023-06-09,EMEA,United Kingdom,Sports,Yoga Mat Pro,retail,4,119.84,0.0,479.36,Consumer,3.0
ORD-102270,2023-06-10,EMEA,Germany,Grocery,Olive Oil 750ml,retail,1,33.93,0.1,30.54,SMB,3.0
ORD-103893,2023-06-10,APAC,Australia,Sports,Yoga Mat Pro,web,5,119.97,0.05,569.86,Consumer,3.0
ORD-100539,2023-06-11,North America,United States,Grocery,Arabica Beans 1kg,marketplace,1,23.27,0.15,19.78,SMB,1.0
ORD-100948,2023-06-11,LATAM,Argentina,Home,Cast Iron Pan,marketplace,3,83.17,0.1,224.56,SMB,11.0
ORD-101475,2023-06-11,North America,Mexico,Grocery,Arabica Beans 1kg,web,2,14.78,0.1,26.6,Consumer,1.0
ORD-103800,2023-06-11,APAC,Australia,Electronics,Noise Buds,partner,1,606.79,0.0,606.79,Consumer,5.0
ORD-101230,2023-06-12,LATAM,Argentina,Home,Desk Lamp,web,3,133.37,0.05,380.1,Consumer,2.0
ORD-101434,2023-06-12,North America,Canada,Electronics,Laptop Air 13,web,1,230.51,0.0,230.51,Consumer,3.0
ORD-101673,2023-06-12,EMEA,United Kingdom,Grocery,Arabica Beans 1kg,marketplace,1,17.15,0.05,16.29,Consumer,5.0
ORD-103537,2023-06-12,North America,Mexico,Home,Espresso Maker,web,3,53.53,0.05,152.56,SMB,3.0
ORD-103929,2023-06-12,LATAM,Chile,Electronics,Smart Watch,web,1,211.03,0.2,168.82,SMB,11.0
ORD-103994,2023-06-12,North America,Canada,Home,Desk Lamp,web,2,87.85,0.15,149.34,Enterprise,2.0
ORD-104169,2023-06-12,EMEA,United Kingdom,Electronics,4K Monitor,web,4,325.42,0.0,1301.68,Consumer,9.0
ORD-104856,2023-06-12,APAC,India,Grocery,Arabica Beans 1kg,web,2,41.72,0.0,83.44,Consumer,2.0
ORD-100139,2023-06-13,North America,United States,Grocery,Arabica Beans 1kg,web,4,13.46,0.1,48.46,Consumer,5.0
ORD-100715,2023-06-13,APAC,Australia,Electronics,Smart Watch,web,4,125.0,0.2,400.0,Consumer,
ORD-100837,2023-06-13,EMEA,France,Electronics,Noise Buds,marketplace,2,209.65,0.05,398.34,Consumer,3.0
ORD-101034,2023-06-13,North America,Canada,Electronics,Laptop Air 13,web,4,311.73,0.05,1184.57,SMB,2.0
ORD-101174,2023-06-13,APAC,India,Sports,Carbon Racket,web,5,95.92,0.1,431.64,Consumer,6.0
ORD-103041,2023-06-13,North America,Canada,Beauty,Matte Lipstick,web,3,45.91,0.15,117.07,Consumer,4.0
ORD-103985,2023-06-13,APAC,Australia,Home,Espresso Maker,marketplace,3,83.65,0.15,213.31,SMB,6.0
ORD-104550,2023-06-13,EMEA,United Kingdom,Electronics,4K Monitor,retail,1,221.36,0.1,199.22,SMB,3.0
ORD-104601,2023-06-13,North America,Mexico,Electronics,Noise Buds,web,6,206.9,0.3,868.98,Enterprise,1.0
ORD-104969,2023-06-13,APAC,India,Home,Cotton Duvet,retail,6,99.76,0.15,508.78,SMB,9.0
ORD-104995,2023-06-13,APAC,Singapore,Sports,Trail Runners,partner,2,158.43,0.0,316.86,Consumer,4.0
ORD-100162,2023-06-14,North America,United States,Beauty,Serum Vitamin C,web,2,50.17,0.05,95.32,Consumer,2.0
ORD-100707,2023-06-14,North America,United States,Home,Cast Iron Pan,web,2,89.82,0.15,152.69,SMB,5.0
ORD-100928,2023-06-14,EMEA,Germany,Electronics,4K Monitor,partner,2,91.99,0.0,183.98,Consumer,2.0
ORD-101942,2023-06-14,EMEA,Italy,Beauty,Serum Vitamin C,partner,3,36.67,0.0,110.01,SMB,4.0
ORD-102072,2023-06-14,EMEA,Germany,Beauty,Matte Lipstick,partner,1,47.76,0.05,45.37,Consumer,6.0
ORD-103148,2023-06-14,EMEA,Germany,Home,Desk Lamp,web,4,45.03,0.0,180.12,Consumer,3.0
ORD-103665,2023-06-14,LATAM,Chile,Electronics,4K Monitor,web,3,220.23,0.0,660.69,Consumer,4.0
ORD-100838,2023-06-15,North America,Canada,Home,Cotton Duvet,web,1,90.79,0.15,77.17,SMB,4.0
ORD-101068,2023-06-15,APAC,Japan,Electronics,Noise Buds,marketplace,3,145.32,0.1,392.36,Enterprise,10.0
ORD-102649,2023-06-15,North America,United States,Grocery,Arabica Beans 1kg,retail,3,15.05,0.0,45.15,Consumer,2.0
ORD-103507,2023-06-15,EMEA,Germany,Grocery,Olive Oil 750ml,web,5,17.57,0.15,74.67,Enterprise,5.0
ORD-103829,2023-06-15,EMEA,France,Beauty,Argan Shampoo,web,3,47.76,0.3,100.3,Consumer,6.0
ORD-103939,2023-06-15,APAC,India,Home,Desk Lamp,web,1,82.97,0.05,78.82,Consumer,9.0
ORD-104237,2023-06-15,North America,United States,Sports,Yoga Mat Pro,web,3,68.73,0.0,206.19,Consumer,1.0
ORD-101480,2023-06-16,North America,Mexico,Electronics,Noise Buds,marketplace,9,522.88,0.2,3764.74,Enterprise,2.0
ORD-101572,2023-06-16,EMEA,Italy,Sports,Yoga Mat Pro,web,5,183.44,0.15,779.62,Consumer,4.0
ORD-101662,2023-06-16,LATAM,Chile,Sports,Trail Runners,web,1,163.88,0.05,155.69,SMB,9.0
ORD-102159,2023-06-16,North America,Mexico,Electronics,Noise Buds,web,2,424.5,0.0,849.0,Consumer,5.0
ORD-102171,2023-06-16,APAC,Australia,Electronics,Smart Watch,retail,2,346.65,0.1,623.97,Consumer,6.0
ORD-102874,2023-06-16,LATAM,Brazil,Electronics,Noise Buds,web,6,119.24,0.3,500.81,Enterprise,6.0
ORD-103090,2023-06-16,APAC,Australia,Electronics,Laptop Air 13,partner,2,101.7,0.2,162.72,Consumer,8.0
ORD-103853,2023-06-16,APAC,Australia,Sports,Yoga Mat Pro,partner,2,144.7,0.2,231.52,Consumer,6.0
ORD-104835,2023-06-16,EMEA,France,Electronics,Laptop Air 13,web,1,193.96,0.05,184.26,Consumer,10.0
ORD-104943,2023-06-16,North America,United States,Home,Cotton Duvet,marketplace,4,78.7,0.2,251.84,Consumer,5.0
ORD-101994,2023-06-17,EMEA,Italy,Beauty,Serum Vitamin C,marketplace,2,37.87,0.0,75.74,Consumer,2.0
ORD-102007,2023-06-17,EMEA,France,Sports,Yoga Mat Pro,retail,2,131.35,0.0,262.7,SMB,6.0
ORD-102942,2023-06-17,EMEA,France,Grocery,Arabica Beans 1kg,partner,9,21.84,0.2,157.25,Enterprise,4.0
ORD-103301,2023-06-17,APAC,Japan,Beauty,Argan Shampoo,retail,2,20.01,0.15,34.02,Consumer,8.0
ORD-103506,2023-06-17,North America,United States,Home,Cast Iron Pan,retail,2,102.51,0.2,164.02,Consumer,4.0
ORD-104096,2023-06-17,North America,Canada,Home,Cotton Duvet,web,4,72.41,0.0,289.64,Consumer,1.0
ORD-104680,2023-06-17,APAC,Japan,Electronics,4K Monitor,retail,3,220.22,0.0,660.66,SMB,6.0
ORD-100153,2023-06-18,APAC,Japan,Home,Espresso Maker,marketplace,5,32.08,0.0,160.4,Consumer,5.0
ORD-100806,2023-06-18,LATAM,Argentina,Sports,Trail Runners,retail,1,329.04,0.0,329.04,Consumer,5.0
ORD-103430,2023-06-18,EMEA,Italy,Electronics,Noise Buds,web,2,366.29,0.15,622.69,SMB,5.0
ORD-103484,2023-06-18,North America,Mexico,Sports,Yoga Mat Pro,marketplace,3,91.32,0.0,273.96,SMB,2.0
ORD-103583,2023-06-18,North America,Mexico,Electronics,Noise Buds,web,2,83.45,0.0,166.9,Consumer,1.0
ORD-104332,2023-06-18,North America,Mexico,Home,Desk Lamp,web,4,127.89,0.0,511.56,Consumer,2.0
ORD-100736,2023-06-19,EMEA,Spain,Sports,Trail Runners,web,3,77.5,0.0,232.5,Consumer,6.0
ORD-100846,2023-06-19,APAC,India,Grocery,Arabica Beans 1kg,web,5,27.73,0.2,110.92,Enterprise,9.0
ORD-101127,2023-06-19,North America,Canada,Home,Cotton Duvet,web,4,131.37,0.05,499.21,Consumer,3.0
ORD-104488,2023-06-19,North America,United States,Electronics,Smart Watch,web,2,90.64,0.05,172.22,Consumer,1.0
ORD-100193,2023-06-20,LATAM,Argentina,Sports,Carbon Racket,web,2,162.57,0.2,260.11,SMB,8.0
ORD-100469,2023-06-20,North America,Canada,Home,Cast Iron Pan,retail,5,92.62,0.2,370.48,Consumer,1.0
ORD-102143,2023-06-20,EMEA,France,Electronics,Smart Watch,marketplace,3,290.89,0.15,741.77,Consumer,1.0
ORD-102250,2023-06-20,EMEA,France,Home,Espresso Maker,web,1,65.58,0.0,65.58,Consumer,7.0
ORD-102577,2023-06-20,EMEA,Germany,Home,Cotton Duvet,web,3,41.01,0.0,123.03,Consumer,5.0
ORD-103263,2023-06-20,APAC,India,Electronics,Laptop Air 13,retail,2,167.11,0.0,334.22,Consumer,8.0
ORD-104043,2023-06-20,APAC,Australia,Beauty,Argan Shampoo,marketplace,2,60.81,0.1,109.46,SMB,7.0
ORD-104177,2023-06-20,LATAM,Chile,Beauty,Matte Lipstick,partner,3,59.0,0.1,159.3,Consumer,9.0
ORD-104234,2023-06-20,APAC,Japan,Home,Espresso Maker,web,1,193.44,0.1,174.1,SMB,3.0
ORD-104501,2023-06-20,EMEA,France,Grocery,Arabica Beans 1kg,retail,3,33.25,0.05,94.76,Consumer,4.0
ORD-100101,2023-06-21,EMEA,United Kingdom,Beauty,Serum Vitamin C,retail,2,45.86,0.0,91.72,Consumer,3.0
ORD-100520,2023-06-21,North America,United States,Electronics,Noise Buds,marketplace,4,295.31,0.0,1181.24,SMB,3.0
ORD-100712,2023-06-21,North America,Canada,Beauty,Matte Lipstick,retail,1,35.79,0.15,30.42,SMB,4.0
ORD-102191,2023-06-21,EMEA,France,Beauty,Serum Vitamin C,retail,3,44.69,0.0,134.07,Consumer,7.0
ORD-102764,2023-06-21,EMEA,Italy,Sports,Carbon Racket,web,4,66.83,0.0,267.32,Consumer,4.0
ORD-104610,2023-06-21,APAC,Japan,Beauty,Argan Shampoo,retail,5,31.39,0.0,156.95,SMB,3.0
ORD-100794,2023-06-22,North America,Mexico,Sports,Carbon Racket,web,5,182.25,0.2,729.0,Enterprise,5.0
ORD-100854,2023-06-22,North America,Mexico,Home,Cast Iron Pan,marketplace,1,29.05,0.0,29.05,SMB,3.0
ORD-100953,2023-06-22,EMEA,Germany,Electronics,Laptop Air 13,marketplace,5,225.03,0.0,1125.15,Consumer,9.0
ORD-101781,2023-06-22,APAC,Australia,Sports,Carbon Racket,web,7,299.16,0.05,1989.41,Enterprise,6.0
ORD-101853,2023-06-22,APAC,Singapore,Home,Desk Lamp,web,5,199.03,0.0,995.15,Consumer,4.0
ORD-101917,2023-06-22,EMEA,United Kingdom,Grocery,Olive Oil 750ml,web,4,27.93,0.05,106.13,SMB,6.0
ORD-102078,2023-06-22,LATAM,Argentina,Sports,Carbon Racket,web,6,113.7,0.05,648.09,Consumer,8.0
ORD-103777,2023-06-22,EMEA,Italy,Electronics,Laptop Air 13,web,4,255.6,0.05,971.28,SMB,3.0
ORD-104167,2023-06-22,North America,United States,Home,Desk Lamp,partner,3,97.94,0.1,264.44,SMB,5.0
ORD-104645,2023-06-22,North America,Canada,Beauty,Serum Vitamin C,web,3,40.92,0.05,116.62,Consumer,2.0
ORD-104860,2023-06-22,North America,United States,Sports,Carbon Racket,marketplace,4,140.08,0.05,532.3,SMB,2.0
ORD-100062,2023-06-23,LATAM,Brazil,Electronics,Smart Watch,web,2,205.86,0.2,329.38,Consumer,8.0
ORD-100074,2023-06-23,EMEA,Italy,Electronics,Noise Buds,web,5,231.2,0.0,1156.0,Consumer,6.0
ORD-100472,2023-06-23,APAC,Japan,Sports,Trail Runners,web,2,126.43,0.0,252.86,Consumer,6.0
ORD-102688,2023-06-23,EMEA,France,Sports,Trail Runners,marketplace,3,52.18,0.15,133.06,SMB,4.0
ORD-103938,2023-06-23,North America,United States,Electronics,4K Monitor,marketplace,1,68.9,0.1,62.01,Consumer,3.0
ORD-104056,2023-06-23,North America,Mexico,Beauty,Serum Vitamin C,web,1,64.74,0.1,58.27,SMB,1.0
ORD-104246,2023-06-23,LATAM,Brazil,Home,Espresso Maker,retail,4,82.55,0.0,330.2,Enterprise,7.0
ORD-104359,2023-06-23,APAC,Singapore,Grocery,Arabica Beans 1kg,partner,3,17.88,0.1,48.28,Consumer,8.0
ORD-104618,2023-06-23,North America,Mexico,Sports,Trail Runners,marketplace,4,81.82,0.0,327.28,SMB,5.0
ORD-101350,2023-06-24,North America,Mexico,Electronics,Smart Watch,web,4,195.95,0.0,783.8,SMB,3.0
ORD-103667,2023-06-24,North America,Mexico,Electronics,Smart Watch,retail,3,201.67,0.05,574.76,Consumer,1.0
ORD-103714,2023-06-24,EMEA,United Kingdom,Home,Desk Lamp,marketplace,4,60.44,0.1,217.58,Consumer,2.0
ORD-104324,2023-06-24,APAC,Australia,Home,Desk Lamp,web,2,71.83,0.0,143.66,Consumer,10.0
ORD-104649,2023-06-24,EMEA,Spain,Electronics,Laptop Air 13,marketplace,3,229.19,0.0,687.57,Consumer,5.0
ORD-104848,2023-06-24,North America,Mexico,Electronics,Laptop Air 13,retail,5,350.06,0.05,1662.78,Enterprise,8.0
ORD-101088,2023-06-25,North America,Mexico,Grocery,Arabica Beans 1kg,web,2,20.16,0.2,32.26,Consumer,1.0
ORD-101470,2023-06-25,North America,Mexico,Sports,Yoga Mat Pro,web,2,127.36,0.0,254.72,Consumer,1.0
ORD-102557,2023-06-25,APAC,Australia,Home,Desk Lamp,retail,1,54.87,0.15,46.64,Consumer,10.0
ORD-103447,2023-06-25,North America,Mexico,Home,Cast Iron Pan,web,13,60.4,0.3,549.64,Enterprise,7.0
ORD-104135,2023-06-25,North America,Mexico,Beauty,Argan Shampoo,web,5,20.68,0.0,103.4,Consumer,2.0
ORD-104469,2023-06-25,APAC,India,Sports,Trail Runners,web,5,106.57,0.15,452.92,Enterprise,5.0
ORD-104868,2023-06-25,EMEA,Germany,Sports,Carbon Racket,web,9,176.62,0.05,1510.1,Enterprise,4.0
ORD-100496,2023-06-26,APAC,Australia,Electronics,4K Monitor,web,1,306.92,0.0,306.92,Consumer,5.0
ORD-101011,2023-06-26,North America,United States,Electronics,Laptop Air 13,web,2,146.13,0.1,263.03,Enterprise,4.0
ORD-101258,2023-06-26,North America,Canada,Home,Cotton Duvet,web,6,61.02,0.1,329.51,Enterprise,5.0
ORD-101340,2023-06-26,LATAM,Argentina,Sports,Carbon Racket,marketplace,3,352.16,0.0,1056.48,Consumer,6.0
ORD-101974,2023-06-26,EMEA,Germany,Home,Espresso Maker,marketplace,2,72.5,0.05,137.75,Consumer,1.0
ORD-102459,2023-06-26,North America,United States,Beauty,Matte Lipstick,web,3,119.92,0.2,287.81,SMB,2.0
ORD-102502,2023-06-26,EMEA,Spain,Home,Cast Iron Pan,web,3,58.27,0.0,174.81,Consumer,3.0
ORD-103085,2023-06-26,North America,Canada,Sports,Yoga Mat Pro,retail,1,560.02,0.15,476.02,SMB,3.0
ORD-103420,2023-06-26,EMEA,France,Beauty,Serum Vitamin C,marketplace,8,40.11,0.3,224.62,Enterprise,1.0
ORD-103598,2023-06-26,North America,Mexico,Sports,Carbon Racket,web,4,63.16,0.1,227.38,Enterprise,3.0
ORD-100568,2023-06-27,North America,United States,Sports,Carbon Racket,web,3,235.94,0.0,707.82,Consumer,1.0
ORD-101303,2023-06-27,North America,Mexico,Sports,Trail Runners,web,2,99.11,0.2,158.58,SMB,3.0
ORD-103015,2023-06-27,EMEA,Italy,Beauty,Matte Lipstick,web,2,26.42,0.0,52.84,Consumer,2.0
ORD-103902,2023-06-27,North America,Mexico,Beauty,Serum Vitamin C,web,5,27.53,0.0,137.65,Enterprise,3.0
ORD-101146,2023-06-28,EMEA,United Kingdom,Home,Espresso Maker,marketplace,3,56.0,0.15,142.8,SMB,5.0
ORD-101488,2023-06-28,North America,Canada,Electronics,Laptop Air 13,marketplace,3,397.05,0.0,1191.15,Consumer,2.0
ORD-101495,2023-06-28,North America,United States,Sports,Yoga Mat Pro,web,5,228.72,0.2,914.88,Consumer,4.0
ORD-102498,2023-06-28,North America,Canada,Grocery,Arabica Beans 1kg,web,1,38.0,0.0,38.0,Consumer,1.0
ORD-102863,2023-06-28,APAC,Australia,Electronics,4K Monitor,web,1,413.22,0.2,330.58,Consumer,7.0
ORD-101196,2023-06-29,North America,Canada,Grocery,Olive Oil 750ml,web,4,24.62,0.0,98.48,Consumer,1.0
ORD-102435,2023-06-29,APAC,Singapore,Grocery,Dark Chocolate 90%,web,1,13.86,0.05,13.17,Consumer,6.0
ORD-102929,2023-06-29,North America,Mexico,Grocery,Olive Oil 750ml,partner,1,27.43,0.0,27.43,Consumer,2.0
ORD-103268,2023-06-29,EMEA,Italy,Electronics,Smart Watch,web,4,457.46,0.1,1646.86,Consumer,5.0
ORD-104345,2023-06-29,EMEA,United Kingdom,Beauty,Serum Vitamin C,web,2,32.96,0.0,65.92,Consumer,4.0
ORD-104456,2023-06-29,EMEA,Spain,Sports,Carbon Racket,marketplace,4,167.93,0.0,671.72,Consumer,6.0
ORD-104510,2023-06-29,APAC,India,Beauty,Argan Shampoo,partner,4,45.34,0.0,181.36,Consumer,8.0
ORD-104593,2023-06-29,APAC,Singapore,Home,Cast Iron Pan,retail,3,165.07,0.0,495.21,Consumer,4.0
ORD-104825,2023-06-29,North America,United States,Electronics,Laptop Air 13,web,3,213.65,0.15,544.81,SMB,2.0
ORD-104887,2023-06-29,North America,Mexico,Home,Cotton Duvet,retail,3,81.19,0.0,243.57,SMB,3.0
ORD-100213,2023-06-30,North America,Canada,Sports,Yoga Mat Pro,marketplace,5,111.82,0.05,531.14,SMB,2.0
ORD-100615,2023-06-30,APAC,Japan,Sports,Trail Runners,web,2,255.55,0.0,511.1,Consumer,8.0
ORD-100751,2023-06-30,EMEA,Spain,Grocery,Arabica Beans 1kg,partner,3,14.47,0.1,39.07,SMB,7.0
ORD-100790,2023-06-30,EMEA,United Kingdom,Beauty,Argan Shampoo,marketplace,1,54.79,0.0,54.79,Consumer,3.0
ORD-103455,2023-06-30,EMEA,Spain,Grocery,Olive Oil 750ml,web,3,15.28,0.05,43.55,Consumer,6.0
ORD-100348,2023-07-01,APAC,Japan,Home,Cast Iron Pan,retail,5,68.32,0.2,273.28,Consumer,12.0
ORD-101225,2023-07-01,LATAM,Chile,Home,Cotton Duvet,web,5,59.11,0.0,295.55,Consumer,11.0
ORD-103330,2023-07-01,North America,United States,Sports,Yoga Mat Pro,retail,1,50.17,0.1,45.15,Consumer,7.0
ORD-103762,2023-07-01,EMEA,France,Beauty,Argan Shampoo,marketplace,2,40.58,0.1,73.04,Consumer,2.0
ORD-104608,2023-07-01,EMEA,Spain,Grocery,Arabica Beans 1kg,partner,9,37.76,0.3,237.89,Enterprise,2.0
ORD-100985,2023-07-02,APAC,Australia,Home,Cast Iron Pan,marketplace,2,79.06,0.2,126.5,Consumer,6.0
ORD-101320,2023-07-02,North America,Mexico,Electronics,Smart Watch,web,2,508.51,0.0,1017.02,Consumer,1.0
ORD-103617,2023-07-02,North America,United States,Grocery,Arabica Beans 1kg,web,9,12.72,0.0,114.48,Enterprise,2.0
ORD-104521,2023-07-02,LATAM,Argentina,Beauty,Matte Lipstick,marketplace,4,83.86,0.0,335.44,SMB,12.0
ORD-100084,2023-07-03,EMEA,United Kingdom,Home,Desk Lamp,marketplace,1,123.42,0.05,117.25,Consumer,2.0
ORD-100819,2023-07-03,North America,Mexico,Beauty,Argan Shampoo,web,3,48.1,0.0,144.3,Consumer,1.0
ORD-100889,2023-07-03,North America,United States,Grocery,Olive Oil 750ml,web,2,11.07,0.0,22.14,Consumer,1.0
ORD-101162,2023-07-03,North America,United States,Grocery,Olive Oil 750ml,marketplace,1,28.84,0.05,27.4,Consumer,4.0
ORD-101873,2023-07-03,North America,Canada,Beauty,Serum Vitamin C,web,3,79.48,0.1,214.6,Consumer,4.0
ORD-102064,2023-07-03,EMEA,France,Beauty,Matte Lipstick,partner,3,34.78,0.05,99.12,Consumer,3.0
ORD-100258,2023-07-04,APAC,Singapore,Home,Espresso Maker,retail,3,81.71,0.0,245.13,SMB,10.0
ORD-102179,2023-07-04,North America,United States,Beauty,Serum Vitamin C,partner,4,48.85,0.2,156.32,Enterprise,
ORD-103671,2023-07-04,EMEA,Germany,Beauty,Argan Shampoo,web,1,37.55,0.1,33.8,Consumer,3.0
ORD-103713,2023-07-04,North America,Mexico,Sports,Trail Runners,retail,4,60.53,0.0,242.12,Consumer,2.0
ORD-104423,2023-07-04,LATAM,Brazil,Sports,Trail Runners,marketplace,4,140.58,0.2,449.86,SMB,8.0
ORD-100232,2023-07-05,North America,Mexico,Sports,Yoga Mat Pro,retail,2,123.77,0.0,247.54,Consumer,2.0
ORD-101312,2023-07-05,North America,Mexico,Grocery,Dark Chocolate 90%,web,1,24.36,0.05,23.14,Consumer,3.0
ORD-104002,2023-07-05,North America,United States,Beauty,Serum Vitamin C,web,3,54.86,0.0,164.58,Consumer,1.0
ORD-104093,2023-07-05,LATAM,Chile,Home,Desk Lamp,marketplace,3,127.36,0.2,305.66,SMB,7.0
ORD-104609,2023-07-05,EMEA,France,Sports,Yoga Mat Pro,marketplace,3,118.53,0.0,355.59,Consumer,6.0
ORD-104291,2023-07-06,North America,Canada,Grocery,Arabica Beans 1kg,retail,4,16.79,0.1,60.44,SMB,2.0
ORD-104967,2023-07-06,North America,Mexico,Beauty,Argan Shampoo,web,1,76.05,0.0,76.05,Consumer,4.0
ORD-100017,2023-07-07,EMEA,Germany,Electronics,Laptop Air 13,web,2,217.39,0.1,391.3,Consumer,5.0
ORD-100482,2023-07-07,North America,United States,Grocery,Dark Chocolate 90%,web,2,18.79,0.0,37.58,Consumer,3.0
ORD-100500,2023-07-07,North America,United States,Electronics,Laptop Air 13,web,7,239.84,0.2,1343.1,Enterprise,5.0
ORD-101360,2023-07-07,North America,Canada,Electronics,Laptop Air 13,retail,10,305.52,0.15,2596.92,Enterprise,1.0
ORD-101912,2023-07-07,North America,Mexico,Grocery,Arabica Beans 1kg,web,3,33.47,0.2,80.33,Consumer,8.0
ORD-103446,2023-07-07,North America,Canada,Beauty,Argan Shampoo,web,3,35.71,0.0,107.13,Consumer,2.0
ORD-101234,2023-07-08,LATAM,Chile,Electronics,Noise Buds,marketplace,5,98.45,0.05,467.64,SMB,6.0
ORD-102945,2023-07-08,APAC,Japan,Home,Espresso Maker,partner,4,29.68,0.0,118.72,Consumer,6.0
ORD-104964,2023-07-08,LATAM,Brazil,Sports,Carbon Racket,retail,2,70.93,0.1,127.67,SMB,6.0
ORD-100409,2023-07-09,EMEA,Germany,Electronics,Noise Buds,web,2,195.02,0.1,351.04,SMB,3.0
ORD-101402,2023-07-09,North America,Mexico,Home,Cotton Duvet,web,4,84.39,0.0,337.56,SMB,3.0
ORD-101669,2023-07-09,EMEA,Germany,Home,Cast Iron Pan,retail,5,51.34,0.2,205.36,SMB,5.0
ORD-102634,2023-07-09,EMEA,United Kingdom,Electronics,Laptop Air 13,web,2,272.03,0.15,462.45,Consumer,6.0
ORD-103054,2023-07-09,LATAM,Chile,Home,Cast Iron Pan,retail,2,100.07,0.3,140.1,SMB,3.0
ORD-103308,2023-07-09,North America,United States,Beauty,Argan Shampoo,marketplace,4,77.96,0.05,296.25,SMB,4.0
ORD-103363,2023-07-09,EMEA,United Kingdom,Grocery,Arabica Beans 1kg,web,1,22.68,0.15,19.28,SMB,2.0
ORD-103925,2023-07-09,North America,Mexico,Home,Cotton Duvet,web,3,103.49,0.0,310.47,SMB,
ORD-100076,2023-07-10,EMEA,Italy,Grocery,Dark Chocolate 90%,web,3,37.08,0.0,111.24,SMB,8.0
ORD-100949,2023-07-10,APAC,Singapore,Electronics,Noise Buds,retail,2,420.8,0.0,841.6,Consumer,7.0
ORD-101158,2023-07-10,APAC,Singapore,Beauty,Matte Lipstick,web,4,25.7,0.05,97.66,Consumer,7.0
ORD-101704,2023-07-10,North America,United States,Sports,Carbon Racket,partner,4,124.64,0.05,473.63,Consumer,1.0
ORD-102300,2023-07-10,EMEA,Germany,Grocery,Olive Oil 750ml,web,2,19.34,0.0,38.68,Consumer,3.0
ORD-102662,2023-07-10,APAC,Singapore,Home,Cotton Duvet,partner,2,70.2,0.0,140.4,Consumer,6.0
ORD-103184,2023-07-10,North America,Canada,Beauty,Argan Shampoo,web,3,42.24,0.0,126.72,SMB,1.0
ORD-103406,2023-07-10,LATAM,Chile,Electronics,Laptop Air 13,retail,2,144.26,0.15,245.24,SMB,6.0
ORD-104341,2023-07-10,APAC,India,Beauty,Argan Shampoo,web,1,66.26,0.1,59.63,Consumer,4.0
ORD-101749,2023-07-11,North America,United States,Home,Espresso Maker,marketplace,1,103.92,0.05,98.72,Consumer,3.0
ORD-102314,2023-07-11,North America,Mexico,Grocery,Dark Chocolate 90%,retail,5,14.31,0.15,60.82,Consumer,2.0
ORD-102655,2023-07-11,North America,Mexico,Home,Espresso Maker,retail,5,56.33,0.15,239.4,SMB,1.0
ORD-103239,2023-07-11,North America,Canada,Home,Cast Iron Pan,web,3,80.15,0.0,240.45,Consumer,3.0
ORD-103538,2023-07-11,North America,United States,Beauty,Argan Shampoo,partner,3,77.36,0.2,185.66,SMB,1.0
ORD-103880,2023-07-11,North America,United States,Electronics,Smart Watch,retail,2,152.19,0.0,304.38,Consumer,1.0
ORD-104720,2023-07-11,North America,Mexico,Sports,Trail Runners,partner,3,59.66,0.0,178.98,Consumer,1.0
ORD-100347,2023-07-12,North America,Canada,Beauty,Argan Shampoo,marketplace,1,54.65,0.05,51.92,SMB,8.0
ORD-101133,2023-07-12,North America,United States,Grocery,Olive Oil 750ml,web,1,29.83,0.0,29.83,Consumer,2.0
ORD-101758,2023-07-12,North America,Mexico,Sports,Carbon Racket,web,4,94.31,0.15,320.65,SMB,1.0
ORD-101777,2023-07-12,North America,Canada,Electronics,Laptop Air 13,web,2,171.76,0.0,343.52,Consumer,2.0
ORD-103980,2023-07-12,EMEA,France,Electronics,Smart Watch,marketplace,2,292.27,0.0,584.54,Consumer,6.0
ORD-102343,2023-07-13,APAC,Japan,Grocery,Dark Chocolate 90%,web,2,29.0,0.3,40.6,Consumer,6.0
ORD-102842,2023-07-13,North America,Mexico,Grocery,Dark Chocolate 90%,retail,2,19.33,0.05,36.73,SMB,2.0
ORD-104031,2023-07-13,North America,United States,Electronics,Noise Buds,marketplace,1,184.05,0.05,174.85,SMB,2.0
ORD-104873,2023-07-13,North America,Canada,Grocery,Dark Chocolate 90%,web,3,26.58,0.0,79.74,SMB,2.0
ORD-100149,2023-07-14,EMEA,United Kingdom,Home,Espresso Maker,web,3,92.1,0.05,262.48,SMB,7.0
ORD-100214,2023-07-14,North America,United States,Home,Cotton Duvet,web,4,177.93,0.15,604.96,SMB,4.0
ORD-102484,2023-07-14,North America,Mexico,Electronics,Noise Buds,web,3,84.45,0.0,253.35,Consumer,6.0
ORD-102868,2023-07-14,EMEA,Italy,Sports,Yoga Mat Pro,web,2,58.43,0.0,116.86,Consumer,7.0
ORD-103138,2023-07-14,North America,United States,Electronics,Noise Buds,web,3,311.75,0.05,888.49,Consumer,3.0
ORD-103485,2023-07-14,EMEA,Italy,Home,Cast Iron Pan,web,2,76.71,0.05,145.75,Consumer,4.0
ORD-104314,2023-07-14,EMEA,Spain,Beauty,Serum Vitamin C,partner,2,40.88,0.0,81.76,Consumer,1.0
ORD-100329,2023-07-15,North America,United States,Electronics,4K Monitor,marketplace,2,446.99,0.0,893.98,Consumer,3.0
ORD-101022,2023-07-15,EMEA,United Kingdom,Home,Desk Lamp,marketplace,1,146.55,0.05,139.22,Consumer,3.0
ORD-101611,2023-07-15,EMEA,Spain,Electronics,Noise Buds,partner,9,109.28,0.1,885.17,Enterprise,3.0
ORD-102915,2023-07-16,North America,Canada,Beauty,Serum Vitamin C,partner,2,56.46,0.15,95.98,Consumer,1.0
ORD-104299,2023-07-16,North America,United States,Grocery,Arabica Beans 1kg,retail,1,24.07,0.0,24.07,Consumer,4.0
ORD-100293,2023-07-17,EMEA,United Kingdom,Sports,Carbon Racket,web,2,105.72,0.15,179.72,Consumer,5.0
ORD-100999,2023-07-17,APAC,Australia,Electronics,Noise Buds,marketplace,2,283.68,0.1,510.62,SMB,4.0
ORD-104563,2023-07-17,APAC,Australia,Home,Cast Iron Pan,web,5,85.16,0.15,361.93,Consumer,6.0
ORD-101730,2023-07-18,EMEA,Italy,Electronics,4K Monitor,web,5,311.3,0.1,1400.85,Enterprise,3.0
ORD-103030,2023-07-18,North America,United States,Grocery,Olive Oil 750ml,web,1,17.69,0.2,14.15,Consumer,2.0
ORD-103051,2023-07-18,EMEA,Germany,Sports,Yoga Mat Pro,web,2,159.92,0.0,319.84,SMB,1.0
ORD-104812,2023-07-18,North America,Canada,Electronics,4K Monitor,partner,1,330.69,0.05,314.16,SMB,3.0
ORD-100283,2023-07-19,North America,Canada,Electronics,Laptop Air 13,web,9,118.1,0.05,1009.75,Enterprise,6.0
ORD-100325,2023-07-19,APAC,India,Home,Cast Iron Pan,partner,7,40.73,0.1,256.6,Enterprise,8.0
ORD-100836,2023-07-19,North America,Canada,Home,Cotton Duvet,retail,5,102.99,0.05,489.2,Consumer,2.0
ORD-101618,2023-07-19,APAC,Japan,Home,Cast Iron Pan,web,4,160.96,0.0,643.84,Consumer,5.0
ORD-101827,2023-07-19,APAC,Australia,Electronics,Smart Watch,retail,3,270.97,0.0,812.91,Consumer,7.0
ORD-102355,2023-07-19,APAC,Japan,Grocery,Olive Oil 750ml,web,2,23.92,0.0,47.84,Consumer,6.0
ORD-102626,2023-07-19,APAC,India,Beauty,Matte Lipstick,web,4,39.44,0.0,157.76,Consumer,2.0
ORD-103604,2023-07-19,EMEA,France,Home,Cotton Duvet,web,2,49.9,0.05,94.81,Consumer,3.0
ORD-103626,2023-07-19,EMEA,Italy,Electronics,Smart Watch,marketplace,2,229.43,0.0,458.86,Consumer,7.0
ORD-104075,2023-07-19,EMEA,United Kingdom,Home,Cotton Duvet,web,2,49.31,0.0,98.62,Consumer,3.0
ORD-104816,2023-07-19,North America,Canada,Electronics,Smart Watch,marketplace,4,89.35,0.1,321.66,Consumer,1.0
ORD-100146,2023-07-20,LATAM,Brazil,Home,Cast Iron Pan,web,8,99.87,0.2,639.17,Enterprise,9.0
ORD-100415,2023-07-20,EMEA,United Kingdom,Electronics,4K Monitor,web,4,287.54,0.0,1150.16,Consumer,7.0
ORD-100518,2023-07-20,EMEA,France,Sports,Trail Runners,web,2,134.43,0.0,268.86,Consumer,4.0
ORD-102317,2023-07-20,EMEA,United Kingdom,Beauty,Argan Shampoo,web,1,75.7,0.0,75.7,Consumer,2.0
ORD-102450,2023-07-20,EMEA,Germany,Beauty,Serum Vitamin C,web,2,38.51,0.0,77.02,Consumer,3.0
ORD-102779,2023-07-20,APAC,India,Electronics,4K Monitor,web,7,265.74,0.1,1674.16,SMB,7.0
ORD-103532,2023-07-20,APAC,India,Electronics,Noise Buds,retail,12,233.57,0.05,2662.7,Enterprise,6.0
ORD-104554,2023-07-20,North America,Mexico,Grocery,Arabica Beans 1kg,partner,3,14.94,0.05,42.58,SMB,4.0
ORD-104831,2023-07-20,EMEA,Spain,Beauty,Argan Shampoo,web,2,117.16,0.15,199.17,Consumer,2.0
ORD-100030,2023-07-21,EMEA,Germany,Home,Desk Lamp,web,3,65.52,0.1,176.9,SMB,3.0
ORD-100300,2023-07-21,EMEA,France,Electronics,Smart Watch,web,2,297.15,0.05,564.58,Consumer,8.0
ORD-100461,2023-07-21,North America,Mexico,Home,Espresso Maker,web,3,62.85,0.0,188.55,Consumer,3.0
ORD-101567,2023-07-21,North America,Mexico,Beauty,Matte Lipstick,marketplace,2,38.58,0.2,61.73,Consumer,2.0
ORD-103479,2023-07-21,North America,Canada,Beauty,Serum Vitamin C,marketplace,1,65.8,0.0,65.8,Consumer,1.0
ORD-104097,2023-07-21,North America,United States,Grocery,Dark Chocolate 90%,partner,1,32.46,0.1,29.21,Consumer,2.0
ORD-100284,2023-07-22,North America,United States,Grocery,Dark Chocolate 90%,marketplace,3,22.54,0.1,60.86,Consumer,2.0
ORD-102766,2023-07-22,North America,Canada,Beauty,Matte Lipstick,retail,3,48.29,0.1,130.38,SMB,4.0
ORD-101639,2023-07-23,North America,United States,Sports,Yoga Mat Pro,retail,2,75.31,0.2,120.5,Consumer,5.0
ORD-102384,2023-07-23,EMEA,Germany,Home,Desk Lamp,retail,2,114.45,0.05,217.46,Consumer,4.0
ORD-103029,2023-07-23,North America,Canada,Sports,Yoga Mat Pro,marketplace,2,222.9,0.1,401.22,SMB,4.0
ORD-103276,2023-07-23,North America,Canada,Electronics,4K Monitor,web,3,370.49,0.0,1111.47,Consumer,3.0
ORD-103582,2023-07-23,North America,United States,Beauty,Matte Lipstick,web,3,28.71,0.05,81.82,SMB,4.0
ORD-100490,2023-07-24,North America,Canada,Grocery,Dark Chocolate 90%,web,2,37.61,0.0,75.22,Consumer,1.0
ORD-101790,2023-07-24,North America,United States,Beauty,Serum Vitamin C,partner,3,42.8,0.05,121.98,Consumer,6.0
ORD-104009,2023-07-24,APAC,India,Electronics,Laptop Air 13,marketplace,5,167.93,0.1,755.68,Consumer,10.0
ORD-104654,2023-07-24,EMEA,France,Sports,Carbon Racket,retail,1,43.34,0.0,43.34,Consumer,2.0
ORD-104752,2023-07-24,APAC,Australia,Home,Desk Lamp,web,4,66.5,0.1,239.4,Consumer,5.0
ORD-100323,2023-07-25,North America,Canada,Grocery,Arabica Beans 1kg,marketplace,3,28.54,0.1,77.06,SMB,2.0
ORD-101503,2023-07-25,North America,Canada,Grocery,Olive Oil 750ml,web,3,16.53,0.05,47.11,Enterprise,3.0
ORD-102730,2023-07-25,LATAM,Brazil,Beauty,Serum Vitamin C,web,5,35.13,0.05,166.87,Consumer,9.0
ORD-102867,2023-07-25,APAC,India,Home,Cast Iron Pan,web,2,118.17,0.0,236.34,Consumer,3.0
ORD-102954,2023-07-25,APAC,India,Beauty,Matte Lipstick,web,6,39.19,0.0,235.14,Consumer,5.0
ORD-103035,2023-07-25,North America,United States,Home,Espresso Maker,retail,2,85.76,0.0,171.52,Consumer,6.0
ORD-103180,2023-07-25,APAC,India,Sports,Trail Runners,web,2,193.08,0.0,386.16,Consumer,3.0
ORD-104622,2023-07-25,North America,Canada,Home,Cast Iron Pan,retail,4,117.44,0.0,469.76,SMB,4.0
ORD-100369,2023-07-26,North America,United States,Electronics,Noise Buds,web,11,337.66,0.15,3157.12,Enterprise,3.0
ORD-100478,2023-07-26,LATAM,Argentina,Beauty,Matte Lipstick,web,3,44.67,0.0,134.01,Consumer,8.0
ORD-100937,2023-07-26,APAC,Singapore,Sports,Yoga Mat Pro,retail,5,247.83,0.15,1053.28,Enterprise,4.0
ORD-101134,2023-07-26,LATAM,Chile,Electronics,Smart Watch,partner,2,235.11,0.0,470.22,Consumer,6.0
ORD-102919,2023-07-26,APAC,Australia,Sports,Yoga Mat Pro,retail,1,201.99,0.2,161.59,Consumer,5.0
ORD-104348,2023-07-26,North America,United States,Home,Cotton Duvet,partner,2,102.84,0.0,205.68,Consumer,3.0
ORD-104841,2023-07-26,North America,Canada,Grocery,Olive Oil 750ml,web,2,30.73,0.0,61.46,Consumer,4.0
ORD-104906,2023-07-26,North America,United States,Beauty,Argan Shampoo,web,3,16.91,0.1,45.66,Consumer,2.0
ORD-100526,2023-07-27,North America,Mexico,Sports,Yoga Mat Pro,retail,3,219.34,0.0,658.02,Consumer,5.0
ORD-102478,2023-07-27,LATAM,Argentina,Home,Espresso Maker,retail,3,140.37,0.0,421.11,Consumer,5.0
ORD-102588,2023-07-27,North America,United States,Home,Cast Iron Pan,web,1,68.5,0.05,65.08,SMB,2.0
ORD-103317,2023-07-27,North America,Mexico,Sports,Carbon Racket,web,2,122.84,0.0,245.68,Consumer,5.0
ORD-104502,2023-07-27,APAC,Japan,Electronics,4K Monitor,partner,4,212.69,0.0,850.76,Consumer,6.0
ORD-104603,2023-07-27,EMEA,Italy,Home,Desk Lamp,web,3,67.8,0.05,193.23,SMB,4.0
ORD-104644,2023-07-27,EMEA,United Kingdom,Electronics,Noise Buds,retail,1,335.99,0.05,319.19,Consumer,3.0
ORD-100678,2023-07-28,LATAM,Brazil,Electronics,4K Monitor,web,3,201.79,0.0,605.37,Consumer,4.0
ORD-101017,2023-07-28,EMEA,United Kingdom,Grocery,Arabica Beans 1kg,marketplace,4,18.09,0.05,68.74,SMB,3.0
ORD-101253,2023-07-28,APAC,Australia,Home,Desk Lamp,web,1,60.86,0.0,60.86,Consumer,5.0
ORD-101352,2023-07-28,North America,Mexico,Grocery,Arabica Beans 1kg,web,1,26.05,0.1,23.44,SMB,3.0
ORD-101502,2023-07-28,North America,Canada,Home,Desk Lamp,web,4,50.25,0.0,201.0,Consumer,5.0
ORD-101816,2023-07-28,North America,Mexico,Electronics,4K Monitor,marketplace,3,552.59,0.0,1657.77,Consumer,2.0
ORD-103137,2023-07-28,EMEA,Spain,Beauty,Argan Shampoo,web,3,25.2,0.05,71.82,Consumer,5.0
ORD-104196,2023-07-28,EMEA,Germany,Sports,Yoga Mat Pro,web,7,74.34,0.0,520.38,Enterprise,4.0
ORD-104837,2023-07-28,APAC,Singapore,Sports,Yoga Mat Pro,web,2,109.48,0.15,186.12,Consumer,10.0
ORD-100254,2023-07-29,North America,Canada,Home,Espresso Maker,web,3,67.46,0.15,172.02,Consumer,3.0
ORD-101955,2023-07-29,LATAM,Brazil,Home,Espresso Maker,marketplace,3,85.18,0.1,229.99,Enterprise,6.0
ORD-101449,2023-07-30,EMEA,United Kingdom,Sports,Trail Runners,marketplace,3,188.46,0.05,537.11,Consumer,4.0
ORD-101909,2023-07-30,EMEA,France,Beauty,Matte Lipstick,web,3,84.19,0.0,252.57,SMB,6.0
ORD-104290,2023-07-30,North America,Mexico,Home,Desk Lamp,web,2,67.67,0.0,135.34,Consumer,6.0
ORD-104796,2023-07-30,APAC,India,Grocery,Olive Oil 750ml,web,3,36.14,0.1,97.58,Consumer,6.0
ORD-104853,2023-07-30,EMEA,France,Home,Cast Iron Pan,partner,1,112.1,0.1,100.89,Consumer,4.0
ORD-101497,2023-07-31,North America,Mexico,Electronics,4K Monitor,web,3,800.64,0.05,2281.82,Consumer,1.0
ORD-101798,2023-07-31,EMEA,United Kingdom,Electronics,Laptop Air 13,web,2,412.33,0.0,824.66,Consumer,5.0
ORD-102139,2023-07-31,APAC,India,Sports,Yoga Mat Pro,marketplace,2,55.38,0.0,110.76,Consumer,11.0
ORD-102140,2023-07-31,North America,Mexico,Electronics,Laptop Air 13,web,2,348.35,0.0,696.7,Consumer,1.0
ORD-103215,2023-07-31,North America,United States,Grocery,Olive Oil 750ml,marketplace,2,16.29,0.0,32.58,Consumer,4.0
ORD-103946,2023-07-31,LATAM,Brazil,Home,Cotton Duvet,web,5,47.48,0.15,201.79,Consumer,6.0
ORD-104758,2023-07-31,North America,United States,Electronics,Noise Buds,retail,1,151.46,0.0,151.46,Consumer,1.0
ORD-102262,2023-08-01,EMEA,Germany,Electronics,Noise Buds,web,1,201.01,0.05,190.96,Consumer,2.0
ORD-103699,2023-08-01,North America,Mexico,Electronics,Noise Buds,web,4,464.2,0.05,1763.96,SMB,6.0
ORD-103778,2023-08-01,APAC,India,Beauty,Argan Shampoo,web,2,60.0,0.0,120.0,SMB,4.0
ORD-104142,2023-08-01,EMEA,United Kingdom,Electronics,4K Monitor,retail,2,302.89,0.0,605.78,Consumer,5.0
ORD-104774,2023-08-01,North America,Canada,Grocery,Arabica Beans 1kg,web,2,15.42,0.0,30.84,SMB,3.0
ORD-103130,2023-08-02,North America,United States,Beauty,Matte Lipstick,web,3,39.12,0.2,93.89,Consumer,1.0
ORD-104325,2023-08-02,North America,Canada,Electronics,Smart Watch,web,3,132.17,0.1,356.86,Consumer,1.0
ORD-104426,2023-08-02,EMEA,United Kingdom,Beauty,Matte Lipstick,web,4,26.96,0.0,107.84,Consumer,
ORD-104783,2023-08-02,North America,Mexico,Sports,Carbon Racket,marketplace,3,101.59,0.0,304.77,Consumer,2.0
ORD-104975,2023-08-02,APAC,Japan,Home,Cotton Duvet,web,1,121.73,0.0,121.73,SMB,2.0
ORD-100607,2023-08-03,North America,United States,Grocery,Olive Oil 750ml,web,2,29.15,0.1,52.47,Consumer,1.0
ORD-101744,2023-08-03,North America,United States,Electronics,4K Monitor,partner,1,236.4,0.0,236.4,Consumer,6.0
ORD-102033,2023-08-03,North America,Mexico,Sports,Trail Runners,partner,2,151.73,0.0,303.46,Consumer,3.0
ORD-102683,2023-08-03,APAC,Australia,Home,Cotton Duvet,web,5,58.32,0.05,277.02,Consumer,6.0
ORD-100242,2023-08-04,LATAM,Chile,Electronics,Smart Watch,partner,3,134.14,0.0,402.42,Consumer,11.0
ORD-100604,2023-08-04,LATAM,Argentina,Sports,Carbon Racket,partner,2,142.81,0.0,285.62,Consumer,7.0
ORD-101006,2023-08-04,LATAM,Chile,Beauty,Matte Lipstick,marketplace,4,36.78,0.15,125.05,Consumer,9.0
ORD-102694,2023-08-04,North America,United States,Beauty,Argan Shampoo,retail,2,46.64,0.0,93.28,Consumer,2.0
ORD-102795,2023-08-04,North America,Canada,Electronics,Noise Buds,marketplace,4,325.3,0.05,1236.14,SMB,2.0
ORD-104372,2023-08-04,EMEA,United Kingdom,Electronics,4K Monitor,marketplace,2,103.86,0.05,197.33,Consumer,6.0
ORD-101469,2023-08-05,APAC,Australia,Electronics,Smart Watch,marketplace,3,428.28,0.0,1284.84,Consumer,5.0
ORD-102094,2023-08-05,LATAM,Argentina,Sports,Yoga Mat Pro,marketplace,3,163.5,0.0,490.5,Consumer,6.0
ORD-102095,2023-08-05,APAC,Japan,Beauty,Argan Shampoo,retail,2,71.25,0.0,142.5,Consumer,5.0
ORD-102329,2023-08-05,APAC,Singapore,Electronics,Smart Watch,web,3,104.75,0.2,251.4,Enterprise,8.0
ORD-102408,2023-08-05,APAC,India,Electronics,4K Monitor,web,2,309.77,0.05,588.56,Consumer,
ORD-104044,2023-08-05,North America,Mexico,Grocery,Olive Oil 750ml,marketplace,6,12.19,0.05,69.48,SMB,3.0
ORD-104453,2023-08-05,EMEA,United Kingdom,Sports,Carbon Racket,web,4,44.82,0.0,179.28,Consumer,3.0
ORD-104773,2023-08-05,EMEA,Germany,Beauty,Argan Shampoo,web,2,42.08,0.15,71.54,Consumer,3.0
ORD-100183,2023-08-06,North America,Canada,Grocery,Olive Oil 750ml,retail,3,31.39,0.0,94.17,Consumer,6.0
ORD-100781,2023-08-06,EMEA,France,Grocery,Arabica Beans 1kg,retail,4,17.8,0.2,56.96,SMB,4.0
ORD-101183,2023-08-06,APAC,Singapore,Beauty,Serum Vitamin C,web,1,55.37,0.0,55.37,Consumer,11.0
ORD-101375,2023-08-06,EMEA,France,Beauty,Matte Lipstick,retail,2,35.6,0.1,64.08,Consumer,4.0
ORD-101764,2023-08-06,EMEA,United Kingdom,Electronics,Noise Buds,web,9,696.92,0.2,5017.82,Enterprise,4.0
ORD-102485,2023-08-06,EMEA,Italy,Grocery,Arabica Beans 1kg,retail,2,24.48,0.05,46.51,SMB,5.0
ORD-103168,2023-08-06,North America,Canada,Electronics,4K Monitor,web,5,386.1,0.2,1544.4,Consumer,
ORD-104691,2023-08-06,LATAM,Chile,Electronics,Laptop Air 13,marketplace,4,1245.51,0.0,4982.04,Consumer,6.0
ORD-100357,2023-08-07,EMEA,Italy,Electronics,Noise Buds,web,2,145.04,0.05,275.58,Consumer,4.0
ORD-100640,2023-08-07,LATAM,Brazil,Beauty,Serum Vitamin C,marketplace,2,36.49,0.0,72.98,SMB,6.0
ORD-100705,2023-08-07,APAC,Singapore,Beauty,Argan Shampoo,retail,4,56.43,0.0,225.72,Consumer,6.0
ORD-101141,2023-08-07,North America,United States,Electronics,Noise Buds,web,2,294.09,0.0,588.18,Consumer,6.0
ORD-102592,2023-08-07,North America,Canada,Grocery,Arabica Beans 1kg,partner,1,19.74,0.1,17.77,Consumer,3.0
ORD-102692,2023-08-07,EMEA,Italy,Electronics,Laptop Air 13,web,1,222.36,0.05,211.24,Consumer,5.0
ORD-103089,2023-08-07,North America,United States,Grocery,Arabica Beans 1kg,marketplace,2,21.01,0.0,42.02,Consumer,3.0
ORD-103257,2023-08-07,APAC,Singapore,Sports,Yoga Mat Pro,web,1,61.46,0.0,61.46,Consumer,4.0
ORD-103551,2023-08-07,LATAM,Chile,Grocery,Dark Chocolate 90%,web,6,23.16,0.3,97.27,Enterprise,9.0
ORD-104322,2023-08-07,LATAM,Chile,Sports,Trail Runners,web,2,176.78,0.3,247.49,Consumer,6.0
ORD-100288,2023-08-08,APAC,Japan,Electronics,Noise Buds,partner,3,528.86,0.05,1507.25,SMB,7.0
ORD-100952,2023-08-08,North America,United States,Beauty,Serum Vitamin C,retail,1,25.02,0.1,22.52,SMB,
ORD-101545,2023-08-08,North America,Mexico,Grocery,Dark Chocolate 90%,marketplace,2,29.54,0.0,59.08,Consumer,7.0
ORD-101715,2023-08-08,North America,United States,Electronics,Noise Buds,retail,1,191.19,0.0,191.19,Consumer,4.0
ORD-102182,2023-08-08,EMEA,United Kingdom,Sports,Carbon Racket,retail,1,598.8,0.0,598.8,Consumer,10.0
ORD-102278,2023-08-08,EMEA,Spain,Home,Cotton Duvet,web,2,96.48,0.2,154.37,SMB,5.0
ORD-102606,2023-08-08,LATAM,Brazil,Electronics,Smart Watch,web,2,547.58,0.0,1095.16,Consumer,9.0
ORD-104452,2023-08-08,North America,United States,Home,Desk Lamp,marketplace,3,138.73,0.0,416.19,Consumer,7.0
ORD-104981,2023-08-08,APAC,Australia,Beauty,Argan Shampoo,web,3,77.35,0.0,232.05,Consumer,5.0
ORD-103027,2023-08-09,LATAM,Chile,Electronics,Laptop Air 13,retail,1,266.38,0.0,266.38,Consumer,12.0
ORD-103091,2023-08-09,APAC,India,Electronics,Noise Buds,web,1,534.49,0.0,534.49,Consumer,9.0
ORD-103486,2023-08-09,North America,Canada,Home,Cotton Duvet,marketplace,4,52.26,0.05,198.59,Consumer,1.0
ORD-103766,2023-08-09,APAC,Australia,Home,Espresso Maker,partner,4,41.49,0.15,141.07,SMB,6.0
ORD-100267,2023-08-10,EMEA,France,Beauty,Serum Vitamin C,web,3,76.5,0.05,218.02,SMB,7.0
ORD-100830,2023-08-10,APAC,Japan,Home,Espresso Maker,web,2,84.85,0.1,152.73,Consumer,6.0
ORD-103005,2023-08-10,EMEA,Spain,Electronics,Laptop Air 13,web,3,208.24,0.2,499.78,Consumer,1.0
ORD-104584,2023-08-10,APAC,Australia,Electronics,Smart Watch,marketplace,3,570.39,0.05,1625.61,Consumer,5.0
ORD-100203,2023-08-11,APAC,Singapore,Grocery,Dark Chocolate 90%,web,2,20.8,0.2,33.28,Consumer,8.0
ORD-100641,2023-08-11,North America,Canada,Sports,Carbon Racket,marketplace,3,114.65,0.0,343.95,Consumer,4.0
ORD-101788,2023-08-11,LATAM,Argentina,Electronics,Smart Watch,marketplace,5,519.59,0.3,1818.56,SMB,4.0
ORD-102166,2023-08-11,North America,United States,Home,Cast Iron Pan,retail,1,70.77,0.05,67.23,Consumer,5.0
ORD-102673,2023-08-11,EMEA,United Kingdom,Electronics,Smart Watch,marketplace,1,249.93,0.0,249.93,Consumer,2.0
ORD-103071,2023-08-11,EMEA,Germany,Beauty,Argan Shampoo,web,1,43.36,0.0,43.36,Consumer,6.0
ORD-103193,2023-08-11,North America,United States,Sports,Carbon Racket,partner,5,99.46,0.3,348.11,Enterprise,3.0
ORD-103810,2023-08-11,North America,Canada,Home,Espresso Maker,retail,5,66.0,0.0,330.0,Consumer,
ORD-104529,2023-08-11,APAC,Singapore,Sports,Trail Runners,retail,6,90.09,0.05,513.51,Enterprise,9.0
ORD-101242,2023-08-12,North America,United States,Sports,Yoga Mat Pro,web,4,61.86,0.1,222.7,SMB,1.0
ORD-102070,2023-08-12,North America,Mexico,Electronics,4K Monitor,marketplace,3,228.26,0.3,479.35,SMB,3.0
ORD-103645,2023-08-12,EMEA,France,Beauty,Matte Lipstick,marketplace,5,31.92,0.05,151.62,SMB,3.0
ORD-100525,2023-08-13,North America,Mexico,Home,Desk Lamp,marketplace,4,144.39,0.0,577.56,SMB,2.0
ORD-102709,2023-08-13,LATAM,Argentina,Grocery,Olive Oil 750ml,retail,3,31.15,0.0,93.45,Consumer,13.0
ORD-100159,2023-08-14,North America,United States,Electronics,Noise Buds,retail,3,656.41,0.0,1969.23,Consumer,1.0
ORD-100874,2023-08-14,North America,Mexico,Sports,Yoga Mat Pro,web,4,112.1,0.15,381.14,Consumer,
ORD-100890,2023-08-14,APAC,India,Sports,Yoga Mat Pro,marketplace,2,259.65,0.1,467.37,SMB,15.0
ORD-101482,2023-08-14,North America,United States,Beauty,Serum Vitamin C,web,2,66.27,0.1,119.29,Consumer,6.0
ORD-101558,2023-08-14,LATAM,Chile,Home,Desk Lamp,web,1,72.97,0.0,72.97,Consumer,7.0
ORD-101795,2023-08-14,EMEA,Germany,Electronics,4K Monitor,web,4,155.67,0.0,622.68,Consumer,8.0
ORD-101845,2023-08-14,APAC,India,Electronics,4K Monitor,web,1,110.36,0.0,110.36,SMB,4.0
ORD-102580,2023-08-14,APAC,India,Beauty,Argan Shampoo,marketplace,2,77.8,0.15,132.26,SMB,11.0
ORD-102241,2023-08-15,North America,Canada,Home,Desk Lamp,marketplace,7,91.48,0.1,576.32,SMB,3.0
ORD-102571,2023-08-15,EMEA,Italy,Electronics,Smart Watch,partner,2,247.66,0.05,470.55,Consumer,1.0
ORD-104972,2023-08-15,North America,United States,Sports,Yoga Mat Pro,marketplace,5,108.72,0.1,489.24,SMB,1.0
ORD-101457,2023-08-16,North America,Mexico,Sports,Yoga Mat Pro,retail,2,138.62,0.05,263.38,Consumer,
ORD-103385,2023-08-16,North America,Mexico,Home,Cotton Duvet,marketplace,1,86.93,0.0,86.93,Consumer,3.0
ORD-103644,2023-08-16,North America,United States,Sports,Carbon Racket,web,2,218.35,0.0,436.7,Consumer,
ORD-100967,2023-08-17,EMEA,United Kingdom,Beauty,Serum Vitamin C,marketplace,3,86.08,0.1,232.42,SMB,6.0
ORD-100993,2023-08-17,North America,United States,Home,Cotton Duvet,partner,6,82.82,0.05,472.07,Consumer,5.0
ORD-101381,2023-08-17,APAC,India,Home,Espresso Maker,retail,3,92.56,0.05,263.8,Consumer,4.0
ORD-101554,2023-08-17,APAC,India,Sports,Yoga Mat Pro,web,2,259.24,0.05,492.56,Consumer,8.0
ORD-101841,2023-08-17,North America,United States,Grocery,Olive Oil 750ml,web,2,26.13,0.05,49.65,SMB,5.0
ORD-102183,2023-08-17,North America,Canada,Electronics,Noise Buds,retail,1,239.98,0.1,215.98,Consumer,2.0
ORD-103499,2023-08-17,North America,United States,Electronics,Smart Watch,retail,1,429.86,0.15,365.38,Consumer,3.0
ORD-103588,2023-08-17,EMEA,Germany,Electronics,Smart Watch,web,2,205.04,0.0,410.08,Consumer,4.0
ORD-104013,2023-08-17,LATAM,Chile,Beauty,Argan Shampoo,web,2,33.52,0.0,67.04,Consumer,9.0
ORD-104506,2023-08-17,EMEA,Italy,Home,Cotton Duvet,marketplace,4,109.18,0.1,393.05,SMB,5.0
ORD-104536,2023-08-17,North America,Mexico,Electronics,Smart Watch,marketplace,4,440.31,0.0,1761.24,Consumer,2.0
ORD-104650,2023-08-17,APAC,Australia,Beauty,Argan Shampoo,web,4,49.73,0.0,198.92,Consumer,7.0
ORD-100054,2023-08-18,EMEA,France,Electronics,4K Monitor,partner,1,203.98,0.05,193.78,Consumer,4.0
ORD-100554,2023-08-18,EMEA,Italy,Home,Desk Lamp,marketplace,2,179.0,0.15,304.3,Consumer,5.0
ORD-100579,2023-08-18,APAC,Japan,Sports,Trail Runners,marketplace,2,123.59,0.1,222.46,Consumer,4.0
ORD-100595,2023-08-18,APAC,Australia,Grocery,Olive Oil 750ml,web,2,33.58,0.0,67.16,Consumer,6.0
ORD-101392,2023-08-18,North America,United States,Sports,Yoga Mat Pro,web,3,187.57,0.05,534.57,SMB,4.0
ORD-102174,2023-08-18,North America,Mexico,Beauty,Matte Lipstick,marketplace,2,41.98,0.0,83.96,Consumer,4.0
ORD-102493,2023-08-18,North America,Canada,Beauty,Matte Lipstick,web,2,40.38,0.05,76.72,Consumer,1.0
ORD-103149,2023-08-18,North America,United States,Electronics,Noise Buds,web,8,179.26,0.1,1290.67,Enterprise,5.0
ORD-103443,2023-08-18,North America,United States,Grocery,Dark Chocolate 90%,retail,5,27.74,0.0,138.7,Consumer,8.0
ORD-103664,2023-08-18,EMEA,Italy,Electronics,Laptop Air 13,web,3,294.49,0.0,883.47,Consumer,2.0
ORD-100070,2023-08-19,EMEA,United Kingdom,Sports,Carbon Racket,retail,8,138.03,0.05,1049.03,Enterprise,5.0
ORD-100338,2023-08-19,North America,Canada,Home,Cotton Duvet,retail,3,68.22,0.0,204.66,Consumer,2.0
ORD-100971,2023-08-19,North America,United States,Beauty,Serum Vitamin C,web,8,35.83,0.0,286.64,Enterprise,2.0
ORD-102052,2023-08-19,EMEA,Spain,Electronics,4K Monitor,web,3,175.5,0.05,500.17,Consumer,5.0
ORD-102367,2023-08-19,LATAM,Argentina,Grocery,Arabica Beans 1kg,marketplace,1,38.47,0.0,38.47,Consumer,7.0
ORD-104407,2023-08-19,North America,Mexico,Beauty,Matte Lipstick,marketplace,3,65.09,0.0,195.27,Consumer,2.0
ORD-104558,2023-08-19,EMEA,France,Home,Cast Iron Pan,retail,3,76.54,0.15,195.18,Consumer,3.0
ORD-101323,2023-08-20,LATAM,Chile,Home,Espresso Maker,web,3,37.81,0.0,113.43,SMB,12.0
ORD-104028,2023-08-20,North America,United States,Beauty,Serum Vitamin C,web,1,36.75,0.0,36.75,SMB,
ORD-100168,2023-08-21,EMEA,Spain,Grocery,Olive Oil 750ml,marketplace,3,20.75,0.15,52.91,Consumer,4.0
ORD-100243,2023-08-21,APAC,Japan,Beauty,Argan Shampoo,partner,3,36.85,0.0,110.55,Consumer,10.0
ORD-100413,2023-08-21,EMEA,Spain,Sports,Yoga Mat Pro,web,1,199.53,0.0,199.53,SMB,6.0
ORD-100946,2023-08-21,EMEA,Italy,Grocery,Arabica Beans 1kg,retail,4,20.64,0.1,74.3,SMB,3.0
ORD-103400,2023-08-21,EMEA,Spain,Beauty,Argan Shampoo,web,1,39.85,0.0,39.85,SMB,3.0
ORD-103505,2023-08-21,APAC,Australia,Grocery,Dark Chocolate 90%,web,2,20.28,0.0,40.56,Consumer,8.0
ORD-103816,2023-08-21,EMEA,Spain,Sports,Trail Runners,web,3,174.6,0.05,497.61,Consumer,5.0
ORD-103969,2023-08-21,EMEA,Spain,Home,Cast Iron Pan,retail,4,88.54,0.2,283.33,SMB,3.0
ORD-104030,2023-08-21,LATAM,Argentina,Electronics,Smart Watch,web,1,421.87,0.0,421.87,Consumer,12.0
ORD-104441,2023-08-21,EMEA,France,Home,Espresso Maker,partner,2,81.36,0.3,113.9,SMB,2.0
ORD-104658,2023-08-21,North America,Mexico,Beauty,Argan Shampoo,web,4,62.71,0.15,213.21,SMB,2.0
ORD-104755,2023-08-21,North America,United States,Sports,Carbon Racket,marketplace,2,271.19,0.0,542.38,Consumer,8.0
ORD-104916,2023-08-21,North America,Canada,Grocery,Olive Oil 750ml,marketplace,3,28.88,0.1,77.98,SMB,1.0
ORD-100570,2023-08-22,EMEA,Germany,Beauty,Matte Lipstick,marketplace,2,58.92,0.0,117.84,Consumer,3.0
ORD-100779,2023-08-22,North America,Canada,Electronics,4K Monitor,retail,2,239.24,0.0,478.48,Consumer,1.0
ORD-101943,2023-08-22,LATAM,Argentina,Electronics,4K Monitor,marketplace,3,209.7,0.05,597.64,SMB,7.0
ORD-102737,2023-08-22,North America,Canada,Sports,Carbon Racket,marketplace,3,101.9,0.0,305.7,Consumer,3.0
ORD-102748,2023-08-22,North America,United States,Home,Cast Iron Pan,marketplace,4,266.24,0.05,1011.71,SMB,3.0
ORD-102975,2023-08-22,LATAM,Brazil,Beauty,Matte Lipstick,web,1,61.21,0.0,61.21,Consumer,8.0
ORD-103878,2023-08-22,North America,Mexico,Electronics,Noise Buds,marketplace,7,256.39,0.0,1794.73,Consumer,4.0
ORD-104277,2023-08-22,LATAM,Chile,Sports,Carbon Racket,web,2,14842.42,0.05,28200.6,Consumer,9.0
ORD-100598,2023-08-23,LATAM,Chile,Grocery,Dark Chocolate 90%,marketplace,1,15.56,0.0,15.56,Consumer,15.0
ORD-101065,2023-08-23,EMEA,Germany,Electronics,Laptop Air 13,marketplace,3,293.8,0.0,881.4,SMB,
ORD-101588,2023-08-23,North America,Canada,Sports,Carbon Racket,retail,4,130.2,0.05,494.76,SMB,3.0
ORD-102993,2023-08-23,LATAM,Chile,Home,Cotton Duvet,web,3,105.58,0.0,316.74,SMB,12.0
ORD-100460,2023-08-24,EMEA,Germany,Beauty,Serum Vitamin C,marketplace,5,34.13,0.2,136.52,SMB,2.0
ORD-100867,2023-08-24,North America,United States,Grocery,Dark Chocolate 90%,retail,1,19.72,0.0,19.72,Consumer,3.0
ORD-101584,2023-08-24,North America,United States,Grocery,Arabica Beans 1kg,marketplace,1,23.77,0.05,22.58,Consumer,1.0
ORD-101595,2023-08-24,North America,Canada,Sports,Trail Runners,partner,7,157.99,0.1,995.34,Enterprise,2.0
ORD-101833,2023-08-24,EMEA,France,Home,Espresso Maker,web,2,77.02,0.0,154.04,Consumer,3.0
ORD-103995,2023-08-24,EMEA,Spain,Electronics,Smart Watch,marketplace,3,260.5,0.05,742.42,Consumer,1.0
ORD-104511,2023-08-24,North America,Mexico,Electronics,Noise Buds,retail,3,401.12,0.1,1083.02,Consumer,2.0
ORD-104770,2023-08-24,North America,Mexico,Grocery,Arabica Beans 1kg,web,3,21.45,0.0,64.35,SMB,2.0
ORD-100198,2023-08-25,EMEA,United Kingdom,Electronics,Smart Watch,web,4,203.24,0.05,772.31,Consumer,2.0
ORD-100379,2023-08-25,EMEA,United Kingdom,Beauty,Argan Shampoo,web,3,55.92,0.05,159.37,SMB,9.0
ORD-101044,2023-08-25,EMEA,Germany,Electronics,Noise Buds,web,3,91.93,0.0,275.79,Consumer,6.0
ORD-102366,2023-08-25,EMEA,Spain,Beauty,Serum Vitamin C,partner,1,52.21,0.0,52.21,Consumer,6.0
ORD-102570,2023-08-25,APAC,India,Electronics,Laptop Air 13,web,2,97.62,0.2,156.19,Consumer,10.0
ORD-101422,2023-08-26,North America,Canada,Electronics,Laptop Air 13,web,4,384.82,0.0,1539.28,Consumer,2.0
ORD-101932,2023-08-26,EMEA,Italy,Beauty,Serum Vitamin C,retail,6,64.4,0.0,386.4,SMB,2.0
ORD-100262,2023-08-27,North America,Canada,Sports,Yoga Mat Pro,retail,1,57.22,0.0,57.22,Consumer,2.0
ORD-101083,2023-08-27,LATAM,Argentina,Grocery,Olive Oil 750ml,web,2,24.95,0.1,44.91,Consumer,2.0
ORD-101889,2023-08-27,North America,Canada,Electronics,Noise Buds,retail,2,590.2,0.15,1003.34,Consumer,4.0
ORD-101939,2023-08-27,North America,United States,Sports,Trail Runners,web,8,144.5,0.1,1040.4,Enterprise,3.0
ORD-102453,2023-08-27,LATAM,Argentina,Electronics,Smart Watch,web,2,168.79,0.0,337.58,Consumer,9.0
ORD-102905,2023-08-27,EMEA,France,Beauty,Argan Shampoo,retail,3,34.42,0.0,103.26,Consumer,3.0
ORD-103214,2023-08-27,North America,Canada,Beauty,Serum Vitamin C,web,3,37.91,0.15,96.67,Consumer,1.0
ORD-104107,2023-08-27,North America,United States,Home,Desk Lamp,retail,1,131.07,0.0,131.07,Consumer,3.0
ORD-104842,2023-08-27,EMEA,France,Home,Cotton Duvet,marketplace,2,36.7,0.3,51.38,Consumer,3.0
ORD-104882,2023-08-27,EMEA,United Kingdom,Home,Cast Iron Pan,marketplace,2,53.55,0.15,91.04,Consumer,3.0
ORD-100190,2023-08-28,North America,Mexico,Sports,Carbon Racket,retail,3,86.67,0.0,260.01,Consumer,4.0
ORD-100204,2023-08-28,North America,United States,Sports,Carbon Racket,web,2,191.54,0.0,383.08,Consumer,4.0
ORD-100278,2023-08-28,EMEA,Italy,Electronics,Noise Buds,marketplace,5,262.35,0.0,1311.75,SMB,2.0
ORD-103236,2023-08-28,LATAM,Chile,Grocery,Olive Oil 750ml,partner,2,30.07,0.3,42.1,Consumer,4.0
ORD-103458,2023-08-28,EMEA,France,Beauty,Argan Shampoo,retail,3,51.08,0.05,145.58,SMB,3.0
ORD-103698,2023-08-28,North America,United States,Beauty,Serum Vitamin C,web,5,37.72,0.0,188.6,Consumer,5.0
ORD-103712,2023-08-28,North America,Mexico,Sports,Carbon Racket,marketplace,2,117.16,0.0,234.32,Consumer,1.0
ORD-104102,2023-08-28,North America,Mexico,Electronics,Smart Watch,web,4,119.89,0.1,431.6,Consumer,1.0
ORD-104504,2023-08-28,North America,Canada,Electronics,Smart Watch,web,5,128.41,0.05,609.95,SMB,3.0
ORD-104901,2023-08-28,APAC,Japan,Beauty,Serum Vitamin C,web,4,38.31,0.1,137.92,SMB,4.0
ORD-100077,2023-08-29,North America,United States,Electronics,Smart Watch,marketplace,3,352.12,0.0,1056.36,Consumer,2.0
ORD-100759,2023-08-29,North America,Mexico,Electronics,Smart Watch,retail,3,197.65,0.2,474.36,SMB,3.0
ORD-101324,2023-08-29,EMEA,Spain,Home,Cotton Duvet,web,3,111.44,0.05,317.6,Consumer,3.0
ORD-102640,2023-08-29,EMEA,Spain,Beauty,Matte Lipstick,marketplace,1,42.15,0.1,37.94,Consumer,5.0
ORD-100894,2023-08-30,North America,Canada,Sports,Trail Runners,web,5,105.94,0.3,370.79,Enterprise,1.0
ORD-101121,2023-08-30,EMEA,Spain,Grocery,Dark Chocolate 90%,retail,4,16.89,0.05,64.18,Consumer,6.0
ORD-101129,2023-08-30,North America,Canada,Home,Cotton Duvet,marketplace,8,78.04,0.1,561.89,Enterprise,3.0
ORD-102332,2023-08-30,LATAM,Brazil,Grocery,Arabica Beans 1kg,partner,3,17.52,0.0,52.56,SMB,15.0
ORD-102774,2023-08-30,APAC,India,Home,Cotton Duvet,web,1,46.83,0.0,46.83,Consumer,7.0
ORD-103152,2023-08-30,LATAM,Argentina,Beauty,Argan Shampoo,retail,2,68.08,0.2,108.93,SMB,9.0
ORD-103601,2023-08-30,EMEA,Germany,Sports,Carbon Racket,web,1,103.66,0.05,98.48,SMB,3.0
ORD-101412,2023-08-31,North America,Mexico,Electronics,4K Monitor,web,3,160.26,0.1,432.7,Consumer,1.0
ORD-101859,2023-08-31,North America,Canada,Sports,Trail Runners,marketplace,1,110.88,0.0,110.88,SMB,6.0
ORD-100160,2023-09-01,North America,Canada,Electronics,4K Monitor,retail,4,241.59,0.05,918.04,Consumer,
ORD-100389,2023-09-01,EMEA,Spain,Sports,Yoga Mat Pro,web,2,119.61,0.05,227.26,Consumer,5.0
ORD-100761,2023-09-01,EMEA,Spain,Grocery,Olive Oil 750ml,marketplace,4,34.66,0.05,131.71,Consumer,7.0
ORD-100812,2023-09-01,APAC,Australia,Home,Desk Lamp,web,5,181.85,0.3,636.47,Enterprise,6.0
ORD-100850,2023-09-01,APAC,Singapore,Beauty,Matte Lipstick,web,1,54.75,0.0,54.75,Consumer,5.0
ORD-104007,2023-09-01,North America,Canada,Electronics,Laptop Air 13,marketplace,4,67.98,0.0,271.92,Consumer,3.0
ORD-104911,2023-09-01,North America,Mexico,Electronics,Noise Buds,marketplace,1,104.85,0.05,99.61,Consumer,4.0
ORD-100708,2023-09-02,North America,Canada,Electronics,Laptop Air 13,retail,1,131.24,0.0,131.24,Consumer,2.0
ORD-103366,2023-09-02,North America,United States,Home,Desk Lamp,web,2,163.7,0.0,327.4,Consumer,5.0
ORD-104443,2023-09-02,EMEA,Italy,Beauty,Serum Vitamin C,web,1,52.28,0.05,49.67,Consumer,5.0
ORD-101347,2023-09-03,North America,United States,Sports,Trail Runners,marketplace,1,151.4,0.05,143.83,SMB,2.0
ORD-102785,2023-09-03,LATAM,Chile,Beauty,Serum Vitamin C,retail,5,104.93,0.05,498.42,Consumer,6.0
ORD-103648,2023-09-03,LATAM,Chile,Sports,Yoga Mat Pro,retail,6,204.12,0.05,1163.48,Consumer,2.0
ORD-104185,2023-09-03,North America,Canada,Beauty,Argan Shampoo,web,1,57.75,0.05,54.86,SMB,6.0
ORD-100069,2023-09-04,EMEA,United Kingdom,Home,Cotton Duvet,web,3,63.72,0.0,191.16,Consumer,5.0
ORD-101358,2023-09-04,North America,United States,Electronics,Noise Buds,partner,3,418.34,0.05,1192.27,Consumer,4.0
ORD-101451,2023-09-04,North America,United States,Beauty,Matte Lipstick,partner,3,32.42,0.1,87.53,Consumer,1.0
ORD-101948,2023-09-04,EMEA,United Kingdom,Sports,Carbon Racket,marketplace,7,223.23,0.1,1406.35,Enterprise,7.0
ORD-102128,2023-09-04,North America,Canada,Beauty,Argan Shampoo,web,3,1485.97,0.05,4235.01,Enterprise,3.0
ORD-102805,2023-09-04,LATAM,Chile,Electronics,Noise Buds,retail,3,178.24,0.05,507.98,Consumer,9.0
ORD-103206,2023-09-04,EMEA,Spain,Electronics,Smart Watch,marketplace,2,542.26,0.0,1084.52,Consumer,2.0
ORD-103480,2023-09-04,North America,United States,Electronics,Laptop Air 13,marketplace,2,566.19,0.05,1075.76,SMB,1.0
ORD-104079,2023-09-04,North America,Mexico,Home,Cotton Duvet,web,4,270.12,0.15,918.41,SMB,4.0
ORD-104395,2023-09-04,North America,Canada,Grocery,Arabica Beans 1kg,marketplace,1,14.55,0.1,13.1,Consumer,3.0
ORD-104533,2023-09-04,APAC,Japan,Home,Cast Iron Pan,retail,1,139.96,0.05,132.96,Consumer,5.0
ORD-100272,2023-09-05,North America,Canada,Electronics,Smart Watch,web,2,326.53,0.0,653.06,Consumer,4.0
ORD-100701,2023-09-05,North America,Mexico,Home,Desk Lamp,web,3,37.43,0.05,106.68,Consumer,2.0
ORD-101122,2023-09-05,North America,Mexico,Beauty,Serum Vitamin C,web,7,19.48,0.1,122.72,Enterprise,3.0
ORD-102344,2023-09-05,APAC,Australia,Home,Desk Lamp,retail,2,68.23,0.0,136.46,Consumer,7.0
ORD-103414,2023-09-05,North America,Canada,Electronics,4K Monitor,web,3,254.88,0.2,611.71,Consumer,4.0
ORD-104176,2023-09-05,EMEA,Italy,Home,Cotton Duvet,partner,5,43.04,0.05,204.44,SMB,6.0
ORD-104225,2023-09-05,EMEA,Spain,Grocery,Dark Chocolate 90%,marketplace,7,19.85,0.0,138.95,SMB,3.0
ORD-104389,2023-09-05,North America,Canada,Electronics,4K Monitor,marketplace,3,265.86,0.05,757.7,SMB,1.0
ORD-104587,2023-09-05,North America,Canada,Home,Desk Lamp,marketplace,5,60.64,0.0,303.2,Consumer,1.0
ORD-100473,2023-09-06,EMEA,Italy,Home,Cast Iron Pan,retail,1,81.14,0.05,77.08,Consumer,5.0
ORD-100483,2023-09-06,EMEA,Spain,Beauty,Serum Vitamin C,partner,2,87.31,0.0,174.62,Consumer,5.0
ORD-100842,2023-09-06,APAC,Australia,Home,Cast Iron Pan,web,4,73.03,0.0,292.12,Consumer,3.0
ORD-101796,2023-09-06,North America,United States,Sports,Trail Runners,retail,2,96.93,0.05,184.17,Consumer,3.0
ORD-102184,2023-09-06,EMEA,Germany,Sports,Yoga Mat Pro,retail,4,101.21,0.05,384.6,Consumer,3.0
ORD-102860,2023-09-06,North America,United States,Sports,Carbon Racket,partner,2,60.96,0.05,115.82,SMB,1.0
ORD-104867,2023-09-06,LATAM,Brazil,Electronics,Laptop Air 13,marketplace,2,157.44,0.0,314.88,Consumer,6.0
ORD-101283,2023-09-07,North America,Mexico,Beauty,Matte Lipstick,partner,2,33.61,0.0,67.22,Consumer,5.0
ORD-101538,2023-09-07,North America,Canada,Electronics,Noise Buds,retail,1,48.83,0.0,48.83,Consumer,5.0
ORD-102013,2023-09-07,North America,Canada,Electronics,Noise Buds,marketplace,2,357.23,0.05,678.74,Consumer,2.0
ORD-102017,2023-09-07,North America,Canada,Sports,Trail Runners,retail,1,118.12,0.15,100.4,Consumer,6.0
ORD-102073,2023-09-07,LATAM,Argentina,Home,Cast Iron Pan,web,2,76.34,0.1,137.41,SMB,6.0
ORD-103387,2023-09-07,North America,Mexico,Electronics,Noise Buds,web,2,128.43,0.0,256.86,Consumer,4.0
ORD-103514,2023-09-07,EMEA,United Kingdom,Grocery,Dark Chocolate 90%,web,2,25.36,0.15,43.11,Consumer,5.0
ORD-103806,2023-09-07,EMEA,Italy,Home,Desk Lamp,marketplace,2,163.09,0.15,277.25,SMB,2.0
ORD-103958,2023-09-07,EMEA,Germany,Beauty,Argan Shampoo,retail,9,50.15,0.15,383.65,Enterprise,3.0
ORD-104133,2023-09-07,North America,United States,Electronics,Noise Buds,web,3,156.64,0.1,422.93,SMB,7.0
ORD-104420,2023-09-07,APAC,Singapore,Grocery,Arabica Beans 1kg,retail,4,22.29,0.15,75.79,SMB,9.0
ORD-104877,2023-09-07,APAC,India,Electronics,Noise Buds,web,3,140.5,0.0,421.5,Consumer,
ORD-100038,2023-09-08,North America,Canada,Grocery,Dark Chocolate 90%,web,3,27.38,0.0,82.14,Consumer,4.0
ORD-101869,2023-09-08,North America,United States,Grocery,Dark Chocolate 90%,marketplace,2,20.31,0.0,40.62,Consumer,7.0
ORD-102194,2023-09-08,North America,Canada,Beauty,Matte Lipstick,partner,3,29.37,0.05,83.7,SMB,1.0
ORD-102660,2023-09-08,LATAM,Chile,Grocery,Olive Oil 750ml,marketplace,4,29.9,0.0,119.6,Consumer,7.0
ORD-102989,2023-09-08,North America,Mexico,Sports,Carbon Racket,marketplace,9,67.68,0.05,578.66,Enterprise,2.0
ORD-100003,2023-09-09,North America,Canada,Beauty,Argan Shampoo,marketplace,3,22.19,0.05,63.24,SMB,7.0
ORD-100012,2023-09-09,North America,United States,Sports,Trail Runners,marketplace,5,113.68,0.15,483.14,Enterprise,4.0
ORD-102339,2023-09-09,North America,Canada,Grocery,Dark Chocolate 90%,partner,3,27.42,0.1,74.03,Consumer,1.0
ORD-104766,2023-09-09,EMEA,Italy,Sports,Trail Runners,web,3,100.01,0.05,285.03,Consumer,8.0
ORD-100866,2023-09-10,APAC,India,Sports,Yoga Mat Pro,marketplace,7,139.79,0.1,880.68,Enterprise,9.0
ORD-102742,2023-09-10,North America,United States,Sports,Trail Runners,partner,2,170.74,0.15,290.26,Consumer,5.0
ORD-102792,2023-09-10,LATAM,Brazil,Home,Desk Lamp,web,2,97.36,0.05,184.98,SMB,5.0
ORD-103204,2023-09-10,EMEA,France,Home,Cotton Duvet,partner,6,122.23,0.05,696.71,Enterprise,6.0
ORD-104350,2023-09-10,EMEA,France,Beauty,Matte Lipstick,web,4,58.53,0.2,187.3,Enterprise,6.0
ORD-104440,2023-09-10,EMEA,Italy,Sports,Trail Runners,marketplace,3,160.48,0.0,481.44,Consumer,2.0
ORD-104786,2023-09-10,EMEA,Italy,Grocery,Olive Oil 750ml,web,8,28.71,0.1,206.71,Enterprise,3.0
ORD-100373,2023-09-11,LATAM,Argentina,Beauty,Serum Vitamin C,web,5,40.5,0.05,192.38,SMB,3.0
ORD-102705,2023-09-11,APAC,India,Sports,Yoga Mat Pro,web,7,222.66,0.1,1402.76,Enterprise,12.0
ORD-103382,2023-09-11,North America,Canada,Beauty,Matte Lipstick,retail,3,77.1,0.05,219.74,SMB,5.0
ORD-103703,2023-09-11,EMEA,United Kingdom,Sports,Carbon Racket,partner,1,107.77,0.1,96.99,Consumer,6.0
ORD-102162,2023-09-12,North America,Canada,Sports,Trail Runners,retail,1,78.87,0.1,70.98,Consumer,7.0
ORD-102907,2023-09-12,LATAM,Brazil,Beauty,Argan Shampoo,marketplace,10,46.93,0.05,445.84,Enterprise,7.0
ORD-103107,2023-09-12,EMEA,Italy,Grocery,Arabica Beans 1kg,web,2,31.95,0.0,63.9,Consumer,4.0
ORD-103284,2023-09-12,North America,United States,Beauty,Serum Vitamin C,marketplace,5,45.62,0.2,182.48,SMB,6.0
ORD-103625,2023-09-12,EMEA,Spain,Beauty,Matte Lipstick,marketplace,6,33.05,0.0,198.3,Consumer,2.0
ORD-104392,2023-09-12,North America,Mexico,Electronics,Laptop Air 13,retail,2,363.91,0.0,727.82,SMB,2.0
ORD-104633,2023-09-12,North America,Canada,Home,Espresso Maker,web,7,101.38,0.05,674.18,Enterprise,3.0
ORD-104840,2023-09-12,EMEA,United Kingdom,Grocery,Arabica Beans 1kg,marketplace,3,26.71,0.1,72.12,Consumer,1.0
ORD-100480,2023-09-13,EMEA,Spain,Home,Cotton Duvet,retail,1,86.19,0.0,86.19,SMB,6.0
ORD-100891,2023-09-13,EMEA,France,Home,Cast Iron Pan,web,4,166.43,0.2,532.58,SMB,3.0
ORD-101261,2023-09-13,North America,Mexico,Grocery,Arabica Beans 1kg,partner,4,24.6,0.0,98.4,SMB,5.0
ORD-101946,2023-09-13,APAC,Japan,Home,Cast Iron Pan,web,1,94.74,0.05,90.0,SMB,7.0
ORD-102808,2023-09-13,EMEA,Italy,Beauty,Matte Lipstick,web,2,35.4,0.3,49.56,SMB,5.0
ORD-103142,2023-09-13,North America,United States,Sports,Carbon Racket,web,1,132.66,0.15,112.76,Consumer,1.0
ORD-104189,2023-09-13,APAC,Australia,Home,Cast Iron Pan,web,2,75.2,0.0,150.4,Consumer,10.0
ORD-104388,2023-09-13,EMEA,Germany,Home,Cast Iron Pan,web,3,171.16,0.0,513.48,Consumer,3.0
ORD-100129,2023-09-14,APAC,India,Sports,Trail Runners,web,3,98.35,0.0,295.05,SMB,9.0
ORD-100401,2023-09-14,EMEA,Italy,Sports,Carbon Racket,web,3,205.59,0.2,493.42,SMB,5.0
ORD-101079,2023-09-14,APAC,Singapore,Home,Desk Lamp,web,3,84.89,0.0,254.67,Consumer,6.0
ORD-101098,2023-09-14,APAC,Japan,Grocery,Olive Oil 750ml,marketplace,2,18.12,0.1,32.62,Consumer,9.0
ORD-101647,2023-09-14,EMEA,France,Home,Espresso Maker,marketplace,10,43.17,0.0,431.7,Enterprise,1.0
ORD-103403,2023-09-14,North America,Mexico,Beauty,Argan Shampoo,web,1,32.09,0.1,28.88,SMB,4.0
ORD-104021,2023-09-14,North America,United States,Home,Cast Iron Pan,marketplace,3,120.67,0.0,362.01,Consumer,3.0
ORD-104467,2023-09-14,LATAM,Brazil,Home,Cotton Duvet,partner,2,66.03,0.0,132.06,Consumer,8.0
ORD-104937,2023-09-14,EMEA,Germany,Electronics,Noise Buds,retail,8,275.28,0.15,1871.9,Enterprise,4.0
ORD-100418,2023-09-15,APAC,India,Beauty,Argan Shampoo,marketplace,3,50.8,0.1,137.16,SMB,6.0
ORD-100845,2023-09-15,North America,Mexico,Grocery,Dark Chocolate 90%,retail,2,12.53,0.0,25.06,Consumer,5.0
ORD-101342,2023-09-15,North America,Canada,Sports,Carbon Racket,web,2,103.4,0.05,196.46,SMB,6.0
ORD-103082,2023-09-15,North America,Mexico,Beauty,Argan Shampoo,retail,1,32.39,0.0,32.39,SMB,4.0
ORD-103868,2023-09-15,North America,Canada,Home,Cotton Duvet,web,2,36.71,0.0,73.42,Consumer,6.0
ORD-104376,2023-09-15,LATAM,Chile,Sports,Trail Runners,web,5,254.26,0.0,1271.3,Enterprise,5.0
ORD-104717,2023-09-15,APAC,Japan,Electronics,Laptop Air 13,partner,7,347.54,0.1,2189.5,Consumer,4.0
ORD-104789,2023-09-15,North America,Canada,Beauty,Matte Lipstick,retail,2,53.48,0.15,90.92,Consumer,4.0
ORD-100182,2023-09-16,North America,United States,Electronics,Smart Watch,web,5,244.37,0.2,977.48,SMB,1.0
ORD-102671,2023-09-16,APAC,Australia,Home,Desk Lamp,web,1,59.59,0.05,56.61,Consumer,7.0
ORD-103650,2023-09-16,APAC,Australia,Sports,Yoga Mat Pro,partner,2,48.4,0.0,96.8,Consumer,8.0
ORD-104528,2023-09-16,EMEA,France,Home,Cast Iron Pan,web,4,135.25,0.0,541.0,Consumer,4.0
ORD-100507,2023-09-17,North America,Canada,Sports,Trail Runners,marketplace,4,54.08,0.0,216.32,Consumer,1.0
ORD-100581,2023-09-17,EMEA,Spain,Electronics,Noise Buds,web,2,209.43,0.0,418.86,Consumer,7.0
ORD-101713,2023-09-17,LATAM,Chile,Sports,Trail Runners,marketplace,3,125.49,0.1,338.82,SMB,12.0
ORD-101998,2023-09-17,EMEA,Italy,Electronics,4K Monitor,web,2,193.31,0.05,367.29,Consumer,3.0
ORD-102623,2023-09-17,North America,United States,Electronics,Noise Buds,web,5,107.6,0.0,538.0,Consumer,2.0
ORD-102821,2023-09-17,North America,Canada,Beauty,Matte Lipstick,web,2,61.0,0.0,122.0,Consumer,3.0
ORD-102913,2023-09-17,EMEA,United Kingdom,Electronics,4K Monitor,web,4,438.97,0.0,1755.88,Enterprise,4.0
ORD-103087,2023-09-17,APAC,Australia,Sports,Trail Runners,marketplace,2,143.26,0.0,286.52,Consumer,11.0
ORD-104946,2023-09-17,APAC,India,Electronics,Noise Buds,marketplace,2,190.88,0.0,381.76,Consumer,6.0
ORD-100124,2023-09-18,North America,Canada,Electronics,Smart Watch,retail,9,379.15,0.3,2388.64,Enterprise,5.0
ORD-102230,2023-09-18,EMEA,Germany,Grocery,Dark Chocolate 90%,partner,1,22.75,0.0,22.75,Consumer,5.0
ORD-103100,2023-09-18,LATAM,Argentina,Home,Espresso Maker,web,4,82.75,0.1,297.9,SMB,8.0
ORD-104023,2023-09-18,APAC,Japan,Home,Espresso Maker,web,3,166.85,0.0,500.55,SMB,9.0
ORD-104069,2023-09-18,APAC,India,Electronics,Smart Watch,partner,11,196.36,0.1,1943.96,Enterprise,6.0
ORD-104566,2023-09-18,APAC,India,Electronics,Laptop Air 13,web,4,173.08,0.0,692.32,SMB,3.0
ORD-100308,2023-09-19,APAC,Singapore,Home,Espresso Maker,web,2,126.07,0.0,252.14,SMB,
ORD-102388,2023-09-19,EMEA,Germany,Beauty,Argan Shampoo,retail,2,61.04,0.15,103.77,SMB,5.0
ORD-102445,2023-09-19,North America,Mexico,Electronics,Noise Buds,marketplace,3,70.02,0.15,178.55,Consumer,2.0
ORD-103546,2023-09-19,North America,United States,Electronics,4K Monitor,marketplace,5,159.74,0.1,718.83,Consumer,2.0
ORD-103037,2023-09-20,North America,United States,Sports,Trail Runners,retail,5,322.27,0.2,1289.08,SMB,1.0
ORD-103187,2023-09-20,North America,Canada,Grocery,Dark Chocolate 90%,partner,3,48.24,0.0,144.72,Consumer,4.0
ORD-103351,2023-09-20,APAC,India,Home,Cotton Duvet,marketplace,7,91.52,0.0,640.64,Enterprise,4.0
ORD-100408,2023-09-21,North America,Mexico,Electronics,Laptop Air 13,web,3,190.96,0.0,572.88,Consumer,4.0
ORD-101371,2023-09-21,North America,Mexico,Grocery,Dark Chocolate 90%,web,4,36.43,0.15,123.86,Enterprise,6.0
ORD-102156,2023-09-21,APAC,Singapore,Home,Desk Lamp,marketplace,2,99.05,0.0,198.1,Consumer,6.0
ORD-102372,2023-09-21,North America,Mexico,Sports,Yoga Mat Pro,web,1,79.48,0.0,79.48,Consumer,3.0
ORD-102679,2023-09-21,North America,Canada,Home,Cotton Duvet,partner,2,74.28,0.15,126.28,SMB,5.0
ORD-103012,2023-09-21,EMEA,United Kingdom,Electronics,Noise Buds,web,11,126.37,0.0,1390.07,Enterprise,4.0
ORD-101269,2023-09-22,EMEA,France,Sports,Trail Runners,marketplace,5,68.99,0.05,327.7,Consumer,2.0
ORD-101346,2023-09-22,EMEA,United Kingdom,Grocery,Arabica Beans 1kg,web,2,23.8,0.0,47.6,Enterprise,2.0
ORD-101825,2023-09-22,North America,Mexico,Sports,Trail Runners,partner,3,241.89,0.0,725.67,Consumer,2.0
ORD-102265,2023-09-22,North America,United States,Sports,Yoga Mat Pro,marketplace,5,102.93,0.0,514.65,Consumer,5.0
ORD-103224,2023-09-22,LATAM,Chile,Electronics,4K Monitor,web,9,190.72,0.15,1459.01,Enterprise,2.0
ORD-103973,2023-09-22,EMEA,France,Beauty,Serum Vitamin C,marketplace,3,71.92,0.15,183.4,SMB,6.0
ORD-104585,2023-09-22,North America,Mexico,Home,Cotton Duvet,web,1,65.55,0.0,65.55,Consumer,2.0
ORD-100056,2023-09-23,APAC,Australia,Electronics,4K Monitor,retail,3,188.14,0.3,395.09,Enterprise,6.0
ORD-102457,2023-09-23,EMEA,Italy,Beauty,Serum Vitamin C,web,2,57.64,0.15,97.99,Consumer,4.0
ORD-103521,2023-09-23,North America,Mexico,Home,Espresso Maker,retail,5,54.33,0.05,258.07,Consumer,1.0
ORD-104620,2023-09-23,EMEA,Spain,Sports,Carbon Racket,web,4,166.51,0.0,666.04,Consumer,4.0
ORD-100841,2023-09-24,APAC,Singapore,Electronics,Laptop Air 13,retail,2,242.41,0.05,460.58,Consumer,17.0
ORD-100922,2023-09-24,APAC,Australia,Grocery,Dark Chocolate 90%,web,2,29.69,0.0,59.38,Consumer,8.0
ORD-101117,2023-09-24,EMEA,United Kingdom,Electronics,Laptop Air 13,retail,5,507.79,0.1,2285.06,Consumer,5.0
ORD-102099,2023-09-24,EMEA,France,Sports,Trail Runners,retail,4,137.8,0.0,551.2,Consumer,1.0
ORD-102392,2023-09-24,EMEA,France,Electronics,Noise Buds,web,3,106.06,0.2,254.54,Enterprise,3.0
ORD-100098,2023-09-25,APAC,Japan,Beauty,Serum Vitamin C,retail,6,23.37,0.05,133.21,Enterprise,7.0
ORD-100275,2023-09-25,LATAM,Brazil,Electronics,Laptop Air 13,retail,4,394.16,0.3,1103.65,SMB,16.0
ORD-100281,2023-09-25,LATAM,Chile,Sports,Carbon Racket,web,10,48.91,0.15,415.73,Enterprise,7.0
ORD-101657,2023-09-25,APAC,Singapore,Home,Espresso Maker,retail,1,111.36,0.0,111.36,Consumer,6.0
ORD-102127,2023-09-25,North America,United States,Grocery,Arabica Beans 1kg,retail,2,24.44,0.1,43.99,Consumer,3.0
ORD-102274,2023-09-25,APAC,Australia,Electronics,Noise Buds,web,4,198.97,0.2,636.7,SMB,7.0
ORD-102309,2023-09-25,APAC,Singapore,Sports,Yoga Mat Pro,web,2,211.74,0.0,423.48,Consumer,6.0
ORD-102788,2023-09-25,LATAM,Chile,Electronics,4K Monitor,retail,2,219.92,0.0,439.84,Consumer,10.0
ORD-103558,2023-09-25,EMEA,France,Sports,Yoga Mat Pro,web,2,91.95,0.15,156.32,SMB,1.0
ORD-100365,2023-09-26,EMEA,Italy,Home,Desk Lamp,web,3,128.37,0.1,346.6,SMB,3.0
ORD-100537,2023-09-26,EMEA,United Kingdom,Home,Cast Iron Pan,partner,2,155.4,0.0,310.8,Consumer,1.0
ORD-101103,2023-09-26,EMEA,United Kingdom,Grocery,Dark Chocolate 90%,web,2,23.89,0.1,43.0,SMB,2.0
ORD-101355,2023-09-26,EMEA,Spain,Electronics,4K Monitor,partner,5,296.13,0.2,1184.52,Consumer,2.0
ORD-102276,2023-09-26,LATAM,Chile,Home,Cotton Duvet,web,5,128.35,0.15,545.49,Consumer,5.0
ORD-102750,2023-09-26,APAC,Australia,Home,Desk Lamp,partner,3,49.05,0.05,139.79,Consumer,4.0
ORD-102757,2023-09-26,North America,Mexico,Sports,Yoga Mat Pro,web,2,90.37,0.1,162.67,Consumer,6.0
ORD-103046,2023-09-26,North America,United States,Electronics,Smart Watch,web,3,526.64,0.15,1342.93,SMB,3.0
ORD-103998,2023-09-26,EMEA,Germany,Grocery,Olive Oil 750ml,web,4,43.0,0.05,163.4,Consumer,3.0
ORD-104214,2023-09-26,APAC,Singapore,Beauty,Serum Vitamin C,web,1,48.69,0.0,48.69,Consumer,6.0
ORD-104791,2023-09-26,EMEA,France,Grocery,Dark Chocolate 90%,web,2,22.18,0.0,44.36,Consumer,2.0
ORD-100434,2023-09-27,North America,United States,Sports,Trail Runners,partner,2,60.41,0.0,120.82,SMB,2.0
ORD-100463,2023-09-27,EMEA,Germany,Electronics,4K Monitor,web,6,566.18,0.0,3397.08,Consumer,3.0
ORD-100808,2023-09-27,North America,Canada,Beauty,Serum Vitamin C,marketplace,4,82.59,0.0,330.36,Consumer,3.0
ORD-101019,2023-09-27,APAC,Australia,Beauty,Serum Vitamin C,web,2,62.33,0.0,124.66,Consumer,7.0
ORD-102486,2023-09-27,North America,Mexico,Home,Cotton Duvet,marketplace,1,90.47,0.0,90.47,Consumer,1.0
ORD-103717,2023-09-27,EMEA,France,Home,Cotton Duvet,web,2,88.08,0.1,158.54,Consumer,2.0
ORD-103950,2023-09-27,EMEA,Italy,Home,Espresso Maker,partner,9,34.19,0.05,292.32,Enterprise,4.0
ORD-104121,2023-09-27,EMEA,United Kingdom,Sports,Yoga Mat Pro,retail,2,115.12,0.1,207.22,SMB,4.0
ORD-101078,2023-09-28,EMEA,Germany,Beauty,Serum Vitamin C,web,4,26.33,0.1,94.79,Consumer,9.0
ORD-101084,2023-09-28,North America,Mexico,Grocery,Dark Chocolate 90%,marketplace,1,15.91,0.0,15.91,SMB,2.0
ORD-101107,2023-09-28,LATAM,Brazil,Sports,Trail Runners,retail,4,46.53,0.05,176.81,SMB,
ORD-101456,2023-09-28,EMEA,United Kingdom,Home,Cast Iron Pan,web,1,76.49,0.05,72.67,Consumer,1.0
ORD-101459,2023-09-28,EMEA,Germany,Electronics,Smart Watch,marketplace,1,552.83,0.0,552.83,Consumer,5.0
ORD-102272,2023-09-28,LATAM,Brazil,Home,Desk Lamp,web,2,154.43,0.0,308.86,Consumer,5.0
ORD-103344,2023-09-28,North America,United States,Electronics,Laptop Air 13,partner,2,74.84,0.15,127.23,Consumer,1.0
ORD-100427,2023-09-29,North America,United States,Sports,Yoga Mat Pro,web,1,116.2,0.05,110.39,Consumer,5.0
ORD-100735,2023-09-29,EMEA,Italy,Beauty,Serum Vitamin C,web,2,37.7,0.0,75.4,Consumer,3.0
ORD-101149,2023-09-29,North America,United States,Sports,Carbon Racket,marketplace,1,165.73,0.05,157.44,Consumer,4.0
ORD-101963,2023-09-29,North America,Mexico,Sports,Trail Runners,marketplace,3,91.49,0.0,274.47,Consumer,5.0
ORD-101965,2023-09-29,LATAM,Argentina,Sports,Carbon Racket,retail,4,134.71,0.05,511.9,Consumer,
ORD-102469,2023-09-29,APAC,Australia,Beauty,Matte Lipstick,web,2,38.53,0.0,77.06,SMB,7.0
ORD-103849,2023-09-29,EMEA,United Kingdom,Beauty,Argan Shampoo,web,9,41.55,0.1,336.56,Enterprise,1.0
ORD-104819,2023-09-29,EMEA,Germany,Electronics,Noise Buds,retail,4,237.43,0.0,949.72,Consumer,2.0
ORD-104849,2023-09-29,APAC,Australia,Grocery,Olive Oil 750ml,marketplace,1,12.82,0.1,11.54,SMB,11.0
ORD-103316,2023-09-30,North America,United States,Electronics,Noise Buds,web,1,261.1,0.0,261.1,SMB,3.0
ORD-104989,2023-09-30,APAC,Singapore,Sports,Trail Runners,web,5,80.49,0.15,342.08,Consumer,3.0
ORD-101032,2023-10-01,North America,United States,Sports,Trail Runners,marketplace,4,55.72,0.0,222.88,Enterprise,5.0
ORD-101353,2023-10-01,North America,Canada,Home,Espresso Maker,web,1,66.8,0.2,53.44,SMB,
ORD-102504,2023-10-01,EMEA,Spain,Sports,Yoga Mat Pro,retail,2,210.18,0.2,336.29,Consumer,3.0
ORD-101251,2023-10-02,North America,United States,Grocery,Arabica Beans 1kg,web,3,30.21,0.15,77.04,SMB,6.0
ORD-102172,2023-10-02,North America,Canada,Home,Desk Lamp,retail,2,102.93,0.0,205.86,Consumer,1.0
ORD-102360,2023-10-02,APAC,India,Sports,Yoga Mat Pro,partner,1,41.46,0.05,39.39,Consumer,8.0
ORD-102811,2023-10-02,EMEA,Spain,Beauty,Argan Shampoo,marketplace,2,37.43,0.0,74.86,Consumer,7.0
ORD-104206,2023-10-02,APAC,Australia,Grocery,Olive Oil 750ml,retail,1,24.15,0.15,20.53,Consumer,6.0
ORD-100524,2023-10-03,APAC,Japan,Grocery,Dark Chocolate 90%,web,3,26.69,0.0,80.07,Consumer,4.0
ORD-101384,2023-10-03,EMEA,Italy,Electronics,Smart Watch,web,2,319.47,0.05,606.99,SMB,3.0
ORD-102226,2023-10-03,North America,Canada,Home,Cast Iron Pan,marketplace,1,58.48,0.0,58.48,Consumer,2.0
ORD-102279,2023-10-03,APAC,Singapore,Beauty,Matte Lipstick,marketplace,3,20.0,0.0,60.0,Consumer,8.0
ORD-102806,2023-10-03,North America,United States,Home,Cotton Duvet,web,2,35.51,0.0,71.02,SMB,2.0
ORD-102957,2023-10-03,North America,Canada,Electronics,Noise Buds,web,1,255.78,0.1,230.2,Consumer,4.0
ORD-103911,2023-10-03,EMEA,France,Beauty,Argan Shampoo,partner,4,28.18,0.0,112.72,Consumer,4.0
ORD-100498,2023-10-04,EMEA,Italy,Grocery,Olive Oil 750ml,web,3,12.83,0.0,38.49,Consumer,4.0
ORD-100811,2023-10-04,EMEA,Spain,Electronics,Noise Buds,partner,2,435.82,0.0,871.64,Consumer,3.0
ORD-101057,2023-10-04,APAC,Singapore,Electronics,Laptop Air 13,partner,1,155.11,0.0,155.11,Consumer,6.0
ORD-101500,2023-10-04,EMEA,France,Electronics,4K Monitor,web,2,340.7,0.1,613.26,SMB,3.0
ORD-101670,2023-10-04,EMEA,Germany,Electronics,4K Monitor,marketplace,2,145.57,0.0,291.14,SMB,3.0
ORD-102359,2023-10-04,EMEA,France,Home,Cotton Duvet,retail,4,185.01,0.0,740.04,Consumer,4.0
ORD-102670,2023-10-04,EMEA,Spain,Home,Cotton Duvet,marketplace,1,100.24,0.0,100.24,Consumer,6.0
ORD-104661,2023-10-04,North America,United States,Electronics,Smart Watch,retail,3,263.57,0.05,751.17,Consumer,5.0
ORD-100217,2023-10-05,North America,Canada,Beauty,Argan Shampoo,partner,3,41.37,0.1,111.7,SMB,9.0
ORD-101813,2023-10-05,North America,United States,Grocery,Dark Chocolate 90%,web,3,18.95,0.0,56.85,Consumer,4.0
ORD-102471,2023-10-05,EMEA,United Kingdom,Home,Cast Iron Pan,marketplace,2,101.89,0.1,183.4,Consumer,3.0
ORD-103099,2023-10-05,North America,United States,Electronics,Laptop Air 13,web,5,139.53,0.2,558.12,Enterprise,1.0
ORD-103584,2023-10-05,North America,United States,Electronics,4K Monitor,marketplace,6,253.13,0.0,1518.78,Consumer,5.0
ORD-103910,2023-10-05,APAC,India,Electronics,Smart Watch,web,2,168.91,0.0,337.82,Consumer,4.0
ORD-103960,2023-10-05,EMEA,Spain,Home,Cast Iron Pan,web,2,45.66,0.05,86.75,Consumer,4.0
ORD-100331,2023-10-06,EMEA,Germany,Home,Cotton Duvet,partner,4,63.93,0.05,242.93,SMB,4.0
ORD-100514,2023-10-06,North America,Canada,Home,Cotton Duvet,partner,1,47.91,0.0,47.91,Consumer,7.0
ORD-100618,2023-10-06,LATAM,Brazil,Electronics,Laptop Air 13,partner,2,352.17,0.1,633.91,Consumer,8.0
ORD-100775,2023-10-06,APAC,Japan,Sports,Trail Runners,partner,3,198.79,0.05,566.55,Consumer,4.0
ORD-101277,2023-10-06,North America,United States,Electronics,Smart Watch,web,1,562.09,0.0,562.09,Consumer,1.0
ORD-101690,2023-10-06,LATAM,Argentina,Home,Cast Iron Pan,web,4,39.87,0.0,159.48,Consumer,8.0
ORD-101739,2023-10-06,North America,Mexico,Beauty,Matte Lipstick,web,5,58.44,0.2,233.76,Consumer,2.0
ORD-102286,2023-10-06,LATAM,Argentina,Electronics,4K Monitor,marketplace,4,531.15,0.0,2124.6,Consumer,7.0
ORD-102289,2023-10-06,North America,Canada,Beauty,Serum Vitamin C,retail,4,31.28,0.15,106.35,Enterprise,2.0
ORD-102820,2023-10-06,North America,Mexico,Electronics,Smart Watch,web,2,144.05,0.0,288.1,SMB,3.0
ORD-103000,2023-10-06,North America,United States,Beauty,Argan Shampoo,retail,2,33.66,0.0,67.32,Consumer,1.0
ORD-103146,2023-10-06,EMEA,United Kingdom,Beauty,Serum Vitamin C,partner,2,25.0,0.05,47.5,Consumer,9.0
ORD-103421,2023-10-06,North America,Mexico,Beauty,Serum Vitamin C,web,2,31.14,0.0,62.28,Consumer,6.0
ORD-104008,2023-10-06,North America,Mexico,Home,Cast Iron Pan,web,2,83.27,0.0,166.54,SMB,1.0
ORD-104253,2023-10-06,North America,Mexico,Sports,Carbon Racket,partner,4,100.11,0.05,380.42,Consumer,1.0
ORD-104599,2023-10-06,North America,Mexico,Beauty,Serum Vitamin C,marketplace,1,18.28,0.0,18.28,Consumer,5.0
ORD-104718,2023-10-06,North America,Mexico,Home,Espresso Maker,web,5,83.91,0.0,419.55,Consumer,4.0
ORD-100647,2023-10-07,APAC,India,Electronics,4K Monitor,web,1,179.58,0.0,179.58,Consumer,6.0
ORD-101227,2023-10-07,LATAM,Chile,Grocery,Arabica Beans 1kg,marketplace,2,18.37,0.0,36.74,Consumer,10.0
ORD-101424,2023-10-07,North America,Mexico,Home,Cast Iron Pan,partner,2,89.98,0.05,170.96,Consumer,2.0
ORD-102741,2023-10-07,North America,Canada,Electronics,4K Monitor,marketplace,2,113.84,0.0,227.68,SMB,5.0
ORD-102854,2023-10-07,North America,United States,Sports,Yoga Mat Pro,marketplace,5,129.02,0.1,580.59,Enterprise,3.0
ORD-104659,2023-10-07,North America,Canada,Grocery,Olive Oil 750ml,retail,2,36.07,0.0,72.14,Consumer,2.0
ORD-104847,2023-10-07,APAC,Australia,Electronics,4K Monitor,web,7,396.42,0.0,2774.94,Enterprise,5.0
ORD-100440,2023-10-08,North America,United States,Electronics,Smart Watch,marketplace,1,240.17,0.05,228.16,Consumer,4.0
ORD-101181,2023-10-08,EMEA,Italy,Home,Desk Lamp,marketplace,10,88.41,0.3,618.87,Enterprise,2.0
ORD-101907,2023-10-08,APAC,India,Home,Cast Iron Pan,retail,3,131.9,0.15,336.34,Consumer,5.0
ORD-102492,2023-10-08,North America,United States,Home,Cast Iron Pan,marketplace,8,159.82,0.15,1086.78,Enterprise,3.0
ORD-102587,2023-10-08,LATAM,Brazil,Electronics,Noise Buds,marketplace,4,180.78,0.0,723.12,Consumer,9.0
ORD-103839,2023-10-08,North America,Canada,Home,Cotton Duvet,marketplace,9,107.91,0.3,679.83,Enterprise,4.0
ORD-100154,2023-10-09,North America,United States,Grocery,Olive Oil 750ml,web,5,37.38,0.1,168.21,Enterprise,2.0
ORD-100195,2023-10-09,EMEA,Italy,Electronics,Smart Watch,marketplace,8,208.17,0.05,1582.09,Enterprise,3.0
ORD-102077,2023-10-09,EMEA,Spain,Grocery,Arabica Beans 1kg,retail,2,34.26,0.0,68.52,SMB,2.0
ORD-103273,2023-10-09,North America,Mexico,Beauty,Serum Vitamin C,marketplace,2,54.1,0.0,108.2,SMB,1.0
ORD-100161,2023-10-10,North America,Canada,Home,Espresso Maker,web,4,62.06,0.0,248.24,Consumer,3.0
ORD-100783,2023-10-10,North America,Mexico,Electronics,Laptop Air 13,marketplace,3,96.65,0.1,260.96,SMB,5.0
ORD-101289,2023-10-10,LATAM,Brazil,Sports,Carbon Racket,retail,1,132.21,0.0,132.21,Consumer,
ORD-102333,2023-10-10,EMEA,United Kingdom,Home,Cast Iron Pan,retail,7,47.41,0.15,282.09,Enterprise,9.0
ORD-102718,2023-10-10,North America,Mexico,Beauty,Argan Shampoo,web,2,56.36,0.05,107.08,Consumer,3.0
ORD-102987,2023-10-10,EMEA,Germany,Grocery,Arabica Beans 1kg,web,5,21.23,0.0,106.15,Enterprise,8.0
ORD-104865,2023-10-10,LATAM,Chile,Sports,Trail Runners,marketplace,2,98.98,0.0,197.96,SMB,13.0
ORD-102544,2023-10-11,North America,United States,Grocery,Olive Oil 750ml,web,3,7.94,0.05,22.63,Enterprise,2.0
ORD-100344,2023-10-12,North America,United States,Electronics,4K Monitor,retail,2,167.74,0.15,285.16,Consumer,5.0
ORD-102637,2023-10-12,North America,Canada,Home,Desk Lamp,web,3,81.95,0.0,245.85,Consumer,
ORD-102951,2023-10-12,EMEA,United Kingdom,Home,Cotton Duvet,web,1,166.39,0.0,166.39,Consumer,3.0
ORD-103786,2023-10-12,EMEA,Italy,Beauty,Argan Shampoo,retail,3,65.11,0.05,185.56,Consumer,4.0
ORD-104082,2023-10-12,APAC,Australia,Home,Desk Lamp,retail,4,61.59,0.05,234.04,SMB,6.0
ORD-100777,2023-10-13,North America,United States,Grocery,Arabica Beans 1kg,retail,8,15.39,0.2,98.5,Enterprise,1.0
ORD-101335,2023-10-13,North America,United States,Grocery,Dark Chocolate 90%,retail,9,21.47,0.1,173.91,Enterprise,8.0
ORD-102125,2023-10-13,North America,Mexico,Home,Espresso Maker,web,3,119.52,0.15,304.78,Consumer,3.0
ORD-103581,2023-10-13,North America,Canada,Electronics,Laptop Air 13,marketplace,3,155.29,0.0,465.87,Consumer,5.0
ORD-103770,2023-10-13,LATAM,Brazil,Beauty,Serum Vitamin C,partner,8,71.84,0.1,517.25,Enterprise,7.0
ORD-103908,2023-10-13,EMEA,Italy,Home,Desk Lamp,web,3,53.57,0.05,152.67,SMB,1.0
ORD-103962,2023-10-14,North America,United States,Home,Desk Lamp,web,3,91.37,0.0,274.11,Consumer,2.0
ORD-104885,2023-10-14,APAC,Japan,Sports,Yoga Mat Pro,web,2,115.13,0.05,218.75,Consumer,4.0
ORD-100177,2023-10-15,North America,United States,Grocery,Arabica Beans 1kg,web,4,24.93,0.0,99.72,SMB,3.0
ORD-100319,2023-10-15,North America,Mexico,Electronics,Noise Buds,web,3,372.76,0.05,1062.37,Consumer,3.0
ORD-100324,2023-10-15,APAC,India,Grocery,Arabica Beans 1kg,marketplace,6,32.73,0.0,196.38,Enterprise,7.0
ORD-100565,2023-10-15,North America,United States,Beauty,Serum Vitamin C,web,4,50.79,0.1,182.84,SMB,8.0
ORD-100925,2023-10-15,EMEA,United Kingdom,Home,Desk Lamp,web,1,144.08,0.0,144.08,SMB,3.0
ORD-101894,2023-10-15,North America,Mexico,Electronics,4K Monitor,web,4,289.39,0.0,1157.56,Consumer,2.0
ORD-102315,2023-10-15,North America,Mexico,Sports,Trail Runners,retail,3,70.57,0.15,179.95,Consumer,1.0
ORD-102650,2023-10-15,EMEA,Italy,Electronics,4K Monitor,web,2,304.95,0.0,609.9,Enterprise,4.0
ORD-103568,2023-10-15,EMEA,Germany,Beauty,Argan Shampoo,marketplace,2,40.86,0.0,81.72,Consumer,2.0
ORD-103615,2023-10-15,EMEA,Spain,Grocery,Olive Oil 750ml,web,2,17.16,0.0,34.32,Consumer,
ORD-104283,2023-10-15,EMEA,United Kingdom,Beauty,Matte Lipstick,marketplace,3,44.67,0.05,127.31,Consumer,4.0
ORD-100803,2023-10-16,North America,United States,Home,Espresso Maker,retail,2,63.49,0.0,126.98,Consumer,1.0
ORD-101157,2023-10-16,APAC,India,Electronics,4K Monitor,web,12,560.26,0.2,5378.5,Enterprise,3.0
ORD-103591,2023-10-16,North America,United States,Beauty,Argan Shampoo,web,3,65.6,0.15,167.28,SMB,5.0
ORD-103975,2023-10-16,North America,United States,Beauty,Argan Shampoo,web,1,36.02,0.0,36.02,SMB,2.0
ORD-104568,2023-10-16,North America,United States,Home,Cotton Duvet,web,2,84.54,0.15,143.72,Consumer,2.0
ORD-100839,2023-10-17,EMEA,Italy,Sports,Yoga Mat Pro,partner,2,159.87,0.05,303.75,SMB,3.0
ORD-101623,2023-10-17,APAC,Japan,Electronics,4K Monitor,web,4,307.53,0.0,1230.12,Consumer,7.0
ORD-101799,2023-10-17,North America,United States,Grocery,Dark Chocolate 90%,web,6,19.28,0.3,80.98,SMB,1.0
ORD-102282,2023-10-17,EMEA,France,Beauty,Argan Shampoo,web,4,73.98,0.3,207.14,Enterprise,5.0
ORD-103402,2023-10-17,APAC,Japan,Beauty,Argan Shampoo,web,3,43.84,0.0,131.52,Consumer,10.0
ORD-103467,2023-10-17,North America,United States,Sports,Carbon Racket,web,11,167.76,0.1,1660.82,Enterprise,2.0
ORD-103474,2023-10-17,LATAM,Argentina,Electronics,Noise Buds,retail,4,360.83,0.15,1226.82,Consumer,11.0
ORD-103817,2023-10-17,APAC,Australia,Grocery,Olive Oil 750ml,web,1,16.73,0.15,14.22,SMB,8.0
ORD-104473,2023-10-17,APAC,Japan,Home,Desk Lamp,web,4,43.24,0.0,172.96,SMB,7.0
ORD-100207,2023-10-18,EMEA,Italy,Home,Cast Iron Pan,web,3,194.42,0.0,583.26,Consumer,8.0
ORD-100884,2023-10-18,EMEA,Spain,Beauty,Argan Shampoo,web,2,67.46,0.05,128.17,Consumer,6.0
ORD-101050,2023-10-18,North America,Mexico,Grocery,Arabica Beans 1kg,retail,3,26.91,0.0,80.73,SMB,4.0
ORD-101219,2023-10-18,APAC,India,Home,Cotton Duvet,web,2,42.39,0.05,80.54,SMB,4.0
ORD-101439,2023-10-18,North America,United States,Electronics,Laptop Air 13,partner,2,576.05,0.0,1152.1,SMB,3.0
ORD-102472,2023-10-18,North America,Canada,Electronics,Laptop Air 13,marketplace,1,312.22,0.05,296.61,Consumer,4.0
ORD-104052,2023-10-18,APAC,Australia,Home,Espresso Maker,marketplace,1,120.74,0.05,114.7,Consumer,12.0
ORD-104236,2023-10-18,EMEA,Spain,Grocery,Olive Oil 750ml,web,5,26.48,0.1,119.16,Consumer,5.0
ORD-100481,2023-10-19,North America,Canada,Sports,Yoga Mat Pro,marketplace,3,75.05,0.0,225.15,Consumer,1.0
ORD-101248,2023-10-19,EMEA,United Kingdom,Beauty,Serum Vitamin C,marketplace,3,62.4,0.0,187.2,SMB,6.0
ORD-101275,2023-10-19,APAC,Singapore,Electronics,Laptop Air 13,web,1,151.62,0.1,136.46,Consumer,4.0
ORD-101679,2023-10-19,APAC,Australia,Home,Espresso Maker,web,3,30.08,0.0,90.24,Consumer,6.0
ORD-102009,2023-10-19,North America,Canada,Grocery,Dark Chocolate 90%,web,3,815.82,0.0,2447.46,Consumer,2.0
ORD-102018,2023-10-19,North America,Canada,Beauty,Matte Lipstick,retail,6,48.91,0.0,293.46,Consumer,2.0
ORD-102440,2023-10-19,North America,Canada,Sports,Carbon Racket,marketplace,4,277.5,0.15,943.5,Consumer,3.0
ORD-102917,2023-10-19,APAC,Japan,Grocery,Arabica Beans 1kg,partner,3,16.78,0.0,50.34,Consumer,5.0
ORD-103003,2023-10-19,North America,Mexico,Home,Desk Lamp,marketplace,1,112.47,0.05,106.85,Consumer,3.0
ORD-103794,2023-10-19,LATAM,Chile,Electronics,4K Monitor,marketplace,2,185.2,0.0,370.4,Consumer,11.0
ORD-104379,2023-10-19,North America,United States,Electronics,Noise Buds,retail,6,133.33,0.0,799.98,Consumer,5.0
ORD-104427,2023-10-19,APAC,Japan,Home,Espresso Maker,marketplace,2,205.26,0.1,369.47,Consumer,8.0
ORD-104900,2023-10-19,North America,Canada,Electronics,Laptop Air 13,retail,7,414.12,0.3,2029.19,Enterprise,2.0
ORD-100350,2023-10-20,North America,Mexico,Beauty,Serum Vitamin C,web,2,51.25,0.0,102.5,Consumer,2.0
ORD-101292,2023-10-20,EMEA,United Kingdom,Beauty,Serum Vitamin C,marketplace,3,37.48,0.0,112.44,Consumer,5.0
ORD-101468,2023-10-20,APAC,Singapore,Grocery,Dark Chocolate 90%,marketplace,3,25.33,0.0,75.99,Consumer,6.0
ORD-101925,2023-10-20,APAC,Japan,Grocery,Olive Oil 750ml,web,2,28.7,0.0,57.4,Consumer,5.0
ORD-102218,2023-10-20,North America,Mexico,Beauty,Argan Shampoo,retail,7,37.87,0.1,238.58,Enterprise,2.0
ORD-102859,2023-10-20,EMEA,United Kingdom,Grocery,Olive Oil 750ml,marketplace,4,33.62,0.05,127.76,Consumer,3.0
ORD-102934,2023-10-20,LATAM,Chile,Home,Desk Lamp,retail,1,104.66,0.1,94.19,Consumer,10.0
ORD-103265,2023-10-20,EMEA,Italy,Electronics,4K Monitor,marketplace,3,135.52,0.05,386.23,Consumer,7.0
ORD-103768,2023-10-20,APAC,Japan,Beauty,Serum Vitamin C,web,1,61.94,0.0,61.94,Consumer,10.0
ORD-104328,2023-10-20,North America,United States,Home,Espresso Maker,web,6,208.42,0.2,1000.42,Enterprise,4.0
ORD-100451,2023-10-21,LATAM,Brazil,Home,Desk Lamp,marketplace,3,107.59,0.3,225.94,SMB,14.0
ORD-101486,2023-10-21,EMEA,United Kingdom,Sports,Carbon Racket,web,2,182.9,0.0,365.8,Consumer,2.0
ORD-101928,2023-10-21,North America,Mexico,Home,Cotton Duvet,web,2,70.27,0.0,140.54,Consumer,1.0
ORD-103165,2023-10-21,North America,Mexico,Beauty,Serum Vitamin C,web,2,34.97,0.0,69.94,Consumer,2.0
ORD-103559,2023-10-21,APAC,Japan,Home,Desk Lamp,retail,7,113.8,0.3,557.62,Enterprise,4.0
ORD-104160,2023-10-21,APAC,Japan,Electronics,Laptop Air 13,marketplace,6,261.87,0.1,1414.1,Enterprise,8.0
ORD-103972,2023-10-22,North America,Mexico,Sports,Yoga Mat Pro,web,3,164.35,0.0,493.05,SMB,2.0
ORD-100057,2023-10-23,EMEA,Italy,Home,Desk Lamp,partner,3,92.24,0.0,276.72,SMB,1.0
ORD-101655,2023-10-23,APAC,Singapore,Home,Espresso Maker,marketplace,5,171.17,0.0,855.85,SMB,6.0
ORD-101750,2023-10-23,North America,Mexico,Electronics,Laptop Air 13,marketplace,4,466.44,0.15,1585.9,SMB,3.0
ORD-102019,2023-10-23,North America,Canada,Beauty,Serum Vitamin C,retail,3,65.69,0.0,197.07,Consumer,4.0
ORD-102109,2023-10-23,EMEA,France,Electronics,Smart Watch,web,3,306.73,0.0,920.19,Consumer,5.0
ORD-102356,2023-10-23,EMEA,United Kingdom,Beauty,Matte Lipstick,marketplace,1,49.75,0.1,44.78,Consumer,4.0
ORD-102523,2023-10-23,North America,Canada,Electronics,Smart Watch,marketplace,10,401.15,0.05,3810.92,Enterprise,2.0
ORD-102631,2023-10-23,North America,United States,Grocery,Dark Chocolate 90%,retail,1,12.63,0.0,12.63,Consumer,2.0
ORD-102717,2023-10-23,EMEA,France,Home,Desk Lamp,web,7,75.66,0.15,450.18,Enterprise,1.0
ORD-103490,2023-10-23,EMEA,United Kingdom,Home,Cotton Duvet,retail,3,41.37,0.2,99.29,Consumer,3.0
ORD-103913,2023-10-23,EMEA,France,Grocery,Dark Chocolate 90%,web,8,26.02,0.05,197.75,Enterprise,5.0
ORD-104682,2023-10-23,EMEA,Germany,Sports,Carbon Racket,retail,1,106.65,0.05,101.32,Consumer,3.0
ORD-100019,2023-10-24,North America,Canada,Electronics,Laptop Air 13,web,3,551.89,0.0,1655.67,Consumer,5.0
ORD-100292,2023-10-24,LATAM,Chile,Home,Espresso Maker,marketplace,6,58.29,0.05,332.25,Consumer,7.0
ORD-101874,2023-10-24,APAC,Singapore,Grocery,Arabica Beans 1kg,marketplace,1,21.56,0.15,18.33,SMB,2.0
ORD-102368,2023-10-24,North America,Canada,Electronics,Smart Watch,marketplace,4,313.12,0.1,1127.23,SMB,1.0
ORD-102794,2023-10-24,North America,United States,Beauty,Serum Vitamin C,web,1,19.3,0.05,18.34,SMB,2.0
ORD-102798,2023-10-24,APAC,Australia,Grocery,Dark Chocolate 90%,web,2,28.46,0.15,48.38,Consumer,4.0
ORD-103942,2023-10-24,EMEA,France,Electronics,4K Monitor,marketplace,3,286.34,0.0,859.02,Consumer,1.0
ORD-100560,2023-10-25,APAC,Singapore,Home,Cast Iron Pan,web,4,100.93,0.1,363.35,Consumer,
ORD-101093,2023-10-25,EMEA,United Kingdom,Sports,Yoga Mat Pro,web,2,73.86,0.05,140.33,Consumer,5.0
ORD-101200,2023-10-25,APAC,Japan,Home,Cotton Duvet,web,3,2116.88,0.0,6350.64,Consumer,1.0
ORD-101427,2023-10-25,EMEA,France,Home,Desk Lamp,retail,4,92.34,0.0,369.36,Consumer,7.0
ORD-102611,2023-10-25,APAC,India,Home,Cast Iron Pan,partner,2,61.44,0.1,110.59,Consumer,5.0
ORD-103195,2023-10-25,EMEA,Italy,Home,Cast Iron Pan,web,2,94.17,0.05,178.92,Consumer,2.0
ORD-103874,2023-10-25,APAC,India,Home,Espresso Maker,partner,1,158.25,0.0,158.25,Consumer,9.0
ORD-100233,2023-10-26,North America,Canada,Beauty,Argan Shampoo,web,2,62.82,0.05,119.36,SMB,1.0
ORD-100396,2023-10-26,LATAM,Brazil,Sports,Yoga Mat Pro,marketplace,3,110.23,0.0,330.69,Consumer,4.0
ORD-101668,2023-10-26,EMEA,France,Beauty,Argan Shampoo,web,4,31.97,0.0,127.88,Consumer,3.0
ORD-101773,2023-10-26,North America,Mexico,Home,Cotton Duvet,marketplace,4,108.31,0.0,433.24,Consumer,3.0
ORD-102628,2023-10-26,LATAM,Argentina,Home,Cast Iron Pan,retail,2,66.9,0.0,133.8,Consumer,11.0
ORD-103442,2023-10-26,LATAM,Brazil,Home,Espresso Maker,partner,4,93.55,0.3,261.94,Consumer,5.0
ORD-103643,2023-10-26,EMEA,United Kingdom,Home,Cast Iron Pan,retail,2,168.65,0.15,286.7,Consumer,6.0
ORD-103979,2023-10-26,North America,Canada,Beauty,Serum Vitamin C,retail,3,34.17,0.0,102.51,Consumer,2.0
ORD-104129,2023-10-26,APAC,India,Grocery,Olive Oil 750ml,marketplace,3,20.93,0.1,56.51,Consumer,8.0
ORD-104343,2023-10-26,EMEA,United Kingdom,Beauty,Argan Shampoo,web,3,26.16,0.0,78.48,Consumer,4.0
ORD-104545,2023-10-26,EMEA,Italy,Home,Cast Iron Pan,web,2,47.91,0.0,95.82,Consumer,4.0
ORD-104683,2023-10-26,North America,Mexico,Home,Desk Lamp,web,2,84.76,0.15,144.09,Consumer,5.0
ORD-104702,2023-10-26,EMEA,Spain,Sports,Carbon Racket,web,2,277.32,0.0,554.64,Consumer,2.0
ORD-100297,2023-10-27,North America,Mexico,Grocery,Dark Chocolate 90%,web,4,22.35,0.1,80.46,Consumer,5.0
ORD-102299,2023-10-27,APAC,Australia,Beauty,Serum Vitamin C,marketplace,1,27.18,0.05,25.82,Consumer,6.0
ORD-102698,2023-10-27,EMEA,Spain,Sports,Carbon Racket,retail,5,100.6,0.2,402.4,SMB,2.0
ORD-102711,2023-10-27,APAC,India,Grocery,Arabica Beans 1kg,retail,4,24.13,0.0,96.52,Consumer,5.0
ORD-103897,2023-10-27,North America,Canada,Home,Espresso Maker,web,1,74.78,0.05,71.04,SMB,2.0
ORD-100789,2023-10-28,EMEA,Italy,Grocery,Olive Oil 750ml,marketplace,3,23.63,0.15,60.26,Consumer,3.0
ORD-100861,2023-10-28,North America,United States,Electronics,Laptop Air 13,web,1,205.25,0.0,205.25,Consumer,6.0
ORD-101132,2023-10-28,North America,Mexico,Electronics,Noise Buds,web,3,590.77,0.05,1683.69,SMB,4.0
ORD-102323,2023-10-28,APAC,Australia,Home,Espresso Maker,retail,2,77.67,0.0,155.34,Consumer,6.0
ORD-102643,2023-10-28,EMEA,Germany,Grocery,Arabica Beans 1kg,marketplace,1,20.48,0.05,19.46,SMB,4.0
ORD-102994,2023-10-28,North America,Canada,Home,Espresso Maker,retail,5,151.07,0.15,642.05,Consumer,3.0
ORD-103859,2023-10-28,EMEA,Spain,Sports,Yoga Mat Pro,web,2,160.34,0.0,320.68,Consumer,3.0
ORD-100058,2023-10-29,EMEA,Germany,Beauty,Serum Vitamin C,marketplace,2,39.79,0.05,75.6,SMB,9.0
ORD-100933,2023-10-29,North America,Mexico,Home,Espresso Maker,marketplace,3,210.45,0.0,631.35,Consumer,2.0
ORD-102865,2023-10-29,LATAM,Argentina,Sports,Carbon Racket,web,3,123.1,0.15,313.9,SMB,12.0
ORD-103993,2023-10-29,North America,United States,Sports,Trail Runners,web,2,90.68,0.0,181.36,Consumer,4.0
ORD-104330,2023-10-29,North America,Canada,Sports,Yoga Mat Pro,marketplace,3,63.23,0.1,170.72,SMB,7.0
ORD-104375,2023-10-29,APAC,Japan,Electronics,Noise Buds,web,1,301.21,0.15,256.03,Consumer,7.0
ORD-104952,2023-10-29,APAC,India,Electronics,Laptop Air 13,retail,4,185.68,0.15,631.31,Consumer,4.0
ORD-100244,2023-10-30,EMEA,Spain,Home,Espresso Maker,web,2,46.09,0.0,92.18,Consumer,4.0
ORD-100521,2023-10-30,APAC,India,Beauty,Argan Shampoo,web,4,63.26,0.0,253.04,Consumer,6.0
ORD-101039,2023-10-30,EMEA,Italy,Electronics,4K Monitor,web,10,717.98,0.15,6102.83,Enterprise,4.0
ORD-101109,2023-10-30,North America,Mexico,Electronics,Laptop Air 13,web,4,246.95,0.15,839.63,Consumer,4.0
ORD-101383,2023-10-30,North America,Mexico,Sports,Trail Runners,web,3,268.84,0.0,806.52,SMB,3.0
ORD-101986,2023-10-30,EMEA,Germany,Home,Desk Lamp,web,2,70.86,0.0,141.72,Consumer,2.0
ORD-103208,2023-10-30,North America,Canada,Home,Cast Iron Pan,web,3,209.9,0.0,629.7,SMB,1.0
ORD-103718,2023-10-30,EMEA,United Kingdom,Sports,Carbon Racket,web,3,76.46,0.0,229.38,Consumer,5.0
ORD-103870,2023-10-30,North America,Canada,Electronics,Noise Buds,partner,5,359.58,0.1,1618.11,Consumer,1.0
ORD-104016,2023-10-30,North America,Canada,Electronics,Smart Watch,marketplace,3,161.87,0.0,485.61,Consumer,6.0
ORD-100582,2023-10-31,LATAM,Chile,Grocery,Arabica Beans 1kg,marketplace,2,29.64,0.05,56.32,SMB,8.0
ORD-100624,2023-10-31,North America,United States,Home,Desk Lamp,web,3,142.34,0.1,384.32,Consumer,5.0
ORD-100721,2023-10-31,North America,Mexico,Sports,Yoga Mat Pro,web,1,109.82,0.0,109.82,Consumer,1.0
ORD-100746,2023-10-31,North America,Canada,Beauty,Serum Vitamin C,retail,2,32.88,0.0,65.76,Consumer,1.0
ORD-101514,2023-10-31,North America,Mexico,Beauty,Serum Vitamin C,web,3,22.19,0.0,66.57,Consumer,1.0
ORD-102342,2023-10-31,North America,United States,Home,Cast Iron Pan,web,1,46.61,0.05,44.28,SMB,2.0
ORD-102361,2023-10-31,APAC,Japan,Grocery,Olive Oil 750ml,web,2,25.37,0.0,50.74,Consumer,8.0
ORD-102520,2023-10-31,APAC,India,Home,Espresso Maker,partner,5,114.54,0.0,572.7,SMB,6.0
ORD-103715,2023-10-31,North America,Canada,Grocery,Arabica Beans 1kg,web,2,23.46,0.05,44.57,Consumer,3.0
ORD-103801,2023-10-31,North America,Canada,Electronics,Laptop Air 13,marketplace,3,133.42,0.05,380.25,Enterprise,2.0
ORD-103974,2023-10-31,EMEA,United Kingdom,Home,Cotton Duvet,retail,3,86.65,0.15,220.96,Consumer,2.0
ORD-100245,2023-11-01,APAC,Japan,Sports,Trail Runners,retail,2,138.42,0.2,221.47,SMB,6.0
ORD-100368,2023-11-01,APAC,India,Electronics,Smart Watch,web,2,281.09,0.05,534.07,Consumer,7.0
ORD-100405,2023-11-01,North America,Mexico,Beauty,Serum Vitamin C,web,2,19.97,0.0,39.94,Consumer,3.0
ORD-100574,2023-11-01,North America,Mexico,Beauty,Serum Vitamin C,marketplace,1,50.29,0.1,45.26,Consumer,3.0
ORD-100848,2023-11-01,EMEA,Spain,Beauty,Matte Lipstick,web,5,60.81,0.3,212.84,Enterprise,3.0
ORD-100871,2023-11-01,APAC,Japan,Electronics,Smart Watch,retail,1,293.98,0.05,279.28,Consumer,9.0
ORD-101435,2023-11-01,LATAM,Chile,Electronics,Smart Watch,retail,1,316.49,0.2,253.19,Consumer,13.0
ORD-101991,2023-11-01,EMEA,Germany,Sports,Yoga Mat Pro,marketplace,3,70.91,0.1,191.46,SMB,3.0
ORD-102419,2023-11-01,APAC,India,Home,Desk Lamp,web,4,105.09,0.0,420.36,Consumer,7.0
ORD-103309,2023-11-01,North America,Mexico,Home,Cotton Duvet,web,1,86.73,0.1,78.06,SMB,1.0
ORD-103440,2023-11-01,APAC,Australia,Home,Espresso Maker,marketplace,5,100.3,0.05,476.42,Enterprise,7.0
ORD-101493,2023-11-02,EMEA,Spain,Grocery,Olive Oil 750ml,web,3,20.8,0.0,62.4,Consumer,4.0
ORD-102056,2023-11-02,EMEA,United Kingdom,Grocery,Olive Oil 750ml,retail,3,23.43,0.05,66.78,Consumer,7.0
ORD-102308,2023-11-02,North America,Canada,Beauty,Argan Shampoo,web,4,62.58,0.0,250.32,Consumer,1.0
ORD-103289,2023-11-02,EMEA,Italy,Beauty,Matte Lipstick,web,1,46.38,0.0,46.38,Consumer,3.0
ORD-103750,2023-11-02,North America,Mexico,Beauty,Serum Vitamin C,partner,2,66.02,0.0,132.04,Consumer,5.0
ORD-104352,2023-11-02,EMEA,Spain,Grocery,Dark Chocolate 90%,web,3,24.82,0.1,67.01,Consumer,1.0
ORD-100010,2023-11-03,LATAM,Chile,Sports,Carbon Racket,web,4,138.86,0.05,527.67,SMB,4.0
ORD-100200,2023-11-03,North America,United States,Home,Cast Iron Pan,web,3,76.17,0.0,228.51,Consumer,4.0
ORD-100313,2023-11-03,North America,Canada,Home,Desk Lamp,web,2,45.96,0.0,91.92,Consumer,3.0
ORD-100321,2023-11-03,APAC,Singapore,Electronics,Laptop Air 13,web,2,568.4,0.0,1136.8,Consumer,7.0
ORD-101119,2023-11-03,EMEA,Italy,Home,Cast Iron Pan,web,3,66.13,0.0,198.39,SMB,8.0
ORD-101408,2023-11-03,North America,United States,Beauty,Matte Lipstick,marketplace,2,39.96,0.15,67.93,Consumer,4.0
ORD-102532,2023-11-03,North America,United States,Home,Cast Iron Pan,marketplace,3,82.6,0.0,247.8,Consumer,2.0
ORD-103070,2023-11-03,North America,Canada,Home,Desk Lamp,retail,1,43.64,0.05,41.46,Consumer,1.0
ORD-104212,2023-11-03,EMEA,United Kingdom,Beauty,Serum Vitamin C,retail,1,39.8,0.05,37.81,SMB,3.0
ORD-104551,2023-11-03,APAC,Singapore,Electronics,Noise Buds,marketplace,1,71.09,0.05,67.54,Consumer,7.0
ORD-104979,2023-11-03,North America,United States,Home,Cast Iron Pan,web,3,158.73,0.05,452.38,SMB,3.0
ORD-100354,2023-11-04,North America,Canada,Electronics,4K Monitor,web,5,90.43,0.05,429.54,Consumer,5.0
ORD-100740,2023-11-04,EMEA,Italy,Electronics,Laptop Air 13,retail,2,130.33,0.2,208.53,Consumer,2.0
ORD-101993,2023-11-04,EMEA,Germany,Home,Cast Iron Pan,web,10,33.32,0.3,233.24,Enterprise,4.0
ORD-102010,2023-11-04,EMEA,France,Grocery,Dark Chocolate 90%,retail,5,21.96,0.05,104.31,SMB,8.0
ORD-102743,2023-11-04,North America,United States,Grocery,Olive Oil 750ml,retail,3,25.04,0.0,75.12,Consumer,1.0
ORD-103212,2023-11-04,North America,United States,Electronics,Noise Buds,web,3,276.33,0.05,787.54,Consumer,7.0
ORD-103889,2023-11-04,APAC,Japan,Electronics,4K Monitor,web,3,214.24,0.1,578.45,Consumer,8.0
ORD-104110,2023-11-04,APAC,Singapore,Home,Espresso Maker,retail,4,56.15,0.2,179.68,Consumer,6.0
ORD-104591,2023-11-04,EMEA,Germany,Grocery,Arabica Beans 1kg,web,2,16.5,0.1,29.7,Consumer,3.0
ORD-100536,2023-11-05,North America,United States,Electronics,Laptop Air 13,partner,2,114.2,0.0,228.4,SMB,3.0
ORD-100699,2023-11-05,North America,Canada,Beauty,Argan Shampoo,web,2,39.51,0.0,79.02,SMB,1.0
ORD-101021,2023-11-05,APAC,Singapore,Home,Desk Lamp,partner,3,112.33,0.1,303.29,SMB,8.0
ORD-102092,2023-11-05,EMEA,Italy,Electronics,Noise Buds,marketplace,2,424.15,0.15,721.06,SMB,7.0
ORD-102114,2023-11-05,APAC,Japan,Beauty,Serum Vitamin C,marketplace,1,69.9,0.0,69.9,Consumer,2.0
ORD-102525,2023-11-05,APAC,Singapore,Home,Espresso Maker,retail,3,48.31,0.0,144.93,SMB,7.0
ORD-102827,2023-11-05,EMEA,France,Home,Espresso Maker,marketplace,2,180.15,0.05,342.28,Consumer,3.0
ORD-103596,2023-11-05,North America,Canada,Sports,Trail Runners,marketplace,2,146.58,0.0,293.16,Consumer,2.0
ORD-104339,2023-11-05,North America,Canada,Electronics,Noise Buds,retail,2,767.41,0.1,1381.34,Consumer,3.0
ORD-104623,2023-11-05,APAC,India,Grocery,Dark Chocolate 90%,web,3,27.36,0.05,77.98,SMB,7.0
ORD-104710,2023-11-05,APAC,Australia,Sports,Trail Runners,web,4,137.81,0.1,496.12,SMB,2.0
ORD-100099,2023-11-06,EMEA,Spain,Grocery,Arabica Beans 1kg,marketplace,2,38.75,0.0,77.5,Consumer,2.0
ORD-100199,2023-11-06,North America,Canada,Sports,Trail Runners,retail,8,105.9,0.15,720.12,Enterprise,2.0
ORD-101007,2023-11-06,APAC,Australia,Electronics,Noise Buds,marketplace,4,359.22,0.0,1436.88,Consumer,3.0
ORD-101037,2023-11-06,LATAM,Brazil,Home,Espresso Maker,web,3,54.64,0.0,163.92,Consumer,9.0
ORD-101125,2023-11-06,North America,Canada,Grocery,Olive Oil 750ml,retail,1,33.57,0.1,30.21,Consumer,5.0
ORD-101565,2023-11-06,LATAM,Brazil,Sports,Carbon Racket,web,11,109.98,0.0,1209.78,Enterprise,7.0
ORD-101807,2023-11-06,EMEA,Spain,Home,Cast Iron Pan,web,1,96.85,0.0,96.85,SMB,7.0
ORD-101848,2023-11-06,North America,Canada,Beauty,Matte Lipstick,web,3,43.59,0.0,130.77,Consumer,3.0
ORD-102668,2023-11-06,APAC,Australia,Home,Espresso Maker,marketplace,2,85.17,0.1,153.31,Consumer,8.0
ORD-104598,2023-11-06,EMEA,France,Sports,Yoga Mat Pro,retail,7,148.84,0.0,1041.88,Enterprise,3.0
ORD-104672,2023-11-06,North America,Canada,Grocery,Arabica Beans 1kg,web,2,30.74,0.1,55.33,SMB,1.0
ORD-104776,2023-11-06,North America,Canada,Sports,Carbon Racket,web,3,191.26,0.15,487.71,SMB,2.0
ORD-100307,2023-11-07,EMEA,Spain,Home,Desk Lamp,marketplace,1,49.08,0.0,49.08,Consumer,5.0
ORD-100666,2023-11-07,APAC,India,Electronics,Noise Buds,marketplace,1,411.13,0.15,349.46,Consumer,5.0
ORD-100679,2023-11-07,EMEA,Spain,Beauty,Argan Shampoo,web,2,39.43,0.0,78.86,Consumer,3.0
ORD-101066,2023-11-07,APAC,Singapore,Electronics,Noise Buds,web,1,156.1,0.2,124.88,Consumer,9.0
ORD-101301,2023-11-07,LATAM,Argentina,Home,Espresso Maker,marketplace,2,74.32,0.0,148.64,Consumer,7.0
ORD-101462,2023-11-07,EMEA,United Kingdom,Home,Espresso Maker,web,2,72.09,0.1,129.76,SMB,2.0
ORD-102512,2023-11-07,EMEA,France,Sports,Yoga Mat Pro,web,2,50.14,0.05,95.27,Consumer,4.0
ORD-102833,2023-11-07,EMEA,United Kingdom,Electronics,Laptop Air 13,web,1,257.19,0.0,257.19,Consumer,5.0
ORD-103093,2023-11-07,North America,Canada,Beauty,Argan Shampoo,web,3,50.9,0.0,152.7,SMB,2.0
ORD-103368,2023-11-07,North America,Canada,Beauty,Matte Lipstick,marketplace,4,56.88,0.2,182.02,SMB,3.0
ORD-103804,2023-11-07,EMEA,Germany,Home,Espresso Maker,web,2,88.89,0.05,168.89,SMB,3.0
ORD-104478,2023-11-07,EMEA,Germany,Beauty,Serum Vitamin C,web,2,24.74,0.0,49.48,Consumer,6.0
ORD-104583,2023-11-07,EMEA,Spain,Sports,Trail Runners,web,3,69.61,0.15,177.51,Consumer,4.0
ORD-100343,2023-11-08,EMEA,Germany,Sports,Carbon Racket,retail,1,152.32,0.0,152.32,Consumer,6.0
ORD-100609,2023-11-08,North America,Canada,Electronics,Noise Buds,retail,3,145.21,0.05,413.85,Consumer,1.0
ORD-100851,2023-11-08,EMEA,Spain,Sports,Carbon Racket,partner,1,218.3,0.2,174.64,Consumer,2.0
ORD-101046,2023-11-08,LATAM,Brazil,Home,Espresso Maker,web,4,77.45,0.05,294.31,SMB,13.0
ORD-101553,2023-11-08,North America,Canada,Beauty,Serum Vitamin C,marketplace,5,99.28,0.0,496.4,Consumer,4.0
ORD-102336,2023-11-08,North America,Canada,Home,Cotton Duvet,marketplace,2,144.72,0.0,289.44,Consumer,2.0
ORD-102844,2023-11-08,EMEA,Germany,Sports,Yoga Mat Pro,partner,6,62.76,0.0,376.56,SMB,5.0
ORD-103754,2023-11-08,North America,Canada,Sports,Trail Runners,partner,3,104.27,0.0,312.81,Consumer,5.0
ORD-103895,2023-11-08,EMEA,Spain,Beauty,Matte Lipstick,web,1,41.5,0.05,39.42,Consumer,4.0
ORD-104230,2023-11-08,North America,United States,Home,Espresso Maker,retail,9,67.03,0.0,603.27,Enterprise,2.0
ORD-100109,2023-11-09,North America,Mexico,Beauty,Serum Vitamin C,web,2,66.47,0.0,132.94,SMB,2.0
ORD-100930,2023-11-09,EMEA,Spain,Grocery,Arabica Beans 1kg,marketplace,1,21.58,0.0,21.58,Consumer,5.0
ORD-101851,2023-11-09,LATAM,Argentina,Sports,Carbon Racket,retail,4,132.0,0.05,501.6,Consumer,8.0
ORD-101953,2023-11-09,APAC,Japan,Home,Desk Lamp,web,1,115.32,0.05,109.55,Consumer,5.0
ORD-102425,2023-11-09,North America,Mexico,Beauty,Serum Vitamin C,web,6,57.49,0.05,327.69,Enterprise,2.0
ORD-102881,2023-11-09,North America,United States,Home,Espresso Maker,web,3,70.59,0.05,201.18,Consumer,1.0
ORD-102960,2023-11-09,EMEA,United Kingdom,Electronics,Laptop Air 13,marketplace,2,149.79,0.05,284.6,SMB,1.0
ORD-103314,2023-11-09,LATAM,Brazil,Electronics,Noise Buds,web,1,193.6,0.05,183.92,Consumer,6.0
ORD-103533,2023-11-09,EMEA,United Kingdom,Electronics,Smart Watch,marketplace,1,337.04,0.15,286.48,SMB,2.0
ORD-104475,2023-11-09,APAC,India,Beauty,Argan Shampoo,marketplace,3,61.14,0.05,174.25,SMB,10.0
ORD-104532,2023-11-09,APAC,Japan,Electronics,4K Monitor,retail,1,226.64,0.0,226.64,Consumer,2.0
ORD-104760,2023-11-09,EMEA,United Kingdom,Electronics,Noise Buds,marketplace,3,732.27,0.0,2196.81,Consumer,6.0
ORD-104821,2023-11-09,North America,United States,Sports,Yoga Mat Pro,web,4,100.31,0.0,401.24,Consumer,1.0
ORD-104960,2023-11-09,North America,Mexico,Electronics,Noise Buds,web,3,282.87,0.05,806.18,SMB,3.0
ORD-100551,2023-11-10,North America,Canada,Electronics,4K Monitor,marketplace,11,402.96,0.15,3767.68,Enterprise,1.0
ORD-101780,2023-11-10,EMEA,France,Beauty,Matte Lipstick,marketplace,4,64.68,0.15,219.91,SMB,1.0
ORD-102085,2023-11-10,LATAM,Chile,Home,Espresso Maker,marketplace,3,75.77,0.1,204.58,Consumer,7.0
ORD-102473,2023-11-10,EMEA,Germany,Beauty,Argan Shampoo,web,2,30.57,0.15,51.97,SMB,2.0
ORD-103205,2023-11-10,EMEA,Spain,Grocery,Dark Chocolate 90%,marketplace,4,20.6,0.0,82.4,Consumer,5.0
ORD-103513,2023-11-10,LATAM,Chile,Home,Cotton Duvet,marketplace,3,95.35,0.1,257.44,Consumer,13.0
ORD-103997,2023-11-10,APAC,Australia,Beauty,Argan Shampoo,web,2,23.17,0.0,46.34,SMB,5.0
ORD-104548,2023-11-10,EMEA,France,Grocery,Arabica Beans 1kg,web,5,30.87,0.05,146.63,Enterprise,2.0
ORD-100656,2023-11-11,North America,United States,Electronics,Laptop Air 13,web,3,213.38,0.05,608.13,Consumer,1.0
ORD-101115,2023-11-11,EMEA,Spain,Home,Espresso Maker,partner,7,180.75,0.1,1138.73,Enterprise,2.0
ORD-102098,2023-11-11,North America,Canada,Beauty,Matte Lipstick,marketplace,6,60.99,0.05,347.64,Consumer,5.0
ORD-102335,2023-11-11,North America,Canada,Beauty,Matte Lipstick,web,4,49.47,0.1,178.09,SMB,4.0
ORD-103491,2023-11-11,North America,Mexico,Electronics,Laptop Air 13,web,2,673.87,0.05,1280.35,Consumer,2.0
ORD-103526,2023-11-11,North America,United States,Grocery,Dark Chocolate 90%,partner,3,23.31,0.0,69.93,SMB,3.0
ORD-100002,2023-11-12,APAC,India,Beauty,Argan Shampoo,retail,2,102.2,0.1,183.96,Consumer,6.0
ORD-100206,2023-11-12,LATAM,Chile,Home,Desk Lamp,web,1,128.53,0.05,122.1,Consumer,8.0
ORD-101615,2023-11-12,North America,United States,Electronics,Laptop Air 13,web,2,154.18,0.2,246.69,SMB,3.0
ORD-102528,2023-11-12,EMEA,Italy,Beauty,Argan Shampoo,marketplace,2,37.38,0.05,71.02,Consumer,4.0
ORD-102780,2023-11-12,APAC,Japan,Grocery,Dark Chocolate 90%,marketplace,4,36.96,0.0,147.84,Consumer,
ORD-103038,2023-11-12,North America,Mexico,Grocery,Dark Chocolate 90%,web,3,22.58,0.2,54.19,SMB,3.0
ORD-103119,2023-11-12,EMEA,Germany,Sports,Yoga Mat Pro,marketplace,2,99.55,0.0,199.1,Consumer,4.0
ORD-103295,2023-11-12,LATAM,Brazil,Grocery,Arabica Beans 1kg,retail,2,38.04,0.0,76.08,Consumer,5.0
ORD-103321,2023-11-12,EMEA,Germany,Home,Cotton Duvet,web,9,40.91,0.1,331.37,Enterprise,6.0
ORD-103842,2023-11-12,North America,United States,Beauty,Matte Lipstick,web,3,41.69,0.0,125.07,SMB,1.0
ORD-104170,2023-11-12,North America,Canada,Home,Desk Lamp,marketplace,2,44.81,0.0,89.62,SMB,4.0
ORD-104552,2023-11-12,North America,Canada,Sports,Carbon Racket,marketplace,2,106.86,0.0,213.72,Consumer,6.0
ORD-100072,2023-11-13,APAC,India,Grocery,Olive Oil 750ml,retail,2,30.33,0.0,60.66,Consumer,12.0
ORD-100148,2023-11-13,North America,Canada,Beauty,Argan Shampoo,web,3,35.21,0.0,105.63,SMB,2.0
ORD-100374,2023-11-13,EMEA,Germany,Grocery,Dark Chocolate 90%,web,3,38.24,0.15,97.51,SMB,6.0
ORD-101207,2023-11-13,North America,United States,Electronics,Laptop Air 13,retail,4,625.91,0.0,2503.64,Consumer,5.0
ORD-101908,2023-11-13,EMEA,United Kingdom,Home,Cast Iron Pan,partner,2,47.65,0.0,95.3,Consumer,5.0
ORD-101922,2023-11-13,EMEA,Germany,Home,Desk Lamp,partner,2,297.93,0.2,476.69,Consumer,4.0
ORD-102291,2023-11-13,EMEA,United Kingdom,Grocery,Olive Oil 750ml,web,5,11.25,0.1,50.62,Consumer,2.0
ORD-103042,2023-11-13,APAC,Australia,Home,Desk Lamp,retail,2,174.61,0.1,314.3,Consumer,4.0
ORD-103469,2023-11-13,EMEA,Germany,Home,Cast Iron Pan,retail,3,106.68,0.0,320.04,Consumer,2.0
ORD-103779,2023-11-13,EMEA,France,Grocery,Dark Chocolate 90%,web,4,42.14,0.1,151.7,Consumer,2.0
ORD-104256,2023-11-13,North America,United States,Home,Espresso Maker,web,3,64.88,0.05,184.91,SMB,2.0
ORD-104274,2023-11-13,EMEA,France,Electronics,Laptop Air 13,web,1,347.86,0.15,295.68,SMB,2.0
ORD-100782,2023-11-14,EMEA,Italy,Grocery,Arabica Beans 1kg,web,4,20.99,0.2,67.17,Consumer,3.0
ORD-101198,2023-11-14,North America,Canada,Electronics,4K Monitor,web,5,107.5,0.05,510.62,Consumer,3.0
ORD-101589,2023-11-14,North America,Canada,Sports,Carbon Racket,web,2,118.12,0.0,236.24,Consumer,8.0
ORD-101637,2023-11-14,North America,United States,Sports,Carbon Racket,marketplace,3,84.26,0.05,240.14,Consumer,3.0
ORD-102346,2023-11-14,North America,Mexico,Beauty,Serum Vitamin C,retail,8,37.11,0.0,296.88,Enterprise,2.0
ORD-102464,2023-11-14,North America,Mexico,Sports,Carbon Racket,marketplace,2,177.99,0.1,320.38,SMB,3.0
ORD-102714,2023-11-14,North America,Canada,Electronics,Noise Buds,retail,2,207.13,0.05,393.55,Consumer,3.0
ORD-102809,2023-11-14,APAC,Singapore,Sports,Trail Runners,web,1,147.38,0.05,140.01,Consumer,3.0
ORD-103524,2023-11-14,North America,United States,Home,Cast Iron Pan,marketplace,9,92.21,0.1,746.9,Enterprise,3.0
ORD-103844,2023-11-14,EMEA,France,Grocery,Olive Oil 750ml,marketplace,2,36.51,0.15,62.07,Consumer,2.0
ORD-104539,2023-11-14,North America,Mexico,Home,Desk Lamp,marketplace,2,84.9,0.0,169.8,Consumer,5.0
ORD-102352,2023-11-15,LATAM,Argentina,Grocery,Olive Oil 750ml,marketplace,1,33.77,0.0,33.77,Consumer,8.0
ORD-103113,2023-11-15,APAC,India,Electronics,Smart Watch,marketplace,2,259.57,0.05,493.18,SMB,5.0
ORD-103943,2023-11-15,North America,United States,Electronics,Noise Buds,web,1,150.67,0.05,143.14,SMB,1.0
ORD-104613,2023-11-15,North America,Mexico,Home,Espresso Maker,web,3,78.04,0.05,222.41,Consumer,3.0
ORD-101641,2023-11-16,APAC,Australia,Grocery,Dark Chocolate 90%,retail,7,22.92,0.15,136.37,Consumer,8.0
ORD-101905,2023-11-16,EMEA,Spain,Grocery,Arabica Beans 1kg,retail,2,27.01,0.15,45.92,Consumer,6.0
ORD-103298,2023-11-16,North America,United States,Sports,Yoga Mat Pro,web,6,112.99,0.05,644.04,Enterprise,3.0
ORD-103688,2023-11-16,North America,Canada,Beauty,Matte Lipstick,retail,2,47.98,0.15,81.57,SMB,5.0
ORD-103733,2023-11-16,EMEA,Italy,Beauty,Matte Lipstick,retail,3,36.36,0.0,109.08,Consumer,5.0
ORD-104561,2023-11-16,APAC,Japan,Home,Espresso Maker,marketplace,2,85.19,0.05,161.86,SMB,6.0
ORD-100071,2023-11-17,North America,Mexico,Home,Espresso Maker,retail,2,100.21,0.0,200.42,Consumer,5.0
ORD-101249,2023-11-17,APAC,Japan,Sports,Carbon Racket,marketplace,3,54.07,0.0,162.21,Consumer,5.0
ORD-101429,2023-11-17,North America,Mexico,Electronics,Smart Watch,web,2,171.0,0.0,342.0,SMB,1.0
ORD-102066,2023-11-17,North America,Canada,Electronics,4K Monitor,retail,3,269.68,0.0,809.04,SMB,1.0
ORD-102651,2023-11-17,EMEA,Spain,Electronics,Laptop Air 13,retail,4,347.31,0.0,1389.24,SMB,3.0
ORD-102702,2023-11-17,LATAM,Chile,Beauty,Matte Lipstick,web,3,86.02,0.15,219.35,Consumer,5.0
ORD-104643,2023-11-17,APAC,Australia,Sports,Yoga Mat Pro,marketplace,2,139.85,0.0,279.7,Consumer,8.0
ORD-100229,2023-11-18,EMEA,Germany,Grocery,Olive Oil 750ml,retail,1,40.29,0.1,36.26,Consumer,5.0
ORD-100589,2023-11-18,APAC,Singapore,Grocery,Olive Oil 750ml,partner,3,31.84,0.0,95.52,Consumer,6.0
ORD-102500,2023-11-18,LATAM,Argentina,Beauty,Argan Shampoo,partner,7,15.87,0.3,77.76,SMB,7.0
ORD-102733,2023-11-18,EMEA,Italy,Beauty,Matte Lipstick,marketplace,2,63.47,0.0,126.94,Consumer,4.0
ORD-102943,2023-11-18,APAC,Australia,Grocery,Dark Chocolate 90%,partner,3,18.58,0.2,44.59,SMB,13.0
ORD-103281,2023-11-18,APAC,Australia,Electronics,Smart Watch,web,3,171.53,0.1,463.13,Consumer,11.0
ORD-104514,2023-11-18,EMEA,Italy,Grocery,Arabica Beans 1kg,web,3,20.08,0.15,51.2,SMB,5.0
ORD-104769,2023-11-18,LATAM,Brazil,Beauty,Serum Vitamin C,web,3,39.55,0.1,106.78,SMB,11.0
ORD-101161,2023-11-19,North America,United States,Home,Desk Lamp,web,3,62.16,0.2,149.18,SMB,3.0
ORD-101575,2023-11-19,North America,United States,Grocery,Dark Chocolate 90%,marketplace,3,53.17,0.0,159.51,Consumer,2.0
ORD-101997,2023-11-19,APAC,Japan,Home,Espresso Maker,marketplace,7,138.55,0.1,872.87,SMB,6.0
ORD-102690,2023-11-19,North America,Canada,Electronics,Smart Watch,marketplace,2,160.93,0.2,257.49,Consumer,4.0
ORD-103318,2023-11-19,EMEA,France,Electronics,Noise Buds,web,5,234.93,0.15,998.45,Enterprise,2.0
ORD-102106,2023-11-20,EMEA,Spain,Sports,Trail Runners,web,3,140.12,0.0,420.36,Consumer,2.0
ORD-102503,2023-11-20,North America,United States,Grocery,Arabica Beans 1kg,marketplace,4,18.63,0.0,74.52,Consumer,4.0
ORD-103017,2023-11-20,North America,United States,Sports,Trail Runners,retail,3,133.99,0.05,381.87,Consumer,4.0
ORD-103837,2023-11-20,North America,United States,Home,Cotton Duvet,marketplace,5,159.41,0.1,717.34,SMB,2.0
ORD-104281,2023-11-20,North America,United States,Home,Cotton Duvet,web,2,75.33,0.0,150.66,Consumer,3.0
ORD-104306,2023-11-20,APAC,India,Home,Cotton Duvet,marketplace,2,86.32,0.05,164.01,Consumer,6.0
ORD-100360,2023-11-21,LATAM,Brazil,Electronics,4K Monitor,web,2,239.2,0.05,454.48,SMB,11.0
ORD-100392,2023-11-21,APAC,Australia,Grocery,Arabica Beans 1kg,retail,3,21.76,0.0,65.28,Consumer,11.0
ORD-100676,2023-11-21,APAC,India,Sports,Trail Runners,web,1,67.64,0.05,64.26,Consumer,11.0
ORD-100935,2023-11-21,LATAM,Brazil,Sports,Carbon Racket,web,3,92.27,0.0,276.81,Consumer,8.0
ORD-101418,2023-11-21,APAC,India,Home,Cast Iron Pan,marketplace,2,136.65,0.1,245.97,Consumer,3.0
ORD-101734,2023-11-21,EMEA,Spain,Grocery,Dark Chocolate 90%,retail,7,24.13,0.1,152.02,Enterprise,6.0
ORD-101778,2023-11-21,APAC,India,Sports,Trail Runners,marketplace,3,149.82,0.05,426.99,SMB,6.0
ORD-101886,2023-11-21,North America,Mexico,Electronics,Noise Buds,web,1,101.8,0.3,71.26,SMB,1.0
ORD-101923,2023-11-21,EMEA,Italy,Grocery,Arabica Beans 1kg,web,2,18.22,0.05,34.62,Consumer,4.0
ORD-102110,2023-11-21,North America,United States,Beauty,Serum Vitamin C,partner,4,29.72,0.0,118.88,SMB,2.0
ORD-102695,2023-11-21,APAC,India,Home,Desk Lamp,marketplace,4,102.25,0.05,388.55,SMB,
ORD-102923,2023-11-21,North America,Mexico,Electronics,Smart Watch,marketplace,2,99.4,0.05,188.86,SMB,1.0
ORD-103053,2023-11-21,North America,Canada,Home,Espresso Maker,web,10,263.2,0.15,2237.2,Enterprise,4.0
ORD-104411,2023-11-21,North America,Mexico,Sports,Carbon Racket,partner,2,118.07,0.0,236.14,Consumer,2.0
ORD-104493,2023-11-21,North America,United States,Sports,Yoga Mat Pro,web,2,137.22,0.0,274.44,SMB,2.0
ORD-104794,2023-11-21,EMEA,Spain,Beauty,Matte Lipstick,partner,4,54.69,0.0,218.76,Consumer,3.0
ORD-104824,2023-11-21,APAC,Australia,Sports,Carbon Racket,web,3,69.8,0.1,188.46,Consumer,10.0
ORD-100363,2023-11-22,North America,United States,Electronics,Smart Watch,marketplace,2,234.48,0.05,445.51,SMB,4.0
ORD-101411,2023-11-22,EMEA,Spain,Electronics,Laptop Air 13,marketplace,7,240.58,0.15,1431.45,Enterprise,4.0
ORD-102136,2023-11-22,EMEA,United Kingdom,Beauty,Argan Shampoo,retail,2,48.63,0.05,92.4,Consumer,5.0
ORD-102985,2023-11-22,LATAM,Brazil,Electronics,Noise Buds,web,4,141.93,0.0,567.72,Consumer,7.0
ORD-104707,2023-11-22,EMEA,Italy,Electronics,Smart Watch,partner,3,354.55,0.05,1010.47,Consumer,4.0
ORD-100085,2023-11-23,LATAM,Chile,Beauty,Argan Shampoo,web,2,48.64,0.05,92.42,SMB,5.0
ORD-100205,2023-11-23,North America,Canada,Sports,Carbon Racket,web,4,158.57,0.0,634.28,SMB,5.0
ORD-100403,2023-11-23,APAC,Australia,Electronics,Laptop Air 13,web,3,191.27,0.0,573.81,Consumer,10.0
ORD-100446,2023-11-23,APAC,Singapore,Grocery,Dark Chocolate 90%,web,2,36.57,0.1,65.83,SMB,3.0
ORD-101035,2023-11-23,North America,United States,Sports,Yoga Mat Pro,marketplace,4,81.65,0.0,326.6,Consumer,4.0
ORD-101867,2023-11-23,APAC,Japan,Grocery,Dark Chocolate 90%,marketplace,4,14.68,0.05,55.78,Consumer,7.0
ORD-102599,2023-11-23,EMEA,Italy,Beauty,Matte Lipstick,web,4,28.07,0.0,112.28,Consumer,3.0
ORD-103116,2023-11-23,North America,United States,Beauty,Serum Vitamin C,web,1,63.85,0.1,57.46,Consumer,3.0
ORD-103654,2023-11-23,EMEA,Germany,Beauty,Argan Shampoo,web,3,44.07,0.05,125.6,Consumer,1.0
ORD-104045,2023-11-23,North America,United States,Electronics,Noise Buds,web,2,392.28,0.0,784.56,Consumer,1.0
ORD-104106,2023-11-23,LATAM,Chile,Sports,Carbon Racket,retail,2,100.08,0.0,200.16,SMB,8.0
ORD-104321,2023-11-23,APAC,India,Home,Espresso Maker,marketplace,2,137.12,0.1,246.82,Consumer,8.0
ORD-104363,2023-11-23,North America,Mexico,Sports,Trail Runners,web,2,242.03,0.1,435.65,Consumer,1.0
ORD-104607,2023-11-23,North America,Mexico,Sports,Carbon Racket,partner,4,144.12,0.0,576.48,Consumer,4.0
ORD-104617,2023-11-23,EMEA,United Kingdom,Beauty,Serum Vitamin C,marketplace,1,69.72,0.15,59.26,SMB,3.0
ORD-101287,2023-11-24,EMEA,Italy,Electronics,4K Monitor,partner,2,100.84,0.0,201.68,Consumer,6.0
ORD-101484,2023-11-24,APAC,India,Home,Cotton Duvet,web,3,142.38,0.05,405.78,Consumer,8.0
ORD-102338,2023-11-24,EMEA,Spain,Home,Cast Iron Pan,web,3,82.42,0.0,247.26,Consumer,4.0
ORD-102812,2023-11-24,North America,Mexico,Electronics,Smart Watch,web,6,447.03,0.05,2548.07,Enterprise,3.0
ORD-103434,2023-11-24,EMEA,Germany,Home,Desk Lamp,web,2,93.51,0.0,187.02,Consumer,1.0
ORD-104099,2023-11-24,APAC,India,Electronics,Noise Buds,web,4,607.28,0.15,2064.75,SMB,10.0
ORD-104416,2023-11-24,North America,United States,Grocery,Olive Oil 750ml,marketplace,3,23.09,0.15,58.88,Consumer,1.0
ORD-104546,2023-11-24,APAC,India,Electronics,Laptop Air 13,marketplace,3,556.9,0.1,1503.63,SMB,7.0
ORD-100342,2023-11-25,APAC,Japan,Electronics,Laptop Air 13,web,1,126.42,0.0,126.42,Consumer,4.0
ORD-101153,2023-11-25,EMEA,Germany,Electronics,Smart Watch,web,11,153.64,0.0,1690.04,Enterprise,5.0
ORD-102163,2023-11-25,North America,Canada,Sports,Carbon Racket,retail,3,107.85,0.0,323.55,Consumer,3.0
ORD-102601,2023-11-25,EMEA,France,Grocery,Dark Chocolate 90%,retail,2,31.6,0.0,63.2,SMB,6.0
ORD-102659,2023-11-25,North America,Mexico,Electronics,Smart Watch,web,4,191.01,0.0,764.04,Consumer,2.0
ORD-104046,2023-11-25,North America,United States,Electronics,Noise Buds,retail,3,150.18,0.1,405.49,Consumer,1.0
ORD-104051,2023-11-25,North America,Mexico,Beauty,Argan Shampoo,retail,8,49.37,0.15,335.72,Enterprise,1.0
ORD-104507,2023-11-25,North America,Canada,Electronics,Smart Watch,web,2,4206.34,0.1,7571.41,Consumer,2.0
ORD-104740,2023-11-25,North America,Canada,Home,Espresso Maker,retail,3,56.18,0.05,160.11,Consumer,4.0
ORD-104926,2023-11-25,North America,Canada,Home,Espresso Maker,web,11,197.69,0.1,1957.13,Enterprise,3.0
ORD-100301,2023-11-26,North America,Mexico,Grocery,Arabica Beans 1kg,partner,2,21.36,0.05,40.58,SMB,5.0
ORD-100487,2023-11-26,North America,Canada,Sports,Yoga Mat Pro,web,3,80.0,0.05,228.0,SMB,2.0
ORD-100637,2023-11-26,APAC,Australia,Electronics,4K Monitor,web,2,143.28,0.2,229.25,SMB,8.0
ORD-101124,2023-11-26,North America,United States,Home,Espresso Maker,marketplace,1,113.98,0.1,102.58,SMB,2.0
ORD-102302,2023-11-26,North America,Canada,Grocery,Dark Chocolate 90%,web,2,17.73,0.05,33.69,Consumer,1.0
ORD-102909,2023-11-26,North America,Mexico,Grocery,Arabica Beans 1kg,marketplace,2,19.09,0.0,38.18,Consumer,
ORD-103341,2023-11-26,EMEA,Italy,Beauty,Matte Lipstick,retail,1,30.1,0.0,30.1,Consumer,5.0
ORD-103404,2023-11-26,EMEA,United Kingdom,Sports,Yoga Mat Pro,marketplace,6,436.74,0.05,2489.42,SMB,4.0
ORD-100158,2023-11-27,EMEA,Spain,Grocery,Dark Chocolate 90%,partner,1,16.09,0.0,16.09,Consumer,4.0
ORD-100384,2023-11-27,North America,Mexico,Grocery,Dark Chocolate 90%,web,2,27.85,0.0,55.7,SMB,1.0
ORD-100421,2023-11-27,EMEA,France,Electronics,Smart Watch,retail,1,220.7,0.0,220.7,Consumer,7.0
ORD-100430,2023-11-27,APAC,Japan,Electronics,Noise Buds,retail,5,363.88,0.0,1819.4,Consumer,6.0
ORD-100661,2023-11-27,North America,United States,Home,Cotton Duvet,partner,1,101.98,0.0,101.98,Consumer,8.0
ORD-100857,2023-11-27,EMEA,Germany,Home,Espresso Maker,partner,2,79.2,0.05,150.48,Consumer,3.0
ORD-101209,2023-11-27,North America,Mexico,Home,Espresso Maker,web,2,37.83,0.0,75.66,Consumer,3.0
ORD-103374,2023-11-27,EMEA,United Kingdom,Beauty,Matte Lipstick,partner,3,86.54,0.15,220.68,Consumer,7.0
ORD-103545,2023-11-27,APAC,India,Electronics,Noise Buds,web,2,191.98,0.2,307.17,Consumer,7.0
ORD-103575,2023-11-27,North America,United States,Electronics,4K Monitor,retail,2,304.52,0.0,609.04,Consumer,3.0
ORD-103609,2023-11-27,EMEA,Germany,Sports,Trail Runners,web,3,161.0,0.1,434.7,Consumer,3.0
ORD-104464,2023-11-27,North America,United States,Sports,Yoga Mat Pro,web,2,88.66,0.15,150.72,Consumer,1.0
ORD-100349,2023-11-28,EMEA,Spain,Beauty,Serum Vitamin C,web,5,45.36,0.1,204.12,Consumer,5.0
ORD-101310,2023-11-28,EMEA,Spain,Grocery,Olive Oil 750ml,retail,3,16.2,0.15,41.31,SMB,3.0
ORD-101339,2023-11-28,EMEA,Italy,Sports,Trail Runners,web,3,334.16,0.0,1002.48,Consumer,3.0
ORD-101425,2023-11-28,North America,Canada,Grocery,Olive Oil 750ml,web,2,22.63,0.15,38.47,Consumer,3.0
ORD-101564,2023-11-28,North America,Mexico,Grocery,Dark Chocolate 90%,web,5,32.39,0.1,145.76,SMB,1.0
ORD-102225,2023-11-28,North America,Mexico,Beauty,Serum Vitamin C,web,1,18.01,0.0,18.01,Consumer,1.0
ORD-103139,2023-11-28,LATAM,Argentina,Grocery,Olive Oil 750ml,marketplace,3,28.64,0.0,85.92,SMB,10.0
ORD-103945,2023-11-28,North America,Mexico,Grocery,Arabica Beans 1kg,marketplace,1,12.83,0.0,12.83,Consumer,4.0
ORD-104033,2023-11-28,North America,Mexico,Sports,Yoga Mat Pro,retail,3,70.52,0.1,190.4,Consumer,5.0
ORD-104400,2023-11-28,APAC,Japan,Sports,Trail Runners,partner,9,337.9,0.0,3041.1,Enterprise,8.0
ORD-104474,2023-11-28,APAC,Japan,Electronics,Smart Watch,web,8,5275.73,0.0,42205.84,Consumer,11.0
ORD-104494,2023-11-28,APAC,India,Beauty,Argan Shampoo,web,1,50.25,0.0,50.25,Consumer,9.0
ORD-100166,2023-11-29,APAC,Singapore,Home,Cotton Duvet,retail,3,46.29,0.0,138.87,Consumer,11.0
ORD-100512,2023-11-29,EMEA,France,Beauty,Argan Shampoo,web,1,29.48,0.15,25.06,Consumer,2.0
ORD-101895,2023-11-29,EMEA,Italy,Electronics,4K Monitor,web,3,298.32,0.1,805.46,SMB,2.0
ORD-103988,2023-11-29,North America,Mexico,Beauty,Argan Shampoo,web,3,32.57,0.0,97.71,Consumer,2.0
ORD-104935,2023-11-29,North America,United States,Electronics,Noise Buds,web,4,179.22,0.15,609.35,Consumer,3.0
ORD-100287,2023-11-30,North America,Canada,Electronics,4K Monitor,retail,6,114.61,0.2,550.13,SMB,1.0
ORD-100489,2023-11-30,APAC,Australia,Grocery,Arabica Beans 1kg,marketplace,10,36.82,0.15,312.97,Enterprise,11.0
ORD-100652,2023-11-30,North America,Canada,Electronics,Noise Buds,marketplace,4,384.91,0.05,1462.66,Consumer,3.0
ORD-100709,2023-11-30,APAC,Japan,Sports,Yoga Mat Pro,marketplace,3,216.8,0.0,650.4,SMB,11.0
ORD-101222,2023-11-30,North America,United States,Grocery,Dark Chocolate 90%,marketplace,4,30.68,0.0,122.72,SMB,3.0
ORD-101278,2023-11-30,LATAM,Brazil,Electronics,Noise Buds,partner,4,436.16,0.0,1744.64,Consumer,14.0
ORD-101308,2023-11-30,EMEA,Italy,Electronics,Laptop Air 13,web,2,133.39,0.1,240.1,Consumer,3.0
ORD-102238,2023-11-30,North America,United States,Sports,Carbon Racket,web,3,157.36,0.0,472.08,Consumer,1.0
ORD-102499,2023-11-30,LATAM,Argentina,Sports,Yoga Mat Pro,retail,2,65.38,0.0,130.76,Consumer,10.0
ORD-102927,2023-11-30,EMEA,Italy,Sports,Yoga Mat Pro,web,2,107.24,0.0,214.48,Consumer,3.0
ORD-103554,2023-11-30,LATAM,Argentina,Home,Cotton Duvet,web,2,87.84,0.0,175.68,Consumer,9.0
ORD-103634,2023-11-30,EMEA,Italy,Home,Espresso Maker,web,3,90.44,0.05,257.75,SMB,4.0
ORD-104270,2023-11-30,North America,Mexico,Sports,Carbon Racket,web,2,139.68,0.0,279.36,SMB,6.0
ORD-104647,2023-11-30,EMEA,United Kingdom,Sports,Trail Runners,marketplace,10,281.78,0.15,2395.13,Enterprise,8.0
ORD-104924,2023-11-30,North America,Canada,Beauty,Matte Lipstick,web,2,35.09,0.0,70.18,Consumer,4.0
ORD-101013,2023-12-01,EMEA,France,Home,Cast Iron Pan,retail,4,158.17,0.0,632.68,Consumer,1.0
ORD-101029,2023-12-01,EMEA,France,Electronics,Laptop Air 13,marketplace,2,599.5,0.05,1139.05,SMB,5.0
ORD-101333,2023-12-01,LATAM,Brazil,Home,Espresso Maker,marketplace,2,334.78,0.1,602.6,SMB,2.0
ORD-102448,2023-12-01,EMEA,Germany,Sports,Yoga Mat Pro,retail,3,48.58,0.15,123.88,Consumer,6.0
ORD-103293,2023-12-01,EMEA,United Kingdom,Home,Desk Lamp,retail,1,137.04,0.0,137.04,Consumer,3.0
ORD-103684,2023-12-01,APAC,Australia,Beauty,Matte Lipstick,marketplace,7,35.71,0.3,174.98,Enterprise,13.0
ORD-103757,2023-12-01,North America,United States,Electronics,Smart Watch,marketplace,1,252.44,0.0,252.44,Consumer,6.0
ORD-104313,2023-12-01,APAC,India,Home,Cast Iron Pan,web,6,46.82,0.05,266.87,Enterprise,9.0
ORD-104444,2023-12-01,North America,United States,Sports,Yoga Mat Pro,retail,4,91.63,0.05,348.19,Consumer,1.0
ORD-100223,2023-12-02,LATAM,Chile,Home,Espresso Maker,web,2,134.45,0.0,268.9,Consumer,8.0
ORD-101199,2023-12-02,APAC,Singapore,Beauty,Argan Shampoo,marketplace,2,42.93,0.0,85.86,SMB,11.0
ORD-101696,2023-12-02,North America,Mexico,Home,Cotton Duvet,marketplace,3,124.19,0.0,372.57,Consumer,5.0
ORD-102006,2023-12-02,North America,United States,Beauty,Serum Vitamin C,marketplace,1,63.43,0.0,63.43,Consumer,2.0
ORD-102364,2023-12-02,EMEA,Germany,Home,Cotton Duvet,retail,3,62.09,0.05,176.96,Consumer,4.0
ORD-104323,2023-12-02,LATAM,Brazil,Beauty,Matte Lipstick,partner,1,46.32,0.15,39.37,Consumer,9.0
ORD-100144,2023-12-03,LATAM,Brazil,Beauty,Argan Shampoo,retail,3,79.53,0.0,238.59,Consumer,8.0
ORD-100171,2023-12-03,APAC,India,Electronics,Laptop Air 13,marketplace,2,190.47,0.0,380.94,Consumer,9.0
ORD-100377,2023-12-03,North America,Canada,Electronics,4K Monitor,retail,2,205.97,0.15,350.15,Consumer,8.0
ORD-100916,2023-12-03,North America,Mexico,Grocery,Arabica Beans 1kg,partner,2,19.12,0.05,36.33,SMB,5.0
ORD-103336,2023-12-03,APAC,India,Grocery,Arabica Beans 1kg,web,2,17.12,0.1,30.82,Consumer,4.0
ORD-103515,2023-12-03,APAC,Australia,Home,Espresso Maker,retail,7,119.02,0.2,666.51,Enterprise,5.0
ORD-103923,2023-12-03,North America,United States,Home,Desk Lamp,web,3,120.79,0.05,344.25,Consumer,1.0
ORD-104197,2023-12-03,EMEA,Italy,Electronics,4K Monitor,retail,2,110.26,0.05,209.49,Consumer,2.0
ORD-104366,2023-12-03,North America,Mexico,Home,Espresso Maker,retail,4,50.36,0.1,181.3,Consumer,3.0
ORD-104757,2023-12-03,North America,Canada,Electronics,Smart Watch,retail,2,203.88,0.1,366.98,SMB,6.0
ORD-100184,2023-12-04,APAC,Australia,Beauty,Serum Vitamin C,retail,3,56.66,0.0,169.98,Consumer,5.0
ORD-100815,2023-12-04,North America,Mexico,Home,Cast Iron Pan,marketplace,1,115.3,0.0,115.3,Consumer,1.0
ORD-100873,2023-12-04,EMEA,Spain,Beauty,Serum Vitamin C,marketplace,2,214.63,0.0,429.26,Consumer,1.0
ORD-101094,2023-12-04,North America,Canada,Electronics,Laptop Air 13,web,3,605.27,0.0,1815.81,Consumer,6.0
ORD-101708,2023-12-04,North America,Canada,Sports,Yoga Mat Pro,retail,4,138.91,0.05,527.86,SMB,1.0
ORD-101830,2023-12-04,APAC,Singapore,Electronics,Laptop Air 13,partner,3,720.01,0.2,1728.02,Consumer,4.0
ORD-102490,2023-12-04,North America,United States,Sports,Yoga Mat Pro,web,2,129.74,0.15,220.56,SMB,5.0
ORD-102547,2023-12-04,LATAM,Brazil,Home,Cast Iron Pan,partner,1,112.89,0.15,95.96,Consumer,6.0
ORD-103221,2023-12-04,EMEA,Spain,Electronics,Smart Watch,web,3,204.37,0.05,582.45,Consumer,1.0
ORD-103226,2023-12-04,EMEA,United Kingdom,Sports,Carbon Racket,marketplace,4,174.82,0.2,559.42,Enterprise,
ORD-103871,2023-12-04,EMEA,Spain,Home,Espresso Maker,web,1,80.71,0.1,72.64,Consumer,1.0
ORD-104229,2023-12-04,North America,Canada,Electronics,4K Monitor,marketplace,3,308.96,0.05,880.54,SMB,1.0
ORD-104806,2023-12-04,LATAM,Chile,Electronics,Laptop Air 13,partner,7,334.55,0.15,1990.57,Enterprise,10.0
ORD-100091,2023-12-05,EMEA,France,Home,Desk Lamp,partner,2,148.93,0.0,297.86,SMB,1.0
ORD-100102,2023-12-05,North America,Mexico,Electronics,4K Monitor,retail,7,201.53,0.0,1410.71,SMB,2.0
ORD-100105,2023-12-05,North America,Canada,Electronics,4K Monitor,marketplace,3,221.3,0.05,630.71,Consumer,3.0
ORD-100215,2023-12-05,APAC,Australia,Home,Cotton Duvet,web,3,59.23,0.15,151.04,Consumer,5.0
ORD-100714,2023-12-05,LATAM,Chile,Home,Desk Lamp,web,5,251.38,0.3,879.83,SMB,10.0
ORD-100960,2023-12-05,North America,Mexico,Home,Cotton Duvet,partner,1,90.04,0.1,81.04,Consumer,1.0
ORD-101305,2023-12-05,North America,Mexico,Sports,Trail Runners,retail,3,119.72,0.3,251.41,Consumer,1.0
ORD-102402,2023-12-05,APAC,Singapore,Home,Desk Lamp,web,1,96.0,0.0,96.0,Consumer,5.0
ORD-102784,2023-12-05,North America,United States,Electronics,4K Monitor,marketplace,1,441.52,0.2,353.22,Consumer,3.0
ORD-103250,2023-12-05,APAC,Australia,Beauty,Serum Vitamin C,partner,2,41.93,0.0,83.86,Consumer,
ORD-103375,2023-12-05,North America,Mexico,Home,Cotton Duvet,retail,2,59.25,0.2,94.8,SMB,
ORD-103562,2023-12-05,EMEA,Italy,Electronics,Noise Buds,retail,3,370.5,0.1,1000.35,SMB,2.0
ORD-100187,2023-12-06,EMEA,Spain,Beauty,Matte Lipstick,partner,4,77.5,0.0,310.0,Consumer,1.0
ORD-100270,2023-12-06,APAC,Japan,Grocery,Olive Oil 750ml,web,4,12.04,0.05,45.75,Consumer,6.0
ORD-100996,2023-12-06,EMEA,Germany,Sports,Yoga Mat Pro,web,1,93.87,0.2,75.1,Consumer,4.0
ORD-101187,2023-12-06,APAC,Singapore,Sports,Yoga Mat Pro,web,2,48.42,0.05,92.0,SMB,3.0
ORD-101651,2023-12-06,EMEA,United Kingdom,Beauty,Matte Lipstick,web,2,95.96,0.05,182.32,SMB,2.0
ORD-102118,2023-12-06,North America,Canada,Sports,Carbon Racket,web,1,271.76,0.05,258.17,SMB,2.0
ORD-102207,2023-12-06,North America,United States,Beauty,Argan Shampoo,web,3,14.42,0.0,43.26,Consumer,3.0
ORD-103743,2023-12-06,EMEA,France,Grocery,Olive Oil 750ml,web,2,21.77,0.2,34.83,SMB,3.0
ORD-104342,2023-12-06,North America,Mexico,Home,Cotton Duvet,retail,2,104.63,0.2,167.41,Consumer,1.0
ORD-104716,2023-12-06,North America,United States,Beauty,Matte Lipstick,web,3,66.62,0.05,189.87,Consumer,2.0
ORD-100493,2023-12-07,North America,Mexico,Home,Espresso Maker,web,4,63.33,0.05,240.65,SMB,4.0
ORD-101389,2023-12-07,North America,United States,Home,Desk Lamp,marketplace,2,53.48,0.05,101.61,SMB,1.0
ORD-102549,2023-12-07,EMEA,Germany,Home,Cast Iron Pan,retail,2,187.52,0.0,375.04,Consumer,4.0
ORD-102669,2023-12-07,North America,United States,Beauty,Matte Lipstick,web,8,38.21,0.15,259.83,Enterprise,5.0
ORD-102955,2023-12-07,APAC,Singapore,Home,Cotton Duvet,web,3,119.57,0.0,358.71,Consumer,7.0
ORD-103272,2023-12-07,APAC,Singapore,Home,Desk Lamp,partner,2,42.67,0.0,85.34,SMB,4.0
ORD-103296,2023-12-07,APAC,Singapore,Electronics,4K Monitor,web,5,174.57,0.0,872.85,Consumer,6.0
ORD-103500,2023-12-07,APAC,Singapore,Sports,Yoga Mat Pro,marketplace,2,170.72,0.2,273.15,Consumer,12.0
ORD-103517,2023-12-07,North America,Canada,Electronics,Laptop Air 13,web,3,152.91,0.0,458.73,Consumer,4.0
ORD-103556,2023-12-07,LATAM,Chile,Electronics,Smart Watch,web,3,233.23,0.0,699.69,Consumer,11.0
ORD-104437,2023-12-07,APAC,Australia,Electronics,Smart Watch,web,4,242.33,0.0,969.32,Consumer,12.0
ORD-100729,2023-12-08,North America,Mexico,Sports,Yoga Mat Pro,web,2,360.81,0.0,721.62,Consumer,
ORD-101051,2023-12-08,EMEA,Germany,Grocery,Dark Chocolate 90%,partner,2,25.59,0.15,43.5,SMB,5.0
ORD-101087,2023-12-08,North America,United States,Electronics,Noise Buds,partner,3,177.49,0.2,425.98,SMB,4.0
ORD-101385,2023-12-08,North America,United States,Sports,Carbon Racket,marketplace,5,106.25,0.05,504.69,SMB,1.0
ORD-102681,2023-12-08,North America,Canada,Grocery,Dark Chocolate 90%,web,2,21.36,0.1,38.45,SMB,1.0
ORD-102791,2023-12-08,North America,Mexico,Home,Cotton Duvet,web,2,137.25,0.2,219.6,SMB,3.0
ORD-103073,2023-12-08,EMEA,Spain,Electronics,Noise Buds,marketplace,2,586.95,0.05,1115.2,SMB,2.0
ORD-103807,2023-12-08,North America,Mexico,Beauty,Argan Shampoo,partner,4,36.61,0.1,131.8,Consumer,4.0
ORD-103965,2023-12-08,APAC,Singapore,Grocery,Arabica Beans 1kg,web,2,27.49,0.0,54.98,SMB,5.0
ORD-104491,2023-12-08,APAC,Japan,Home,Espresso Maker,marketplace,1,66.44,0.0,66.44,Consumer,6.0
ORD-104664,2023-12-08,North America,United States,Beauty,Matte Lipstick,marketplace,2,33.35,0.0,66.7,Consumer,2.0
ORD-101972,2023-12-09,EMEA,United Kingdom,Sports,Trail Runners,web,3,159.38,0.0,478.14,SMB,1.0
ORD-102224,2023-12-09,APAC,Singapore,Grocery,Arabica Beans 1kg,web,3,23.08,0.0,69.24,Consumer,7.0
ORD-103636,2023-12-09,APAC,India,Home,Desk Lamp,web,2,29.99,0.05,56.98,Consumer,6.0
ORD-104581,2023-12-09,LATAM,Brazil,Sports,Trail Runners,web,1,91.16,0.15,77.49,Consumer,10.0
ORD-104728,2023-12-09,APAC,Singapore,Beauty,Serum Vitamin C,retail,2,32.64,0.15,55.49,Consumer,5.0
ORD-103080,2023-12-10,EMEA,Spain,Home,Desk Lamp,marketplace,4,61.41,0.05,233.36,Consumer,3.0
ORD-103109,2023-12-10,North America,Canada,Home,Cast Iron Pan,partner,4,79.81,0.0,319.24,Consumer,3.0
ORD-103668,2023-12-10,APAC,India,Electronics,Smart Watch,web,3,258.39,0.0,775.17,Consumer,6.0
ORD-100052,2023-12-11,EMEA,France,Grocery,Dark Chocolate 90%,web,4,29.37,0.15,99.86,Enterprise,7.0
ORD-100544,2023-12-11,LATAM,Brazil,Home,Desk Lamp,web,3,86.56,0.0,259.68,Consumer,9.0
ORD-100610,2023-12-11,EMEA,Germany,Electronics,Noise Buds,marketplace,2,347.93,0.0,695.86,Consumer,8.0
ORD-100968,2023-12-11,North America,Canada,Beauty,Serum Vitamin C,retail,4,54.28,0.0,217.12,Consumer,4.0
ORD-101717,2023-12-11,EMEA,Italy,Home,Espresso Maker,marketplace,1,33.03,0.0,33.03,Consumer,8.0
ORD-102081,2023-12-11,EMEA,United Kingdom,Home,Cotton Duvet,web,2,141.3,0.0,282.6,Consumer,2.0
ORD-102093,2023-12-11,North America,United States,Beauty,Argan Shampoo,web,1,43.29,0.05,41.13,Consumer,3.0
ORD-102252,2023-12-11,EMEA,France,Grocery,Olive Oil 750ml,partner,2,17.91,0.0,35.82,Consumer,4.0
ORD-102443,2023-12-11,APAC,Singapore,Sports,Trail Runners,retail,3,59.6,0.0,178.8,Consumer,10.0
ORD-102569,2023-12-11,North America,Mexico,Electronics,Smart Watch,web,1,362.76,0.05,344.62,SMB,5.0
ORD-102873,2023-12-11,North America,United States,Sports,Trail Runners,retail,2,80.88,0.0,161.76,Consumer,5.0
ORD-103291,2023-12-11,EMEA,Spain,Home,Cotton Duvet,web,6,96.61,0.1,521.69,SMB,6.0
ORD-103346,2023-12-11,EMEA,Italy,Home,Cotton Duvet,web,7,42.63,0.0,298.41,Enterprise,5.0
ORD-103466,2023-12-11,APAC,Japan,Electronics,4K Monitor,web,1,402.43,0.0,402.43,Consumer,10.0
ORD-103641,2023-12-11,North America,Mexico,Sports,Carbon Racket,marketplace,3,134.46,0.1,363.04,SMB,2.0
ORD-104035,2023-12-11,North America,Canada,Sports,Yoga Mat Pro,partner,2,38.62,0.15,65.65,Consumer,4.0
ORD-104070,2023-12-11,North America,Mexico,Sports,Carbon Racket,web,2,161.02,0.2,257.63,SMB,3.0
ORD-104226,2023-12-11,APAC,Japan,Grocery,Olive Oil 750ml,retail,1,39.22,0.05,37.26,Consumer,5.0
ORD-104401,2023-12-11,North America,United States,Electronics,Smart Watch,partner,3,70.02,0.0,210.06,Consumer,2.0
ORD-104706,2023-12-11,North America,United States,Home,Espresso Maker,web,2,89.5,0.15,152.15,SMB,4.0
ORD-101338,2023-12-12,EMEA,Spain,Sports,Carbon Racket,marketplace,2,90.85,0.05,172.61,SMB,3.0
ORD-101530,2023-12-12,EMEA,Italy,Beauty,Argan Shampoo,retail,4,70.95,0.05,269.61,Consumer,3.0
ORD-101761,2023-12-12,APAC,India,Beauty,Serum Vitamin C,web,3,72.99,0.15,186.12,SMB,8.0
ORD-102275,2023-12-12,EMEA,Italy,Beauty,Serum Vitamin C,web,4,44.6,0.0,178.4,Consumer,6.0
ORD-103355,2023-12-12,LATAM,Argentina,Home,Cotton Duvet,retail,3,113.57,0.0,340.71,SMB,6.0
ORD-104114,2023-12-12,APAC,India,Electronics,Smart Watch,web,1,92.53,0.0,92.53,Consumer,12.0
ORD-104221,2023-12-12,EMEA,Italy,Grocery,Olive Oil 750ml,retail,1,21.79,0.0,21.79,Consumer,4.0
ORD-104222,2023-12-12,North America,Mexico,Grocery,Dark Chocolate 90%,retail,7,25.52,0.2,142.91,Enterprise,2.0
ORD-104828,2023-12-12,EMEA,France,Grocery,Olive Oil 750ml,retail,3,30.38,0.0,91.14,SMB,4.0
ORD-100100,2023-12-13,EMEA,Germany,Home,Cotton Duvet,web,3,152.43,0.1,411.56,Consumer,1.0
ORD-100683,2023-12-13,LATAM,Argentina,Electronics,Noise Buds,marketplace,6,449.3,0.05,2561.01,Enterprise,11.0
ORD-101363,2023-12-13,EMEA,United Kingdom,Home,Espresso Maker,web,3,70.52,0.0,211.56,Consumer,8.0
ORD-101569,2023-12-13,North America,Mexico,Sports,Yoga Mat Pro,marketplace,2,244.49,0.0,488.98,Consumer,4.0
ORD-102039,2023-12-13,EMEA,United Kingdom,Sports,Trail Runners,web,1,135.14,0.1,121.63,Consumer,4.0
ORD-102259,2023-12-13,North America,Mexico,Sports,Trail Runners,web,6,81.33,0.0,487.98,Enterprise,2.0
ORD-102521,2023-12-13,EMEA,Italy,Home,Cast Iron Pan,web,2,115.86,0.15,196.96,Consumer,1.0
ORD-103120,2023-12-13,EMEA,Spain,Home,Cotton Duvet,marketplace,3,55.83,0.2,133.99,Consumer,9.0
ORD-103251,2023-12-13,APAC,Japan,Grocery,Arabica Beans 1kg,marketplace,2,21.22,0.05,40.32,SMB,4.0
ORD-103259,2023-12-13,North America,Canada,Grocery,Arabica Beans 1kg,web,1,25.56,0.0,25.56,Consumer,4.0
ORD-103549,2023-12-13,North America,United States,Grocery,Arabica Beans 1kg,marketplace,2,28.66,0.15,48.72,Consumer,7.0
ORD-103585,2023-12-13,North America,Canada,Home,Cotton Duvet,marketplace,2,77.17,0.0,154.34,Consumer,4.0
ORD-100053,2023-12-14,LATAM,Chile,Home,Cast Iron Pan,marketplace,2,58.7,0.1,105.66,SMB,10.0
ORD-100167,2023-12-14,EMEA,Spain,Sports,Carbon Racket,marketplace,3,110.97,0.1,299.62,Consumer,4.0
ORD-100466,2023-12-14,North America,Mexico,Beauty,Serum Vitamin C,retail,7,54.37,0.2,304.47,Enterprise,3.0
ORD-101159,2023-12-14,North America,Mexico,Electronics,4K Monitor,web,3,238.87,0.05,680.78,Consumer,2.0
ORD-101169,2023-12-14,APAC,India,Home,Cast Iron Pan,retail,9,83.71,0.2,602.71,Enterprise,5.0
ORD-101231,2023-12-14,EMEA,France,Electronics,Smart Watch,marketplace,5,118.55,0.0,592.75,Enterprise,5.0
ORD-102212,2023-12-14,North America,Canada,Electronics,4K Monitor,partner,3,240.17,0.0,720.51,Consumer,1.0
ORD-103230,2023-12-14,North America,United States,Beauty,Argan Shampoo,web,1,54.17,0.1,48.75,Consumer,
ORD-104159,2023-12-14,North America,Mexico,Grocery,Olive Oil 750ml,web,4,22.87,0.0,91.48,Consumer,3.0
ORD-104415,2023-12-14,North America,Mexico,Beauty,Argan Shampoo,web,2,27.92,0.0,55.84,Consumer,5.0
ORD-104698,2023-12-14,EMEA,United Kingdom,Electronics,Laptop Air 13,partner,2,318.51,0.0,637.02,Consumer,8.0
ORD-104910,2023-12-14,APAC,Japan,Sports,Carbon Racket,web,4,132.55,0.15,450.67,SMB,6.0
ORD-100248,2023-12-15,EMEA,Italy,Electronics,Noise Buds,marketplace,3,528.66,0.0,1585.98,Consumer,5.0
ORD-100291,2023-12-15,North America,United States,Grocery,Arabica Beans 1kg,marketplace,4,28.54,0.05,108.45,Consumer,5.0
ORD-100592,2023-12-15,North America,Mexico,Grocery,Arabica Beans 1kg,web,4,18.6,0.0,74.4,Consumer,2.0
ORD-100875,2023-12-15,North America,Canada,Sports,Carbon Racket,marketplace,3,85.95,0.15,219.17,Consumer,3.0
ORD-101257,2023-12-15,APAC,India,Grocery,Arabica Beans 1kg,marketplace,1,20.35,0.0,20.35,Consumer,5.0
ORD-101396,2023-12-15,LATAM,Brazil,Beauty,Serum Vitamin C,web,6,26.99,0.0,161.94,Consumer,15.0
ORD-101433,2023-12-15,North America,United States,Beauty,Matte Lipstick,web,3,47.69,0.1,128.76,SMB,6.0
ORD-101769,2023-12-15,North America,Canada,Sports,Trail Runners,web,4,119.81,0.0,479.24,SMB,3.0
ORD-101822,2023-12-15,EMEA,Italy,Electronics,4K Monitor,web,3,491.26,0.1,1326.4,SMB,2.0
ORD-102202,2023-12-15,EMEA,Spain,Electronics,Noise Buds,marketplace,3,336.98,0.0,1010.94,Consumer,4.0
ORD-102251,2023-12-15,North America,United States,Electronics,Laptop Air 13,web,2,178.72,0.0,357.44,Consumer,5.0
ORD-102545,2023-12-15,APAC,Singapore,Electronics,Noise Buds,web,3,349.67,0.1,944.11,SMB,5.0
ORD-102555,2023-12-15,North America,United States,Electronics,4K Monitor,web,1,121.08,0.0,121.08,Consumer,3.0
ORD-102565,2023-12-15,EMEA,France,Beauty,Argan Shampoo,web,3,94.16,0.05,268.36,SMB,4.0
ORD-102636,2023-12-15,North America,United States,Sports,Trail Runners,marketplace,1,85.61,0.0,85.61,SMB,1.0
ORD-102686,2023-12-15,EMEA,Italy,Electronics,Noise Buds,marketplace,1,446.97,0.0,446.97,SMB,
ORD-102962,2023-12-15,North America,Mexico,Sports,Carbon Racket,retail,2,68.96,0.2,110.34,SMB,2.0
ORD-103022,2023-12-15,EMEA,Germany,Electronics,4K Monitor,retail,3,472.62,0.2,1134.29,SMB,3.0
ORD-103290,2023-12-15,North America,United States,Electronics,Laptop Air 13,web,2,123.95,0.0,247.9,Consumer,6.0
ORD-103949,2023-12-15,North America,United States,Electronics,4K Monitor,retail,7,278.13,0.2,1557.53,Enterprise,2.0
ORD-104638,2023-12-15,North America,United States,Grocery,Dark Chocolate 90%,web,3,20.89,0.0,62.67,Consumer,2.0
ORD-104721,2023-12-15,North America,United States,Grocery,Arabica Beans 1kg,retail,4,27.7,0.15,94.18,Enterprise,2.0
ORD-104832,2023-12-15,North America,Mexico,Sports,Trail Runners,web,2,49.36,0.0,98.72,Consumer,4.0
ORD-100086,2023-12-16,North America,Mexico,Beauty,Serum Vitamin C,web,1,73.87,0.0,73.87,Consumer,1.0
ORD-100912,2023-12-16,EMEA,France,Sports,Carbon Racket,marketplace,3,53.31,0.15,135.94,SMB,5.0
ORD-101254,2023-12-16,North America,Mexico,Sports,Carbon Racket,web,3,95.89,0.05,273.29,Consumer,1.0
ORD-102337,2023-12-16,APAC,Singapore,Sports,Carbon Racket,retail,9,215.67,0.2,1552.82,Enterprise,5.0
ORD-103057,2023-12-16,APAC,India,Home,Cast Iron Pan,web,3,79.43,0.0,238.29,Consumer,4.0
ORD-103140,2023-12-16,North America,United States,Beauty,Matte Lipstick,web,1,29.19,0.0,29.19,Consumer,4.0
ORD-103410,2023-12-16,APAC,Australia,Beauty,Serum Vitamin C,web,1,42.79,0.0,42.79,Consumer,7.0
ORD-104265,2023-12-16,North America,Canada,Beauty,Matte Lipstick,web,5,50.69,0.0,253.45,Consumer,1.0
ORD-101409,2023-12-17,APAC,Japan,Sports,Carbon Racket,marketplace,5,145.29,0.0,726.45,SMB,3.0
ORD-103656,2023-12-17,North America,Mexico,Electronics,Noise Buds,marketplace,4,248.92,0.1,896.11,Enterprise,2.0
ORD-104696,2023-12-17,EMEA,France,Electronics,Noise Buds,retail,2,451.83,0.0,903.66,SMB,8.0
ORD-100025,2023-12-18,EMEA,United Kingdom,Beauty,Serum Vitamin C,retail,1,39.25,0.3,27.48,SMB,5.0
ORD-100250,2023-12-18,APAC,Singapore,Beauty,Argan Shampoo,marketplace,2,62.83,0.05,119.38,SMB,6.0
ORD-100527,2023-12-18,North America,Mexico,Grocery,Olive Oil 750ml,web,4,26.56,0.2,84.99,SMB,2.0
ORD-100852,2023-12-18,APAC,Singapore,Beauty,Argan Shampoo,web,3,56.86,0.0,170.58,SMB,7.0
ORD-101394,2023-12-18,EMEA,United Kingdom,Electronics,Laptop Air 13,web,2,226.89,0.0,453.78,Consumer,5.0
ORD-101846,2023-12-18,North America,Canada,Home,Desk Lamp,partner,4,133.77,0.0,535.08,Consumer,3.0
ORD-102059,2023-12-18,North America,Mexico,Sports,Trail Runners,web,2,228.04,0.15,387.67,Consumer,1.0
ORD-102107,2023-12-18,North America,United States,Sports,Yoga Mat Pro,marketplace,2,130.1,0.1,234.18,SMB,1.0
ORD-102487,2023-12-18,North America,Canada,Beauty,Serum Vitamin C,marketplace,1,55.81,0.1,50.23,Consumer,2.0
ORD-103571,2023-12-18,APAC,India,Home,Espresso Maker,retail,2,94.74,0.15,161.06,Consumer,9.0
ORD-103915,2023-12-18,APAC,Australia,Beauty,Argan Shampoo,web,3,42.02,0.0,126.06,SMB,5.0
ORD-100299,2023-12-19,EMEA,United Kingdom,Beauty,Matte Lipstick,web,2,52.93,0.0,105.86,Consumer,3.0
ORD-100575,2023-12-19,EMEA,Spain,Home,Cast Iron Pan,web,2,95.42,0.05,181.3,Consumer,6.0
ORD-100986,2023-12-19,North America,Mexico,Electronics,Noise Buds,web,1,244.81,0.0,244.81,SMB,3.0
ORD-101596,2023-12-19,North America,Mexico,Beauty,Matte Lipstick,web,4,56.68,0.0,226.72,Consumer,1.0
ORD-102354,2023-12-19,North America,Mexico,Beauty,Serum Vitamin C,partner,9,46.35,0.15,354.58,Enterprise,2.0
ORD-102699,2023-12-19,North America,Mexico,Home,Espresso Maker,web,1,78.53,0.0,78.53,Consumer,1.0
ORD-102783,2023-12-19,APAC,Singapore,Grocery,Dark Chocolate 90%,marketplace,3,16.37,0.05,46.65,Consumer,6.0
ORD-102831,2023-12-19,EMEA,France,Beauty,Serum Vitamin C,retail,2,90.68,0.0,181.36,Consumer,4.0
ORD-103367,2023-12-19,North America,Mexico,Electronics,Laptop Air 13,partner,2,145.17,0.05,275.82,Consumer,3.0
ORD-104947,2023-12-19,APAC,Japan,Grocery,Dark Chocolate 90%,web,1,16.94,0.1,15.25,SMB,8.0
ORD-101090,2023-12-20,APAC,Japan,Grocery,Olive Oil 750ml,marketplace,9,22.33,0.3,140.68,Enterprise,6.0
ORD-101474,2023-12-20,APAC,Singapore,Grocery,Olive Oil 750ml,web,5,14.56,0.0,72.8,SMB,6.0
ORD-101803,2023-12-20,North America,Canada,Grocery,Arabica Beans 1kg,web,3,18.84,0.0,56.52,Consumer,4.0
ORD-102277,2023-12-20,North America,Canada,Sports,Carbon Racket,web,2,157.65,0.1,283.77,SMB,2.0
ORD-102543,2023-12-20,North America,United States,Sports,Trail Runners,web,6,221.64,0.0,1329.84,SMB,5.0
ORD-103159,2023-12-20,North America,United States,Grocery,Olive Oil 750ml,web,6,30.04,0.0,180.24,SMB,1.0
ORD-103211,2023-12-20,APAC,Japan,Grocery,Dark Chocolate 90%,partner,2,18.9,0.15,32.13,Consumer,4.0
ORD-103340,2023-12-20,North America,Mexico,Home,Espresso Maker,retail,1,71.44,0.0,71.44,Consumer,2.0
ORD-104243,2023-12-20,LATAM,Argentina,Grocery,Dark Chocolate 90%,retail,2,33.7,0.0,67.4,Consumer,16.0
ORD-104266,2023-12-20,APAC,India,Beauty,Argan Shampoo,partner,3,30.28,0.2,72.67,Consumer,9.0
ORD-104364,2023-12-20,North America,Mexico,Electronics,Noise Buds,web,3,337.07,0.0,1011.21,Consumer,1.0
ORD-104486,2023-12-20,APAC,Australia,Grocery,Arabica Beans 1kg,web,7,18.29,0.2,102.42,Enterprise,8.0
ORD-104988,2023-12-20,APAC,India,Sports,Carbon Racket,web,2,113.5,0.0,227.0,Consumer,5.0
ORD-100669,2023-12-21,EMEA,Germany,Home,Espresso Maker,web,3,52.16,0.15,133.01,Consumer,3.0
ORD-101009,2023-12-21,EMEA,United Kingdom,Electronics,Noise Buds,retail,2,399.89,0.1,719.8,SMB,5.0
ORD-101432,2023-12-21,EMEA,Spain,Home,Cast Iron Pan,web,8,80.45,0.2,514.88,Enterprise,5.0
ORD-102239,2023-12-21,EMEA,Italy,Electronics,Smart Watch,marketplace,2,176.74,0.05,335.81,Consumer,6.0
ORD-102271,2023-12-21,APAC,Japan,Electronics,Noise Buds,retail,4,135.73,0.2,434.34,SMB,7.0
ORD-102390,2023-12-21,North America,United States,Beauty,Matte Lipstick,web,1,27.21,0.1,24.49,Consumer,3.0
ORD-102706,2023-12-21,APAC,India,Home,Desk Lamp,web,3,73.04,0.05,208.16,SMB,7.0
ORD-103131,2023-12-21,EMEA,Germany,Electronics,4K Monitor,marketplace,1,124.92,0.15,106.18,Consumer,4.0
ORD-103751,2023-12-21,EMEA,Germany,Home,Cast Iron Pan,retail,2,74.86,0.0,149.72,Consumer,2.0
ORD-104614,2023-12-21,North America,Mexico,Sports,Carbon Racket,retail,2,206.82,0.0,413.64,Consumer,6.0
ORD-104857,2023-12-21,EMEA,United Kingdom,Grocery,Olive Oil 750ml,marketplace,3,18.83,0.2,45.19,Consumer,2.0
ORD-100282,2023-12-22,North America,United States,Beauty,Matte Lipstick,retail,2,42.59,0.1,76.66,Consumer,3.0
ORD-100599,2023-12-22,North America,United States,Home,Cast Iron Pan,retail,3,90.99,0.1,245.67,Consumer,1.0
ORD-100739,2023-12-22,LATAM,Argentina,Beauty,Argan Shampoo,web,3,66.49,0.0,199.47,Consumer,9.0
ORD-101144,2023-12-22,APAC,Singapore,Grocery,Dark Chocolate 90%,retail,3,24.94,0.2,59.86,Consumer,10.0
ORD-101436,2023-12-22,North America,Canada,Sports,Trail Runners,marketplace,5,119.04,0.0,595.2,Enterprise,1.0
ORD-101927,2023-12-22,North America,United States,Home,Cotton Duvet,web,2,131.92,0.1,237.46,SMB,1.0
ORD-102283,2023-12-22,EMEA,Italy,Electronics,Noise Buds,web,2,443.91,0.0,887.82,Consumer,6.0
ORD-102494,2023-12-22,EMEA,Italy,Electronics,Smart Watch,marketplace,1,186.74,0.0,186.74,SMB,6.0
ORD-102574,2023-12-22,APAC,Australia,Grocery,Dark Chocolate 90%,partner,3,22.26,0.0,66.78,Consumer,3.0
ORD-102756,2023-12-22,North America,Canada,Sports,Carbon Racket,web,2,269.71,0.2,431.54,SMB,1.0
ORD-102819,2023-12-22,EMEA,United Kingdom,Electronics,Laptop Air 13,web,3,463.31,0.05,1320.43,Consumer,3.0
ORD-103255,2023-12-22,LATAM,Argentina,Home,Cast Iron Pan,marketplace,2,80.3,0.05,152.57,Consumer,4.0
ORD-103380,2023-12-22,APAC,Singapore,Electronics,Smart Watch,retail,3,141.86,0.0,425.58,Consumer,8.0
ORD-103503,2023-12-22,North America,Mexico,Electronics,4K Monitor,partner,2,255.95,0.1,460.71,SMB,4.0
ORD-104258,2023-12-22,LATAM,Brazil,Sports,Yoga Mat Pro,partner,3,142.07,0.0,426.21,Consumer,6.0
ORD-104578,2023-12-22,North America,Canada,Electronics,Noise Buds,marketplace,1,290.66,0.0,290.66,Consumer,3.0
ORD-104626,2023-12-22,North America,Mexico,Sports,Trail Runners,web,2,156.85,0.0,313.7,SMB,4.0
ORD-100788,2023-12-23,EMEA,France,Sports,Carbon Racket,retail,3,70.51,0.0,211.53,Consumer,4.0
ORD-101779,2023-12-23,LATAM,Chile,Electronics,Smart Watch,web,2,213.45,0.0,426.9,Consumer,12.0
ORD-102638,2023-12-23,APAC,India,Beauty,Serum Vitamin C,retail,4,51.28,0.1,184.61,Consumer,1.0
ORD-103207,2023-12-23,APAC,Australia,Electronics,Laptop Air 13,retail,1,147.85,0.05,140.46,Consumer,6.0
ORD-103811,2023-12-23,North America,Mexico,Electronics,Laptop Air 13,marketplace,4,209.69,0.0,838.76,Consumer,3.0
ORD-104152,2023-12-23,North America,Mexico,Home,Cast Iron Pan,partner,3,74.77,0.05,213.09,SMB,4.0
ORD-104697,2023-12-23,EMEA,United Kingdom,Electronics,Noise Buds,web,1,87.52,0.05,83.14,Consumer,1.0
ORD-100079,2023-12-24,North America,Canada,Home,Espresso Maker,web,2,72.53,0.2,116.05,Consumer,4.0
ORD-100364,2023-12-24,North America,Canada,Home,Desk Lamp,retail,3,74.01,0.0,222.03,Consumer,3.0
ORD-100591,2023-12-24,North America,United States,Electronics,Noise Buds,web,1,175.85,0.05,167.06,Consumer,3.0
ORD-100931,2023-12-24,North America,Canada,Sports,Yoga Mat Pro,web,3,89.8,0.0,269.4,Consumer,3.0
ORD-101332,2023-12-24,LATAM,Brazil,Sports,Yoga Mat Pro,retail,3,104.99,0.2,251.98,SMB,10.0
ORD-101404,2023-12-24,APAC,Japan,Home,Cotton Duvet,web,1,38.64,0.1,34.78,Consumer,7.0
ORD-101406,2023-12-24,EMEA,Spain,Grocery,Olive Oil 750ml,retail,6,15.75,0.2,75.6,Enterprise,4.0
ORD-101578,2023-12-24,North America,Canada,Home,Cast Iron Pan,marketplace,3,69.27,0.0,207.81,Consumer,1.0
ORD-102036,2023-12-24,LATAM,Brazil,Electronics,Noise Buds,web,2,509.51,0.0,1019.02,Consumer,5.0
ORD-103084,2023-12-24,North America,Mexico,Sports,Trail Runners,partner,7,108.2,0.15,643.79,Enterprise,4.0
ORD-104992,2023-12-24,EMEA,Italy,Electronics,Smart Watch,web,3,512.09,0.0,1536.27,Consumer,2.0
ORD-100404,2023-12-25,North America,Mexico,Grocery,Arabica Beans 1kg,web,1,35.21,0.2,28.17,SMB,2.0
ORD-100454,2023-12-25,EMEA,Spain,Beauty,Matte Lipstick,web,3,40.75,0.05,116.14,Consumer,7.0
ORD-100535,2023-12-25,EMEA,Germany,Home,Cotton Duvet,marketplace,1,111.64,0.0,111.64,Consumer,2.0
ORD-100670,2023-12-25,North America,Canada,Grocery,Dark Chocolate 90%,web,2,18.93,0.05,35.97,Consumer,3.0
ORD-100747,2023-12-25,APAC,India,Home,Cotton Duvet,marketplace,3,60.13,0.1,162.35,Consumer,7.0
ORD-100766,2023-12-25,North America,United States,Home,Desk Lamp,marketplace,2,83.43,0.0,166.86,Consumer,2.0
ORD-100864,2023-12-25,North America,United States,Beauty,Argan Shampoo,web,3,39.65,0.0,118.95,Consumer,6.0
ORD-101271,2023-12-25,North America,Canada,Beauty,Argan Shampoo,web,3,52.07,0.2,124.97,SMB,3.0
ORD-101881,2023-12-25,North America,United States,Electronics,Laptop Air 13,web,5,83.08,0.0,415.4,Consumer,1.0
ORD-102609,2023-12-25,North America,United States,Beauty,Matte Lipstick,marketplace,4,31.03,0.0,124.12,Consumer,2.0
ORD-102848,2023-12-25,EMEA,Spain,Sports,Yoga Mat Pro,retail,3,75.96,0.2,182.3,Consumer,3.0
ORD-103246,2023-12-25,LATAM,Brazil,Sports,Yoga Mat Pro,web,2,82.01,0.0,164.02,Consumer,11.0
ORD-103379,2023-12-25,APAC,India,Sports,Carbon Racket,web,2,95.86,0.0,191.72,Consumer,5.0
ORD-103944,2023-12-25,EMEA,France,Beauty,Serum Vitamin C,partner,2,37.66,0.15,64.02,Consumer,6.0
ORD-104158,2023-12-25,North America,Mexico,Electronics,4K Monitor,marketplace,6,416.35,0.05,2373.2,Consumer,4.0
ORD-104217,2023-12-25,EMEA,Germany,Home,Cotton Duvet,web,4,129.68,0.0,518.72,Consumer,5.0
ORD-104677,2023-12-25,North America,Canada,Home,Espresso Maker,retail,5,53.3,0.05,253.18,SMB,2.0
ORD-104745,2023-12-25,North America,United States,Sports,Trail Runners,retail,4,58.02,0.05,220.48,Consumer,3.0
ORD-100634,2023-12-26,North America,Mexico,Electronics,Laptop Air 13,retail,1,172.1,0.0,172.1,Consumer,3.0
ORD-100994,2023-12-26,EMEA,France,Home,Cast Iron Pan,web,3,122.7,0.0,368.1,Consumer,3.0
ORD-101045,2023-12-26,EMEA,France,Sports,Yoga Mat Pro,web,1,35.57,0.0,35.57,SMB,5.0
ORD-102065,2023-12-26,North America,Mexico,Home,Espresso Maker,marketplace,1,94.43,0.0,94.43,Consumer,1.0
ORD-102208,2023-12-26,North America,Mexico,Electronics,Noise Buds,partner,5,290.42,0.05,1379.5,SMB,3.0
ORD-103176,2023-12-26,APAC,Australia,Electronics,Laptop Air 13,marketplace,4,376.66,0.1,1355.98,Enterprise,4.0
ORD-103608,2023-12-26,North America,Canada,Electronics,4K Monitor,web,2,186.3,0.1,335.34,SMB,2.0
ORD-103662,2023-12-26,APAC,India,Home,Cotton Duvet,web,3,58.06,0.2,139.34,Consumer,4.0
ORD-103999,2023-12-26,North America,Mexico,Electronics,Smart Watch,marketplace,3,160.44,0.0,481.32,Consumer,1.0
ORD-104586,2023-12-26,North America,Canada,Sports,Yoga Mat Pro,web,4,189.71,0.3,531.19,Enterprise,4.0
ORD-100231,2023-12-27,North America,Canada,Electronics,Noise Buds,web,2,296.7,0.1,534.06,SMB,1.0
ORD-101190,2023-12-27,APAC,Singapore,Home,Cast Iron Pan,web,10,78.04,0.1,702.36,Enterprise,6.0
ORD-101211,2023-12-27,North America,Mexico,Grocery,Arabica Beans 1kg,marketplace,6,17.09,0.1,92.29,Enterprise,3.0
ORD-101453,2023-12-27,North America,Mexico,Electronics,4K Monitor,partner,1,169.9,0.05,161.4,Consumer,2.0
ORD-101483,2023-12-27,LATAM,Argentina,Home,Cotton Duvet,web,1,53.11,0.1,47.8,Consumer,5.0
ORD-102389,2023-12-27,EMEA,United Kingdom,Home,Espresso Maker,retail,2,70.78,0.0,141.56,Consumer,3.0
ORD-102664,2023-12-27,North America,Mexico,Home,Cotton Duvet,web,2,203.12,0.0,406.24,SMB,4.0
ORD-103156,2023-12-27,North America,Mexico,Beauty,Matte Lipstick,web,2,66.85,0.0,133.7,Consumer,1.0
ORD-103826,2023-12-27,North America,Mexico,Electronics,4K Monitor,partner,2,297.22,0.05,564.72,Consumer,1.0
ORD-104883,2023-12-27,North America,Mexico,Electronics,Smart Watch,marketplace,1,200.69,0.05,190.66,Consumer,2.0
ORD-100754,2023-12-28,North America,Canada,Sports,Yoga Mat Pro,web,4,216.99,0.0,867.96,Consumer,4.0
ORD-100805,2023-12-28,APAC,Singapore,Sports,Trail Runners,web,3,109.29,0.1,295.08,SMB,10.0
ORD-102676,2023-12-28,LATAM,Chile,Sports,Trail Runners,partner,3,154.04,0.0,462.12,Consumer,11.0
ORD-102725,2023-12-28,LATAM,Brazil,Electronics,Smart Watch,partner,3,662.66,0.0,1987.98,Consumer,9.0
ORD-103188,2023-12-28,North America,Canada,Electronics,4K Monitor,web,2,350.14,0.05,665.27,SMB,3.0
ORD-103803,2023-12-28,EMEA,France,Electronics,Noise Buds,marketplace,2,279.13,0.0,558.26,Consumer,1.0
ORD-100011,2023-12-29,EMEA,Italy,Home,Espresso Maker,web,3,42.52,0.05,121.18,Consumer,4.0
ORD-101265,2023-12-29,APAC,India,Beauty,Serum Vitamin C,web,2,44.3,0.0,88.6,Consumer,7.0
ORD-103573,2023-12-29,LATAM,Chile,Electronics,Laptop Air 13,web,4,353.0,0.15,1200.2,Consumer,8.0
ORD-104024,2023-12-29,North America,United States,Sports,Trail Runners,web,1,135.73,0.15,115.37,SMB,4.0
ORD-104216,2023-12-29,North America,Canada,Beauty,Serum Vitamin C,web,3,58.38,0.1,157.63,SMB,3.0
ORD-104340,2023-12-29,North America,Canada,Home,Cast Iron Pan,web,5,69.04,0.05,327.94,Consumer,3.0
ORD-100416,2023-12-30,EMEA,France,Home,Desk Lamp,web,4,37.14,0.0,148.56,Consumer,5.0
ORD-101018,2023-12-30,LATAM,Argentina,Sports,Carbon Racket,web,4,91.85,0.15,312.29,Consumer,8.0
ORD-102089,2023-12-30,North America,Mexico,Home,Espresso Maker,web,2,45.64,0.1,82.15,Consumer,5.0
ORD-102556,2023-12-30,EMEA,Germany,Electronics,Noise Buds,marketplace,2,257.64,0.0,515.28,Consumer,3.0
ORD-103930,2023-12-30,EMEA,France,Sports,Yoga Mat Pro,marketplace,2,74.62,0.15,126.85,Consumer,
ORD-104993,2023-12-30,EMEA,France,Sports,Carbon Racket,web,6,117.94,0.1,636.88,SMB,1.0
ORD-100822,2023-12-31,North America,United States,Grocery,Olive Oil 750ml,retail,3,676.64,0.2,1623.94,SMB,1.0
ORD-100840,2023-12-31,North America,Mexico,Beauty,Serum Vitamin C,marketplace,2,30.08,0.0,60.16,SMB,6.0
ORD-101290,2023-12-31,North America,Mexico,Electronics,4K Monitor,web,3,411.01,0.0,1233.03,SMB,10.0
ORD-101887,2023-12-31,North America,United States,Grocery,Olive Oil 750ml,partner,3,19.83,0.05,56.52,SMB,1.0
ORD-102146,2023-12-31,North America,Canada,Sports,Carbon Racket,web,6,133.6,0.2,641.28,Enterprise,6.0
ORD-103020,2023-12-31,EMEA,Italy,Grocery,Dark Chocolate 90%,partner,7,24.58,0.05,163.46,Enterprise,3.0
ORD-103072,2023-12-31,North America,United States,Electronics,Noise Buds,web,7,433.57,0.2,2427.99,Enterprise,1.0
ORD-100543,2024-01-01,EMEA,Spain,Sports,Trail Runners,retail,4,233.97,0.1,842.29,SMB,4.0
ORD-100611,2024-01-01,EMEA,Germany,Electronics,4K Monitor,retail,3,159.67,0.2,383.21,SMB,3.0
ORD-101138,2024-01-01,APAC,Japan,Home,Cotton Duvet,web,2,33.73,0.1,60.71,Consumer,12.0
ORD-101525,2024-01-01,EMEA,France,Sports,Trail Runners,marketplace,3,137.31,0.1,370.74,SMB,5.0
ORD-101794,2024-01-01,EMEA,United Kingdom,Electronics,Laptop Air 13,marketplace,3,162.84,0.05,464.09,SMB,2.0
ORD-102724,2024-01-01,North America,Mexico,Electronics,Noise Buds,retail,6,330.66,0.05,1884.76,Enterprise,1.0
ORD-102731,2024-01-01,North America,Mexico,Beauty,Argan Shampoo,web,3,30.05,0.0,90.15,SMB,2.0
ORD-104006,2024-01-01,North America,Canada,Sports,Carbon Racket,web,3,102.78,0.0,308.34,Consumer,7.0
ORD-104450,2024-01-01,North America,Canada,Home,Cast Iron Pan,web,1,36.67,0.0,36.67,Consumer,2.0
ORD-104827,2024-01-01,LATAM,Argentina,Home,Desk Lamp,web,6,44.7,0.15,227.97,Enterprise,8.0
ORD-100457,2024-01-02,North America,Canada,Electronics,Smart Watch,retail,4,306.08,0.0,1224.32,SMB,1.0
ORD-101736,2024-01-02,LATAM,Argentina,Beauty,Argan Shampoo,marketplace,3,23.65,0.2,56.76,SMB,3.0
ORD-102949,2024-01-02,North America,Canada,Home,Espresso Maker,web,5,65.83,0.0,329.15,Consumer,4.0
ORD-102967,2024-01-02,North America,United States,Sports,Carbon Racket,marketplace,2,99.87,0.0,199.74,Consumer,1.0
ORD-103444,2024-01-02,North America,United States,Sports,Trail Runners,retail,3,98.15,0.1,265.01,Consumer,3.0
ORD-103544,2024-01-02,EMEA,France,Home,Desk Lamp,web,3,182.6,0.1,493.02,Consumer,3.0
ORD-103793,2024-01-02,North America,United States,Electronics,Noise Buds,web,3,263.76,0.1,712.15,SMB,1.0
ORD-104288,2024-01-02,North America,United States,Electronics,Noise Buds,retail,3,186.51,0.0,559.53,Consumer,7.0
ORD-104955,2024-01-02,APAC,Australia,Home,Espresso Maker,retail,2,67.52,0.15,114.78,SMB,8.0
ORD-102876,2024-01-03,APAC,India,Electronics,Laptop Air 13,web,4,153.25,0.1,551.7,Consumer,11.0
ORD-101590,2024-01-04,APAC,Singapore,Grocery,Dark Chocolate 90%,retail,6,24.38,0.3,102.4,Enterprise,7.0
ORD-102108,2024-01-04,APAC,India,Electronics,Smart Watch,retail,3,392.42,0.0,1177.26,Consumer,7.0
ORD-102622,2024-01-04,LATAM,Argentina,Beauty,Matte Lipstick,marketplace,2,23.26,0.0,46.52,Consumer,12.0
ORD-102753,2024-01-04,APAC,Singapore,Grocery,Dark Chocolate 90%,web,8,26.78,0.1,192.82,Consumer,6.0
ORD-104117,2024-01-04,North America,Canada,Electronics,Laptop Air 13,retail,2,189.75,0.05,360.52,Consumer,1.0
ORD-104149,2024-01-04,LATAM,Brazil,Sports,Yoga Mat Pro,web,2,102.23,0.0,204.46,SMB,6.0
ORD-104235,2024-01-04,EMEA,Italy,Electronics,Smart Watch,marketplace,5,219.1,0.0,1095.5,Consumer,6.0
ORD-104317,2024-01-04,EMEA,Germany,Home,Cotton Duvet,web,5,54.2,0.1,243.9,Enterprise,3.0
ORD-100118,2024-01-05,North America,Canada,Beauty,Argan Shampoo,web,4,45.96,0.05,174.65,SMB,1.0
ORD-100326,2024-01-05,APAC,Japan,Home,Cotton Duvet,marketplace,3,49.88,0.05,142.16,Consumer,4.0
ORD-100534,2024-01-05,North America,Mexico,Home,Cotton Duvet,retail,2,31.27,0.0,62.54,Consumer,5.0
ORD-101188,2024-01-05,APAC,Singapore,Electronics,4K Monitor,retail,3,354.55,0.0,1063.65,Consumer,5.0
ORD-101671,2024-01-05,EMEA,Spain,Sports,Yoga Mat Pro,marketplace,2,238.78,0.05,453.68,Consumer,7.0
ORD-101692,2024-01-05,North America,Canada,Home,Espresso Maker,web,3,43.93,0.0,131.79,Consumer,4.0
ORD-102132,2024-01-05,North America,Canada,Sports,Trail Runners,retail,4,339.63,0.0,1358.52,Consumer,3.0
ORD-102672,2024-01-05,LATAM,Chile,Sports,Yoga Mat Pro,web,3,91.18,0.1,246.19,Consumer,10.0
ORD-102977,2024-01-05,EMEA,Germany,Beauty,Serum Vitamin C,retail,2,32.82,0.15,55.79,Consumer,4.0
ORD-103603,2024-01-05,EMEA,United Kingdom,Electronics,4K Monitor,web,3,144.38,0.2,346.51,SMB,
ORD-103799,2024-01-05,North America,Canada,Home,Cotton Duvet,marketplace,2,80.15,0.0,160.3,Consumer,1.0
ORD-104730,2024-01-05,North America,United States,Home,Cotton Duvet,retail,5,64.39,0.3,225.36,Enterprise,3.0
ORD-100973,2024-01-06,APAC,India,Electronics,Laptop Air 13,retail,3,377.82,0.05,1076.79,Consumer,2.0
ORD-100998,2024-01-06,EMEA,Italy,Home,Cast Iron Pan,web,5,106.17,0.15,451.22,Enterprise,5.0
ORD-101280,2024-01-06,EMEA,Italy,Electronics,Smart Watch,marketplace,2,413.64,0.05,785.92,SMB,2.0
ORD-101541,2024-01-06,EMEA,Italy,Home,Cotton Duvet,retail,2,112.83,0.05,214.38,Consumer,8.0
ORD-104958,2024-01-06,EMEA,Italy,Beauty,Serum Vitamin C,web,2,31.3,0.0,62.6,SMB,
ORD-100104,2024-01-07,North America,Mexico,Beauty,Matte Lipstick,web,4,34.37,0.0,137.48,Consumer,2.0
ORD-100351,2024-01-07,APAC,Singapore,Home,Cast Iron Pan,retail,3,87.35,0.0,262.05,Consumer,5.0
ORD-102112,2024-01-07,North America,United States,Grocery,Olive Oil 750ml,retail,5,23.74,0.0,118.7,Consumer,1.0
ORD-102729,2024-01-07,EMEA,United Kingdom,Home,Espresso Maker,web,3,36.7,0.05,104.6,Consumer,2.0
ORD-103548,2024-01-07,EMEA,France,Electronics,4K Monitor,marketplace,10,275.53,0.15,2342.0,Enterprise,3.0
ORD-100963,2024-01-08,North America,United States,Home,Desk Lamp,marketplace,4,73.53,0.05,279.41,Consumer,
ORD-101510,2024-01-08,North America,Mexico,Home,Cotton Duvet,web,2,86.35,0.0,172.7,Consumer,1.0
ORD-101723,2024-01-08,North America,Mexico,Home,Desk Lamp,marketplace,3,116.54,0.1,314.66,SMB,2.0
ORD-101933,2024-01-08,North America,United States,Home,Cotton Duvet,retail,2,26.63,0.0,53.26,SMB,1.0
ORD-102325,2024-01-08,North America,Canada,Electronics,Laptop Air 13,web,1,114.58,0.1,103.12,Consumer,5.0
ORD-102984,2024-01-08,North America,Mexico,Beauty,Serum Vitamin C,web,3,62.36,0.0,187.08,SMB,4.0
ORD-103134,2024-01-08,North America,Canada,Grocery,Dark Chocolate 90%,web,2,22.07,0.05,41.93,SMB,3.0
ORD-103335,2024-01-08,EMEA,United Kingdom,Electronics,Laptop Air 13,web,5,265.35,0.0,1326.75,Consumer,1.0
ORD-103452,2024-01-08,North America,Canada,Grocery,Dark Chocolate 90%,marketplace,6,28.43,0.15,144.99,Enterprise,4.0
ORD-103736,2024-01-08,EMEA,Spain,Grocery,Dark Chocolate 90%,web,11,15.18,0.3,116.89,Enterprise,2.0
ORD-103990,2024-01-08,APAC,Singapore,Beauty,Matte Lipstick,marketplace,3,55.1,0.0,165.3,Consumer,6.0
ORD-104011,2024-01-08,LATAM,Argentina,Electronics,Laptop Air 13,marketplace,2,272.64,0.05,518.02,Consumer,6.0
ORD-104193,2024-01-08,LATAM,Chile,Home,Desk Lamp,web,5,59.8,0.0,299.0,Consumer,8.0
ORD-100260,2024-01-09,EMEA,United Kingdom,Sports,Yoga Mat Pro,marketplace,6,88.31,0.05,503.37,SMB,4.0
ORD-100381,2024-01-09,North America,Mexico,Home,Espresso Maker,web,3,107.99,0.15,275.37,SMB,2.0
ORD-101481,2024-01-09,North America,Canada,Sports,Yoga Mat Pro,partner,2,101.7,0.0,203.4,Consumer,1.0
ORD-102002,2024-01-09,North America,United States,Electronics,Noise Buds,web,4,307.13,0.05,1167.09,Consumer,3.0
ORD-102511,2024-01-09,North America,Canada,Beauty,Serum Vitamin C,web,2,22.79,0.0,45.58,Consumer,
ORD-102687,2024-01-09,LATAM,Chile,Electronics,Smart Watch,marketplace,2,475.3,0.1,855.54,Consumer,13.0
ORD-102777,2024-01-09,North America,United States,Beauty,Argan Shampoo,web,3,50.94,0.1,137.54,SMB,4.0
ORD-102800,2024-01-09,APAC,Japan,Beauty,Matte Lipstick,marketplace,3,64.69,0.05,184.37,Consumer,11.0
ORD-103520,2024-01-09,EMEA,Italy,Electronics,Smart Watch,web,4,227.44,0.15,773.3,Consumer,8.0
ORD-103749,2024-01-09,LATAM,Brazil,Grocery,Arabica Beans 1kg,web,3,14.75,0.0,44.25,SMB,6.0
ORD-104268,2024-01-09,North America,Canada,Electronics,Noise Buds,web,2,630.02,0.0,1260.04,Consumer,2.0
ORD-104522,2024-01-09,APAC,Singapore,Sports,Yoga Mat Pro,web,3,173.13,0.05,493.42,SMB,6.0
ORD-100251,2024-01-10,LATAM,Brazil,Sports,Carbon Racket,web,4,38.3,0.05,145.54,SMB,7.0
ORD-100972,2024-01-10,APAC,Japan,Home,Cast Iron Pan,partner,4,77.89,0.1,280.4,SMB,9.0
ORD-101815,2024-01-10,EMEA,United Kingdom,Electronics,Laptop Air 13,web,3,597.69,0.05,1703.42,SMB,5.0
ORD-103954,2024-01-10,North America,Mexico,Grocery,Dark Chocolate 90%,web,2,23.79,0.1,42.82,SMB,4.0
ORD-104285,2024-01-10,APAC,Singapore,Home,Desk Lamp,web,1,83.93,0.0,83.93,Consumer,9.0
ORD-104861,2024-01-10,APAC,Singapore,Home,Cast Iron Pan,web,1,66.53,0.05,63.2,Consumer,4.0
ORD-104894,2024-01-10,APAC,Japan,Sports,Carbon Racket,retail,2,49.75,0.1,89.55,Consumer,7.0
ORD-100513,2024-01-11,EMEA,Spain,Electronics,Laptop Air 13,web,1,208.29,0.05,197.88,SMB,4.0
ORD-100687,2024-01-11,North America,Canada,Home,Cast Iron Pan,marketplace,3,112.79,0.05,321.45,SMB,7.0
ORD-101959,2024-01-11,EMEA,Italy,Sports,Yoga Mat Pro,marketplace,9,67.17,0.1,544.08,Enterprise,7.0
ORD-102436,2024-01-11,North America,Mexico,Home,Cast Iron Pan,web,2,85.59,0.0,171.18,Consumer,4.0
ORD-102914,2024-01-11,North America,United States,Electronics,Laptop Air 13,web,4,544.94,0.1,1961.78,Consumer,1.0
ORD-102920,2024-01-11,EMEA,Spain,Beauty,Argan Shampoo,retail,3,97.29,0.0,291.87,Consumer,6.0
ORD-100385,2024-01-12,LATAM,Chile,Grocery,Dark Chocolate 90%,web,1,24.51,0.0,24.51,Consumer,4.0
ORD-102055,2024-01-12,North America,Mexico,Home,Cotton Duvet,retail,3,75.87,0.0,227.61,SMB,1.0
ORD-103280,2024-01-12,EMEA,Spain,Sports,Yoga Mat Pro,retail,6,122.6,0.15,625.26,Enterprise,2.0
ORD-103419,2024-01-12,North America,Canada,Electronics,Noise Buds,partner,3,392.1,0.0,1176.3,SMB,1.0
ORD-104124,2024-01-12,LATAM,Chile,Sports,Yoga Mat Pro,web,2,73.35,0.0,146.7,Consumer,12.0
ORD-100959,2024-01-13,EMEA,Germany,Beauty,Serum Vitamin C,marketplace,3,35.02,0.0,105.06,SMB,4.0
ORD-101297,2024-01-13,North America,United States,Home,Cotton Duvet,web,2,61.7,0.0,123.4,Consumer,5.0
ORD-101738,2024-01-13,EMEA,Spain,Electronics,Laptop Air 13,partner,1,272.21,0.2,217.77,Consumer,3.0
ORD-103495,2024-01-13,North America,United States,Electronics,Noise Buds,web,6,241.6,0.0,1449.6,Enterprise,3.0
ORD-103525,2024-01-13,EMEA,United Kingdom,Home,Cast Iron Pan,marketplace,4,95.0,0.0,380.0,Consumer,3.0
ORD-103540,2024-01-13,EMEA,Germany,Home,Cast Iron Pan,web,4,65.99,0.0,263.96,Consumer,3.0
ORD-103658,2024-01-13,North America,Mexico,Sports,Yoga Mat Pro,retail,4,111.44,0.3,312.03,Enterprise,4.0
ORD-103865,2024-01-13,North America,Mexico,Home,Espresso Maker,web,3,158.59,0.1,428.19,SMB,6.0
ORD-103926,2024-01-13,EMEA,Italy,Electronics,4K Monitor,partner,2,285.81,0.05,543.04,SMB,5.0
ORD-103934,2024-01-13,North America,Canada,Home,Desk Lamp,marketplace,1,123.28,0.0,123.28,Consumer,2.0
ORD-104737,2024-01-13,EMEA,United Kingdom,Home,Espresso Maker,web,2,86.46,0.2,138.34,Consumer,2.0
ORD-101698,2024-01-14,North America,Mexico,Sports,Trail Runners,web,1,138.33,0.05,131.41,SMB,2.0
ORD-101987,2024-01-14,EMEA,France,Grocery,Arabica Beans 1kg,web,2,16.19,0.0,32.38,Consumer,6.0
ORD-103328,2024-01-14,North America,Canada,Grocery,Olive Oil 750ml,retail,7,20.51,0.1,129.21,Consumer,2.0
ORD-103789,2024-01-14,EMEA,United Kingdom,Electronics,Noise Buds,retail,4,373.71,0.05,1420.1,Consumer,5.0
ORD-103866,2024-01-14,APAC,Australia,Beauty,Matte Lipstick,marketplace,2,66.05,0.0,132.1,Consumer,6.0
ORD-101137,2024-01-15,APAC,India,Electronics,Smart Watch,web,2,297.01,0.0,594.02,SMB,6.0
ORD-101742,2024-01-15,North America,United States,Sports,Yoga Mat Pro,web,6,338.49,0.05,1929.39,Enterprise,1.0
ORD-101775,2024-01-15,EMEA,Spain,Sports,Yoga Mat Pro,marketplace,3,60.94,0.0,182.82,Consumer,4.0
ORD-103325,2024-01-15,North America,United States,Grocery,Olive Oil 750ml,partner,3,22.2,0.0,66.6,Consumer,2.0
ORD-100327,2024-01-16,North America,United States,Beauty,Serum Vitamin C,web,6,31.37,0.05,178.81,Consumer,1.0
ORD-100533,2024-01-16,EMEA,Spain,Beauty,Argan Shampoo,marketplace,3,36.35,0.1,98.15,Consumer,6.0
ORD-100769,2024-01-16,EMEA,Germany,Beauty,Argan Shampoo,web,2,38.62,0.3,54.07,Consumer,8.0
ORD-101860,2024-01-16,EMEA,United Kingdom,Grocery,Olive Oil 750ml,web,1,17.74,0.0,17.74,Consumer,2.0
ORD-102648,2024-01-16,EMEA,Germany,Sports,Yoga Mat Pro,web,2,66.93,0.05,127.17,Consumer,3.0
ORD-102878,2024-01-16,LATAM,Chile,Grocery,Dark Chocolate 90%,partner,2,19.31,0.0,38.62,SMB,8.0
ORD-103009,2024-01-16,North America,Canada,Beauty,Serum Vitamin C,web,3,37.85,0.1,102.2,Consumer,1.0
ORD-103253,2024-01-16,EMEA,United Kingdom,Sports,Yoga Mat Pro,marketplace,3,127.25,0.0,381.75,Consumer,5.0
ORD-103905,2024-01-16,North America,Canada,Beauty,Argan Shampoo,retail,1,20.8,0.05,19.76,SMB,2.0
ORD-104010,2024-01-16,EMEA,Germany,Beauty,Serum Vitamin C,marketplace,3,41.68,0.05,118.79,Consumer,3.0
ORD-104072,2024-01-16,North America,Canada,Grocery,Olive Oil 750ml,web,1,14.05,0.05,13.35,Consumer,3.0
ORD-104150,2024-01-16,EMEA,Germany,Beauty,Argan Shampoo,retail,1,54.68,0.2,43.74,Consumer,2.0
ORD-100318,2024-01-17,LATAM,Chile,Grocery,Arabica Beans 1kg,retail,3,27.69,0.0,83.07,Consumer,7.0
ORD-102778,2024-01-17,EMEA,France,Beauty,Argan Shampoo,web,5,55.65,0.1,250.42,SMB,1.0
ORD-101143,2024-01-18,APAC,Singapore,Electronics,4K Monitor,marketplace,2,353.44,0.0,706.88,Consumer,8.0
ORD-101415,2024-01-18,EMEA,Germany,Beauty,Argan Shampoo,partner,6,52.43,0.0,314.58,Enterprise,3.0
ORD-102749,2024-01-18,EMEA,France,Grocery,Dark Chocolate 90%,web,12,30.83,0.1,332.96,Enterprise,8.0
ORD-103756,2024-01-18,North America,Canada,Electronics,Smart Watch,web,1,361.66,0.15,307.41,SMB,3.0
ORD-104092,2024-01-18,APAC,Japan,Home,Cast Iron Pan,web,3,119.95,0.0,359.85,Consumer,4.0
ORD-104513,2024-01-18,North America,United States,Electronics,4K Monitor,marketplace,2,149.78,0.0,299.56,Consumer,
ORD-101299,2024-01-19,EMEA,Germany,Grocery,Olive Oil 750ml,retail,2,27.4,0.05,52.06,Consumer,5.0
ORD-101551,2024-01-19,North America,Canada,Electronics,Laptop Air 13,web,2,192.3,0.05,365.37,Consumer,1.0
ORD-101844,2024-01-19,North America,Canada,Sports,Trail Runners,web,4,128.58,0.0,514.32,Consumer,2.0
ORD-103394,2024-01-19,LATAM,Chile,Electronics,Laptop Air 13,web,3,375.45,0.1,1013.71,Enterprise,5.0
ORD-104038,2024-01-19,North America,Canada,Electronics,Laptop Air 13,web,3,70.1,0.0,210.3,Consumer,3.0
ORD-101108,2024-01-20,LATAM,Argentina,Electronics,Laptop Air 13,web,1,200.69,0.3,140.48,Consumer,9.0
ORD-101660,2024-01-20,APAC,India,Electronics,Laptop Air 13,partner,4,244.4,0.0,977.6,SMB,8.0
ORD-101762,2024-01-20,EMEA,Italy,Home,Desk Lamp,web,5,66.55,0.05,316.11,Enterprise,7.0
ORD-102264,2024-01-21,LATAM,Chile,Beauty,Argan Shampoo,web,1,30.12,0.0,30.12,Consumer,7.0
ORD-100016,2024-01-22,EMEA,United Kingdom,Electronics,4K Monitor,web,1,433.63,0.0,433.63,Consumer,6.0
ORD-100045,2024-01-22,LATAM,Argentina,Sports,Carbon Racket,retail,3,157.95,0.05,450.16,SMB,6.0
ORD-100659,2024-01-22,LATAM,Brazil,Grocery,Arabica Beans 1kg,retail,4,20.0,0.0,80.0,SMB,
ORD-101343,2024-01-22,North America,Mexico,Sports,Carbon Racket,retail,3,170.07,0.05,484.7,Consumer,4.0
ORD-102857,2024-01-22,LATAM,Chile,Electronics,4K Monitor,partner,5,320.68,0.15,1362.89,Enterprise,9.0
ORD-103343,2024-01-22,North America,Mexico,Grocery,Dark Chocolate 90%,retail,9,15.26,0.0,137.34,Enterprise,1.0
ORD-103579,2024-01-22,North America,Mexico,Home,Espresso Maker,partner,3,49.33,0.0,147.99,SMB,7.0
ORD-104240,2024-01-22,APAC,Singapore,Electronics,Smart Watch,web,4,411.49,0.0,1645.96,Consumer,5.0
ORD-104257,2024-01-22,LATAM,Brazil,Home,Cast Iron Pan,web,4,122.79,0.1,442.04,SMB,11.0
ORD-101492,2024-01-23,North America,United States,Beauty,Serum Vitamin C,marketplace,3,26.44,0.0,79.32,Consumer,4.0
ORD-102952,2024-01-23,North America,Mexico,Sports,Carbon Racket,web,9,87.78,0.1,711.02,Enterprise,4.0
ORD-104700,2024-01-23,North America,United States,Sports,Carbon Racket,web,4,52.1,0.0,208.4,SMB,2.0
ORD-100135,2024-01-24,APAC,Japan,Home,Cast Iron Pan,web,3,149.66,0.05,426.53,Consumer,7.0
ORD-100306,2024-01-24,APAC,Australia,Home,Cast Iron Pan,web,1,102.4,0.05,97.28,Consumer,6.0
ORD-100447,2024-01-24,North America,United States,Beauty,Matte Lipstick,marketplace,1,22.6,0.0,22.6,Consumer,1.0
ORD-102305,2024-01-24,APAC,India,Electronics,Laptop Air 13,partner,2,159.54,0.15,271.22,Consumer,6.0
ORD-102564,2024-01-24,North America,Mexico,Electronics,Laptop Air 13,web,2,260.34,0.1,468.61,SMB,4.0
ORD-104708,2024-01-24,North America,United States,Electronics,Noise Buds,marketplace,3,8502.78,0.1,22957.51,Consumer,3.0
ORD-100895,2024-01-25,LATAM,Argentina,Electronics,4K Monitor,marketplace,1,433.53,0.0,433.53,Consumer,18.0
ORD-102153,2024-01-25,EMEA,Germany,Home,Cast Iron Pan,web,3,30.08,0.0,90.24,Consumer,3.0
ORD-103904,2024-01-25,North America,United States,Home,Desk Lamp,partner,2,60.78,0.0,121.56,Consumer,4.0
ORD-104403,2024-01-25,LATAM,Argentina,Home,Espresso Maker,marketplace,1,35.99,0.0,35.99,SMB,11.0
ORD-104871,2024-01-25,North America,Canada,Home,Cast Iron Pan,web,1,52.36,0.15,44.51,Consumer,3.0
ORD-100566,2024-01-26,North America,Mexico,Home,Desk Lamp,web,4,43.67,0.05,165.95,Consumer,2.0
ORD-101832,2024-01-26,EMEA,Germany,Grocery,Arabica Beans 1kg,web,4,33.08,0.15,112.47,SMB,5.0
ORD-104080,2024-01-26,North America,United States,Electronics,Laptop Air 13,marketplace,3,107.13,0.0,321.39,Consumer,5.0
ORD-104653,2024-01-27,APAC,Singapore,Sports,Trail Runners,retail,1,175.06,0.1,157.55,SMB,8.0
ORD-101809,2024-01-28,EMEA,Germany,Beauty,Serum Vitamin C,web,7,49.02,0.0,343.14,Enterprise,6.0
ORD-101962,2024-01-28,LATAM,Argentina,Electronics,Smart Watch,web,3,879.23,0.0,2637.69,Consumer,13.0
ORD-102113,2024-01-28,North America,United States,Grocery,Olive Oil 750ml,web,1,21.42,0.0,21.42,Consumer,2.0
ORD-102823,2024-01-28,North America,Mexico,Beauty,Serum Vitamin C,web,5,73.27,0.05,348.03,Enterprise,3.0
ORD-103059,2024-01-28,North America,Canada,Sports,Yoga Mat Pro,marketplace,2,136.74,0.05,259.81,SMB,3.0
ORD-101968,2024-01-29,North America,Canada,Sports,Yoga Mat Pro,web,2,152.76,0.0,305.52,Consumer,4.0
ORD-104040,2024-01-29,North America,Mexico,Beauty,Matte Lipstick,web,3,31.75,0.05,90.49,Consumer,4.0
ORD-104382,2024-01-29,North America,United States,Home,Desk Lamp,marketplace,2,140.67,0.05,267.27,Consumer,2.0
ORD-104500,2024-01-29,APAC,Singapore,Sports,Yoga Mat Pro,retail,3,323.12,0.05,920.89,Consumer,4.0
ORD-103550,2024-01-30,North America,United States,Electronics,4K Monitor,partner,2,79.75,0.0,159.5,Consumer,3.0
ORD-103602,2024-01-30,EMEA,Spain,Beauty,Argan Shampoo,partner,4,58.47,0.0,233.88,Consumer,5.0
ORD-104669,2024-01-30,North America,Canada,Home,Cotton Duvet,retail,4,76.99,0.0,307.96,Consumer,5.0
ORD-104689,2024-01-30,APAC,Singapore,Home,Cast Iron Pan,retail,1,80.19,0.15,68.16,SMB,3.0
ORD-102561,2024-01-31,North America,Canada,Grocery,Arabica Beans 1kg,marketplace,2,24.63,0.1,44.33,SMB,1.0
ORD-103025,2024-01-31,North America,United States,Beauty,Serum Vitamin C,partner,8,44.25,0.0,354.0,Enterprise,1.0
ORD-104880,2024-01-31,EMEA,Germany,Electronics,4K Monitor,web,1,253.25,0.05,240.59,Consumer,2.0
ORD-100649,2024-02-01,North America,Canada,Electronics,4K Monitor,web,4,230.47,0.15,783.6,Consumer,6.0
ORD-100662,2024-02-01,EMEA,Italy,Home,Desk Lamp,web,7,89.99,0.05,598.43,Enterprise,2.0
ORD-102454,2024-02-01,LATAM,Brazil,Beauty,Argan Shampoo,retail,5,49.58,0.0,247.9,Consumer,8.0
ORD-102479,2024-02-01,EMEA,Germany,Home,Cotton Duvet,web,1,40.11,0.0,40.11,Consumer,9.0
ORD-103729,2024-02-01,North America,Canada,Beauty,Serum Vitamin C,marketplace,1,25.75,0.2,20.6,Consumer,2.0
ORD-104219,2024-02-01,North America,Mexico,Home,Cast Iron Pan,retail,2,67.07,0.3,93.9,SMB,2.0
ORD-104301,2024-02-01,APAC,Japan,Electronics,Noise Buds,partner,1,325.87,0.0,325.87,Consumer,7.0
ORD-101875,2024-02-02,North America,Mexico,Home,Cotton Duvet,web,1,140.59,0.15,119.5,SMB,1.0
ORD-103095,2024-02-02,North America,Mexico,Grocery,Olive Oil 750ml,web,2,12.43,0.0,24.86,Consumer,1.0
ORD-104094,2024-02-02,LATAM,Chile,Beauty,Argan Shampoo,web,3,601.3,0.2,1443.12,Consumer,13.0
ORD-104580,2024-02-02,EMEA,Spain,Home,Desk Lamp,web,3,29.49,0.0,88.47,SMB,2.0
ORD-104743,2024-02-02,North America,United States,Electronics,Smart Watch,marketplace,2,136.35,0.0,272.7,SMB,3.0
ORD-104954,2024-02-02,EMEA,Spain,Home,Desk Lamp,partner,3,77.84,0.0,233.52,Consumer,6.0
ORD-100040,2024-02-03,APAC,Japan,Grocery,Arabica Beans 1kg,retail,2,23.33,0.1,41.99,SMB,8.0
ORD-100673,2024-02-03,North America,Mexico,Home,Cast Iron Pan,web,1,68.51,0.0,68.51,SMB,6.0
ORD-101975,2024-02-03,North America,Mexico,Electronics,Smart Watch,marketplace,3,119.1,0.3,250.11,Consumer,5.0
ORD-102950,2024-02-03,LATAM,Brazil,Electronics,Noise Buds,web,2,244.32,0.0,488.64,Consumer,14.0
ORD-103812,2024-02-03,North America,Canada,Home,Desk Lamp,web,2,86.8,0.05,164.92,Consumer,7.0
ORD-103941,2024-02-03,North America,Mexico,Home,Cast Iron Pan,retail,3,121.49,0.0,364.47,Consumer,6.0
ORD-100449,2024-02-04,EMEA,Italy,Sports,Carbon Racket,partner,3,193.12,0.15,492.46,Consumer,11.0
ORD-100945,2024-02-04,EMEA,Italy,Home,Cotton Duvet,web,4,125.53,0.0,502.12,Consumer,2.0
ORD-101413,2024-02-04,APAC,Japan,Sports,Yoga Mat Pro,marketplace,3,201.55,0.05,574.42,Consumer,4.0
ORD-100719,2024-02-05,North America,Mexico,Electronics,4K Monitor,web,4,232.13,0.3,649.96,SMB,3.0
ORD-101840,2024-02-05,EMEA,United Kingdom,Sports,Trail Runners,partner,2,111.07,0.05,211.03,Consumer,5.0
ORD-102898,2024-02-05,North America,United States,Grocery,Olive Oil 750ml,retail,4,22.46,0.1,80.86,Consumer,1.0
ORD-103360,2024-02-05,North America,United States,Electronics,Noise Buds,web,3,239.28,0.05,681.95,SMB,4.0
ORD-103396,2024-02-05,APAC,Australia,Home,Desk Lamp,web,2,66.6,0.05,126.54,Consumer,4.0
ORD-104310,2024-02-05,North America,United States,Electronics,Smart Watch,marketplace,4,190.67,0.1,686.41,SMB,5.0
ORD-104997,2024-02-05,North America,Mexico,Home,Cast Iron Pan,web,10,119.53,0.0,1195.3,Enterprise,
ORD-100285,2024-02-06,North America,United States,Grocery,Dark Chocolate 90%,partner,6,31.79,0.05,181.2,Enterprise,3.0
ORD-100562,2024-02-06,APAC,Japan,Electronics,4K Monitor,retail,2,369.27,0.1,664.69,SMB,5.0
ORD-101365,2024-02-06,EMEA,Spain,Sports,Yoga Mat Pro,web,2,87.8,0.05,166.82,SMB,4.0
ORD-102104,2024-02-06,APAC,Singapore,Home,Espresso Maker,web,1,91.95,0.2,73.56,SMB,7.0
ORD-100826,2024-02-07,North America,Mexico,Home,Desk Lamp,marketplace,1,84.08,0.1,75.67,Consumer,5.0
ORD-100991,2024-02-07,EMEA,France,Electronics,Noise Buds,web,4,386.23,0.0,1544.92,Consumer,3.0
ORD-103847,2024-02-07,APAC,Japan,Sports,Yoga Mat Pro,web,4,135.73,0.0,542.92,Consumer,9.0
ORD-100157,2024-02-08,North America,United States,Beauty,Serum Vitamin C,marketplace,2,57.06,0.05,108.41,SMB,6.0
ORD-101532,2024-02-08,North America,Mexico,Grocery,Olive Oil 750ml,marketplace,8,26.18,0.05,198.97,Enterprise,3.0
ORD-101705,2024-02-08,APAC,India,Sports,Carbon Racket,web,1,191.09,0.0,191.09,Consumer,10.0
ORD-104122,2024-02-08,North America,Canada,Grocery,Olive Oil 750ml,retail,9,20.75,0.1,168.08,Enterprise,6.0
ORD-102012,2024-02-09,North America,Canada,Home,Cast Iron Pan,retail,2,43.42,0.15,73.81,Consumer,3.0
ORD-102160,2024-02-09,North America,Mexico,Electronics,4K Monitor,retail,4,291.99,0.2,934.37,Consumer,4.0
ORD-104962,2024-02-09,North America,Mexico,Home,Desk Lamp,marketplace,4,133.69,0.0,534.76,Consumer,4.0
ORD-103154,2024-02-10,North America,United States,Beauty,Serum Vitamin C,retail,4,45.24,0.0,180.96,Consumer,3.0
ORD-100255,2024-02-11,North America,Mexico,Electronics,4K Monitor,web,7,150.89,0.15,897.8,Enterprise,5.0
ORD-103536,2024-02-11,North America,Mexico,Grocery,Arabica Beans 1kg,web,2,18.43,0.0,36.86,Consumer,
ORD-100020,2024-02-12,EMEA,Italy,Grocery,Olive Oil 750ml,web,8,19.37,0.3,108.47,Enterprise,5.0
ORD-102145,2024-02-12,APAC,Singapore,Beauty,Serum Vitamin C,web,1,20.07,0.1,18.06,Consumer,8.0
ORD-102261,2024-02-12,North America,Canada,Sports,Trail Runners,partner,1,101.92,0.0,101.92,Consumer,3.0
ORD-100107,2024-02-13,EMEA,France,Grocery,Arabica Beans 1kg,web,8,24.42,0.15,166.06,Enterprise,2.0
ORD-100241,2024-02-13,EMEA,Germany,Sports,Carbon Racket,marketplace,3,41.43,0.1,111.86,Consumer,
ORD-101111,2024-02-13,LATAM,Brazil,Home,Desk Lamp,web,6,244.25,0.0,1465.5,SMB,9.0
ORD-101376,2024-02-13,APAC,Japan,Sports,Trail Runners,web,3,135.26,0.0,405.78,SMB,6.0
ORD-102322,2024-02-13,North America,Canada,Electronics,Smart Watch,web,7,215.11,0.0,1505.77,SMB,1.0
ORD-103616,2024-02-13,EMEA,France,Beauty,Serum Vitamin C,marketplace,3,20.48,0.0,61.44,Consumer,5.0
ORD-100027,2024-02-14,North America,Canada,Home,Espresso Maker,partner,3,73.74,0.0,221.22,SMB,
ORD-100356,2024-02-14,LATAM,Chile,Sports,Yoga Mat Pro,marketplace,4,291.27,0.0,1165.08,Consumer,6.0
ORD-100444,2024-02-14,APAC,India,Sports,Carbon Racket,marketplace,5,192.41,0.0,962.05,SMB,6.0
ORD-101535,2024-02-14,LATAM,Brazil,Home,Cotton Duvet,web,6,273.6,0.0,1641.6,Enterprise,5.0
ORD-101956,2024-02-14,EMEA,United Kingdom,Beauty,Serum Vitamin C,marketplace,1,44.19,0.05,41.98,Consumer,12.0
ORD-103771,2024-02-14,North America,Mexico,Electronics,Smart Watch,retail,3,150.65,0.0,451.95,SMB,4.0
ORD-101891,2024-02-15,North America,Canada,Grocery,Olive Oil 750ml,retail,2,17.59,0.0,35.18,SMB,3.0
ORD-104039,2024-02-15,North America,United States,Grocery,Olive Oil 750ml,marketplace,2,34.9,0.05,66.31,Consumer,2.0
ORD-104211,2024-02-15,LATAM,Argentina,Grocery,Dark Chocolate 90%,marketplace,2,17.87,0.1,32.17,Consumer,7.0
ORD-104485,2024-02-15,North America,United States,Electronics,4K Monitor,web,1,188.6,0.05,179.17,SMB,3.0
ORD-104963,2024-02-15,APAC,Singapore,Sports,Carbon Racket,partner,2,180.22,0.05,342.42,SMB,5.0
ORD-100060,2024-02-16,EMEA,United Kingdom,Electronics,Laptop Air 13,web,7,329.61,0.2,1845.82,Enterprise,5.0
ORD-104648,2024-02-16,EMEA,Italy,Electronics,Laptop Air 13,partner,3,112.77,0.0,338.31,SMB,3.0
ORD-100853,2024-02-17,EMEA,United Kingdom,Electronics,Noise Buds,retail,3,486.44,0.1,1313.39,Consumer,3.0
ORD-102406,2024-02-17,North America,Mexico,Home,Desk Lamp,web,2,52.89,0.05,100.49,SMB,2.0
ORD-104140,2024-02-17,North America,Mexico,Beauty,Argan Shampoo,marketplace,2,73.03,0.0,146.06,Consumer,2.0
ORD-104192,2024-02-17,EMEA,Germany,Grocery,Arabica Beans 1kg,web,3,14.59,0.1,39.39,SMB,5.0
ORD-104574,2024-02-17,APAC,India,Beauty,Argan Shampoo,web,3,57.55,0.0,172.65,SMB,6.0
ORD-104923,2024-02-17,LATAM,Argentina,Electronics,Noise Buds,partner,1,127.68,0.0,127.68,Consumer,5.0
ORD-100827,2024-02-18,North America,Mexico,Home,Cotton Duvet,web,3,108.34,0.0,325.02,Consumer,4.0
ORD-101255,2024-02-18,EMEA,Spain,Home,Cast Iron Pan,partner,2,48.58,0.0,97.16,Consumer,4.0
ORD-103912,2024-02-18,North America,Mexico,Electronics,Noise Buds,partner,2,259.93,0.0,519.86,SMB,2.0
ORD-104711,2024-02-18,LATAM,Chile,Sports,Carbon Racket,retail,3,98.48,0.2,236.35,Consumer,8.0
ORD-100236,2024-02-19,North America,Mexico,Home,Cotton Duvet,retail,3,249.85,0.0,749.55,Enterprise,5.0
ORD-102466,2024-02-19,North America,United States,Beauty,Matte Lipstick,retail,2,42.72,0.0,85.44,Consumer,5.0
ORD-103333,2024-02-19,APAC,India,Beauty,Argan Shampoo,web,1,30.1,0.05,28.6,SMB,8.0
ORD-104098,2024-02-19,North America,Mexico,Grocery,Olive Oil 750ml,retail,2,10.16,0.0,20.32,Consumer,1.0
ORD-100632,2024-02-20,North America,United States,Home,Cotton Duvet,retail,2,80.87,0.05,153.65,Consumer,4.0
ORD-101727,2024-02-20,APAC,Japan,Home,Cast Iron Pan,web,2,125.91,0.0,251.82,Consumer,10.0
ORD-101786,2024-02-20,APAC,Japan,Home,Cotton Duvet,retail,5,335.29,0.2,1341.16,Enterprise,8.0
ORD-101849,2024-02-20,North America,Mexico,Electronics,Smart Watch,marketplace,9,152.77,0.15,1168.69,Enterprise,2.0
ORD-103783,2024-02-20,EMEA,Spain,Sports,Yoga Mat Pro,web,2,290.44,0.0,580.88,Consumer,8.0
ORD-104032,2024-02-20,EMEA,Germany,Beauty,Serum Vitamin C,web,3,78.3,0.0,234.9,SMB,4.0
ORD-104844,2024-02-20,APAC,Singapore,Home,Cast Iron Pan,retail,3,52.22,0.1,140.99,SMB,7.0
ORD-100055,2024-02-21,EMEA,Spain,Sports,Yoga Mat Pro,web,2,148.08,0.0,296.16,Consumer,4.0
ORD-101288,2024-02-21,North America,Mexico,Home,Espresso Maker,web,5,90.09,0.0,450.45,Enterprise,4.0
ORD-102739,2024-02-21,North America,United States,Beauty,Serum Vitamin C,web,2,55.05,0.0,110.1,Consumer,1.0
ORD-103122,2024-02-21,EMEA,Germany,Electronics,Noise Buds,marketplace,1,259.65,0.05,246.67,Consumer,6.0
ORD-103566,2024-02-21,North America,Canada,Sports,Trail Runners,web,1,148.43,0.15,126.17,Consumer,
ORD-103690,2024-02-21,North America,Canada,Home,Espresso Maker,marketplace,5,103.14,0.1,464.13,Consumer,1.0
ORD-104090,2024-02-21,APAC,Singapore,Beauty,Serum Vitamin C,retail,1,39.28,0.0,39.28,Consumer,3.0
ORD-101205,2024-02-22,EMEA,France,Sports,Yoga Mat Pro,marketplace,1,198.51,0.0,198.51,Consumer,1.0
ORD-101701,2024-02-22,EMEA,Italy,Electronics,4K Monitor,web,3,162.43,0.2,389.83,SMB,2.0
ORD-102616,2024-02-22,North America,Mexico,Sports,Trail Runners,web,2,133.65,0.0,267.3,Consumer,6.0
ORD-104980,2024-02-22,APAC,India,Electronics,Noise Buds,partner,1,157.72,0.1,141.95,Consumer,8.0
ORD-100362,2024-02-23,EMEA,United Kingdom,Sports,Carbon Racket,marketplace,3,153.04,0.1,413.21,SMB,8.0
ORD-101026,2024-02-23,EMEA,Italy,Sports,Carbon Racket,web,3,149.36,0.05,425.68,Consumer,1.0
ORD-101296,2024-02-23,North America,Canada,Electronics,Noise Buds,retail,2,506.56,0.0,1013.12,SMB,4.0
ORD-101501,2024-02-23,EMEA,France,Home,Cotton Duvet,partner,7,170.13,0.0,1190.91,Enterprise,6.0
ORD-101702,2024-02-23,EMEA,Spain,Home,Desk Lamp,web,4,126.22,0.05,479.64,Consumer,1.0
ORD-102899,2024-02-23,EMEA,United Kingdom,Sports,Trail Runners,web,2,94.82,0.15,161.19,Consumer,2.0
ORD-103592,2024-02-23,North America,Canada,Electronics,4K Monitor,marketplace,4,325.79,0.05,1238.0,Consumer,4.0
ORD-103898,2024-02-23,North America,Canada,Home,Cotton Duvet,web,5,58.82,0.05,279.4,SMB,2.0
ORD-104104,2024-02-23,North America,Canada,Electronics,Smart Watch,marketplace,3,212.7,0.15,542.38,Consumer,2.0
ORD-104316,2024-02-23,North America,United States,Electronics,Noise Buds,web,3,612.79,0.05,1746.45,Consumer,4.0
ORD-100660,2024-02-24,APAC,Japan,Sports,Yoga Mat Pro,partner,6,108.04,0.15,551.0,Enterprise,7.0
ORD-102936,2024-02-24,North America,Canada,Home,Cotton Duvet,web,4,100.1,0.0,400.4,Consumer,3.0
ORD-103555,2024-02-24,EMEA,United Kingdom,Beauty,Matte Lipstick,web,2,54.93,0.0,109.86,SMB,7.0
ORD-100950,2024-02-25,North America,United States,Sports,Trail Runners,web,1,72.93,0.05,69.28,Consumer,6.0
ORD-103477,2024-02-25,APAC,Australia,Home,Cast Iron Pan,marketplace,2,47.56,0.2,76.1,SMB,7.0
ORD-100382,2024-02-26,North America,Mexico,Home,Espresso Maker,retail,3,84.3,0.05,240.25,Consumer,1.0
ORD-100572,2024-02-26,EMEA,Italy,Beauty,Argan Shampoo,web,2,54.96,0.0,109.92,Consumer,3.0
ORD-101648,2024-02-26,North America,United States,Electronics,Noise Buds,marketplace,7,169.62,0.3,831.14,Enterprise,3.0
ORD-103948,2024-02-26,APAC,Singapore,Electronics,Laptop Air 13,marketplace,3,557.05,0.05,1587.59,Consumer,3.0
ORD-104095,2024-02-26,EMEA,United Kingdom,Electronics,Laptop Air 13,web,1,496.9,0.3,347.83,SMB,3.0
ORD-102062,2024-02-27,LATAM,Argentina,Electronics,Smart Watch,partner,2,237.45,0.15,403.66,SMB,5.0
ORD-102181,2024-02-27,EMEA,Italy,Sports,Carbon Racket,retail,3,101.14,0.0,303.42,SMB,2.0
ORD-102829,2024-02-27,APAC,Japan,Home,Cast Iron Pan,partner,4,78.83,0.05,299.55,Consumer,10.0
ORD-103189,2024-02-27,EMEA,Spain,Grocery,Olive Oil 750ml,partner,2,16.28,0.05,30.93,SMB,8.0
ORD-100353,2024-02-28,EMEA,Germany,Electronics,Laptop Air 13,marketplace,11,223.96,0.05,2340.38,Enterprise,5.0
ORD-100366,2024-02-28,APAC,Australia,Beauty,Argan Shampoo,marketplace,4,22.44,0.05,85.27,Consumer,7.0
ORD-100824,2024-02-28,APAC,India,Beauty,Serum Vitamin C,retail,3,36.27,0.15,92.49,Enterprise,8.0
ORD-101226,2024-02-28,EMEA,Spain,Beauty,Argan Shampoo,marketplace,2,50.89,0.1,91.6,Consumer,5.0
ORD-101737,2024-02-28,APAC,India,Beauty,Serum Vitamin C,retail,5,69.12,0.1,311.04,Consumer,5.0
ORD-102152,2024-02-28,North America,Canada,Electronics,Laptop Air 13,retail,5,854.55,0.0,4272.75,Consumer,4.0
ORD-102846,2024-02-28,LATAM,Chile,Home,Cotton Duvet,web,5,61.92,0.0,309.6,Consumer,12.0
ORD-103361,2024-02-28,EMEA,United Kingdom,Beauty,Serum Vitamin C,retail,2,60.65,0.0,121.3,Consumer,3.0
ORD-103760,2024-02-28,North America,Mexico,Grocery,Dark Chocolate 90%,marketplace,12,14.19,0.0,170.28,Enterprise,5.0
ORD-100018,2024-02-29,North America,United States,Sports,Carbon Racket,retail,4,231.88,0.0,927.52,Consumer,4.0
ORD-101327,2024-02-29,EMEA,France,Home,Espresso Maker,partner,1,85.49,0.0,85.49,SMB,3.0
ORD-101426,2024-02-29,North America,Canada,Electronics,Noise Buds,web,2,214.71,0.05,407.95,SMB,3.0
ORD-102760,2024-02-29,EMEA,United Kingdom,Home,Cast Iron Pan,web,3,150.9,0.2,362.16,SMB,1.0
ORD-102937,2024-02-29,North America,Canada,Electronics,Smart Watch,partner,3,442.03,0.0,1326.09,SMB,2.0
ORD-102999,2024-02-29,APAC,Singapore,Electronics,4K Monitor,marketplace,3,338.22,0.0,1014.66,SMB,5.0
ORD-104358,2024-02-29,EMEA,Spain,Grocery,Dark Chocolate 90%,web,3,23.63,0.2,56.71,Consumer,4.0
ORD-104678,2024-02-29,North America,Mexico,Home,Desk Lamp,partner,2,42.54,0.15,72.32,Consumer,2.0
ORD-100630,2024-03-01,APAC,Singapore,Sports,Yoga Mat Pro,marketplace,1,328.45,0.0,328.45,Consumer,5.0
ORD-102000,2024-03-01,North America,Mexico,Beauty,Argan Shampoo,marketplace,4,32.86,0.3,92.01,Consumer,3.0
ORD-102124,2024-03-01,North America,United States,Sports,Yoga Mat Pro,retail,3,115.17,0.1,310.96,Consumer,
ORD-102840,2024-03-01,EMEA,United Kingdom,Home,Cast Iron Pan,web,2,63.28,0.05,120.23,SMB,1.0
ORD-103694,2024-03-01,North America,United States,Electronics,Laptop Air 13,marketplace,2,168.65,0.0,337.3,Consumer,3.0
ORD-104913,2024-03-01,North America,United States,Home,Espresso Maker,marketplace,3,87.62,0.05,249.72,Consumer,2.0
ORD-103043,2024-03-02,EMEA,United Kingdom,Home,Desk Lamp,web,2,98.45,0.1,177.21,Consumer,7.0
ORD-103378,2024-03-02,APAC,Singapore,Home,Cast Iron Pan,web,1,72.93,0.1,65.64,Consumer,7.0
ORD-101220,2024-03-03,North America,United States,Sports,Yoga Mat Pro,marketplace,7,46.65,0.15,277.57,Enterprise,2.0
ORD-101410,2024-03-03,EMEA,Italy,Grocery,Arabica Beans 1kg,web,4,26.56,0.0,106.24,Consumer,3.0
ORD-101665,2024-03-03,North America,Mexico,Beauty,Matte Lipstick,marketplace,2,28.31,0.1,50.96,Consumer,3.0
ORD-102415,2024-03-03,APAC,Japan,Beauty,Serum Vitamin C,web,5,51.93,0.0,259.65,Consumer,4.0
ORD-101448,2024-03-04,EMEA,France,Grocery,Olive Oil 750ml,web,2,25.7,0.1,46.26,SMB,4.0
ORD-101517,2024-03-04,North America,United States,Sports,Yoga Mat Pro,web,2,274.27,0.1,493.69,Consumer,2.0
ORD-102630,2024-03-04,APAC,Australia,Beauty,Argan Shampoo,web,2,31.79,0.0,63.58,Consumer,8.0
ORD-103111,2024-03-04,North America,United States,Home,Cotton Duvet,web,4,90.36,0.05,343.37,SMB,3.0
ORD-103219,2024-03-04,North America,Canada,Electronics,4K Monitor,web,5,105.74,0.0,528.7,Consumer,1.0
ORD-104928,2024-03-04,North America,United States,Electronics,4K Monitor,retail,2,260.33,0.1,468.59,Consumer,5.0
ORD-100378,2024-03-05,EMEA,United Kingdom,Grocery,Arabica Beans 1kg,marketplace,2,15.48,0.0,30.96,Consumer,7.0
ORD-100459,2024-03-05,APAC,Singapore,Grocery,Arabica Beans 1kg,web,2,25.34,0.05,48.15,Consumer,5.0
ORD-100559,2024-03-05,EMEA,Italy,Home,Cast Iron Pan,partner,3,73.02,0.0,219.06,Consumer,5.0
ORD-102614,2024-03-05,EMEA,Spain,Electronics,Laptop Air 13,web,1,276.12,0.1,248.51,Consumer,3.0
ORD-103542,2024-03-05,North America,Canada,Electronics,Laptop Air 13,retail,2,187.57,0.0,375.14,Consumer,1.0
ORD-103605,2024-03-05,EMEA,United Kingdom,Sports,Trail Runners,web,2,201.74,0.1,363.13,Consumer,1.0
ORD-103614,2024-03-05,LATAM,Chile,Home,Desk Lamp,marketplace,2,66.33,0.0,132.66,SMB,7.0
ORD-104202,2024-03-05,EMEA,Germany,Sports,Carbon Racket,web,3,99.04,0.05,282.26,SMB,2.0
ORD-104209,2024-03-05,APAC,India,Electronics,Smart Watch,web,2,221.3,0.3,309.82,SMB,6.0
ORD-104892,2024-03-05,LATAM,Chile,Electronics,Laptop Air 13,web,8,554.18,0.1,3990.1,Enterprise,12.0
ORD-100693,2024-03-06,North America,Canada,Grocery,Arabica Beans 1kg,web,1,22.38,0.0,22.38,Consumer,1.0
ORD-101754,2024-03-06,EMEA,Spain,Beauty,Matte Lipstick,retail,3,41.16,0.0,123.48,Consumer,6.0
ORD-101756,2024-03-06,North America,Canada,Grocery,Dark Chocolate 90%,web,2,29.69,0.0,59.38,SMB,1.0
ORD-103903,2024-03-06,LATAM,Chile,Electronics,Smart Watch,retail,4,326.62,0.1,1175.83,Consumer,14.0
ORD-101359,2024-03-07,North America,Mexico,Home,Cast Iron Pan,retail,3,85.49,0.0,256.47,SMB,6.0
ORD-101447,2024-03-07,EMEA,Germany,Electronics,Noise Buds,retail,3,220.45,0.0,661.35,SMB,3.0
ORD-101559,2024-03-07,North America,Mexico,Beauty,Matte Lipstick,web,2,55.67,0.0,111.34,Consumer,2.0
ORD-101940,2024-03-07,EMEA,Germany,Sports,Carbon Racket,web,1,124.03,0.0,124.03,Consumer,1.0
ORD-104294,2024-03-07,North America,Canada,Home,Desk Lamp,web,3,49.46,0.0,148.38,SMB,2.0
ORD-104808,2024-03-07,APAC,Singapore,Home,Cast Iron Pan,partner,2,107.98,0.0,215.96,Consumer,4.0
ORD-101461,2024-03-08,North America,Canada,Electronics,Laptop Air 13,marketplace,3,89.07,0.0,267.21,Consumer,4.0
ORD-103487,2024-03-08,North America,Mexico,Sports,Carbon Racket,web,2,52.29,0.0,104.58,Consumer,3.0
ORD-103776,2024-03-08,EMEA,Spain,Home,Espresso Maker,web,5,66.24,0.05,314.64,Enterprise,1.0
ORD-100587,2024-03-09,North America,Canada,Grocery,Dark Chocolate 90%,web,4,23.86,0.05,90.67,Consumer,4.0
ORD-102120,2024-03-09,APAC,India,Home,Desk Lamp,web,3,173.69,0.15,442.91,Enterprise,8.0
ORD-101988,2024-03-10,North America,Canada,Electronics,Laptop Air 13,partner,2,254.08,0.15,431.94,SMB,2.0
ORD-102481,2024-03-10,EMEA,United Kingdom,Home,Cotton Duvet,retail,2,76.93,0.0,153.86,Consumer,3.0
ORD-102576,2024-03-10,North America,Canada,Sports,Carbon Racket,web,1,203.81,0.0,203.81,Consumer,3.0
ORD-102728,2024-03-11,North America,Mexico,Electronics,Laptop Air 13,retail,2,298.12,0.0,596.24,Consumer,3.0
ORD-103848,2024-03-11,LATAM,Brazil,Electronics,4K Monitor,web,5,191.43,0.0,957.15,SMB,13.0
ORD-102068,2024-03-12,North America,United States,Home,Desk Lamp,retail,1,126.23,0.1,113.61,Consumer,5.0
ORD-104709,2024-03-12,EMEA,France,Electronics,Smart Watch,web,4,171.68,0.1,618.05,Consumer,2.0
ORD-100237,2024-03-13,North America,Canada,Grocery,Olive Oil 750ml,web,5,24.82,0.0,124.1,Consumer,2.0
ORD-100417,2024-03-13,North America,Canada,Sports,Trail Runners,retail,3,110.52,0.1,298.4,Consumer,3.0
ORD-100844,2024-03-13,North America,Canada,Sports,Carbon Racket,marketplace,8,188.09,0.3,1053.3,Enterprise,6.0
ORD-101140,2024-03-13,APAC,Singapore,Sports,Trail Runners,web,2,107.45,0.1,193.41,Consumer,6.0
ORD-101498,2024-03-13,North America,United States,Sports,Carbon Racket,web,2,81.55,0.0,163.1,Consumer,1.0
ORD-101499,2024-03-13,APAC,India,Sports,Carbon Racket,web,3,91.52,0.0,274.56,Consumer,5.0
ORD-101990,2024-03-13,EMEA,United Kingdom,Electronics,4K Monitor,web,1,221.87,0.1,199.68,Consumer,3.0
ORD-102404,2024-03-13,APAC,Australia,Sports,Trail Runners,web,5,169.48,0.0,847.4,Consumer,7.0
ORD-104057,2024-03-13,North America,Mexico,Sports,Carbon Racket,retail,12,88.6,0.15,903.72,Enterprise,3.0
ORD-104252,2024-03-13,North America,Canada,Beauty,Serum Vitamin C,retail,3,39.25,0.05,111.86,Consumer,1.0
ORD-104380,2024-03-13,North America,Mexico,Sports,Yoga Mat Pro,marketplace,1,41.17,0.0,41.17,Consumer,7.0
ORD-100395,2024-03-14,LATAM,Chile,Electronics,Smart Watch,retail,1,450.41,0.0,450.41,Consumer,9.0
ORD-101171,2024-03-14,EMEA,France,Electronics,Noise Buds,web,1,451.04,0.0,451.04,Consumer,4.0
ORD-101829,2024-03-14,LATAM,Argentina,Beauty,Matte Lipstick,retail,5,37.29,0.0,186.45,Consumer,6.0
ORD-100046,2024-03-15,EMEA,Germany,Electronics,4K Monitor,web,2,163.14,0.0,326.28,Consumer,5.0
ORD-100584,2024-03-15,North America,Mexico,Grocery,Dark Chocolate 90%,web,1,29.48,0.0,29.48,SMB,1.0
ORD-101884,2024-03-15,APAC,Singapore,Grocery,Arabica Beans 1kg,retail,7,20.23,0.15,120.37,Enterprise,10.0
ORD-101937,2024-03-15,LATAM,Chile,Grocery,Dark Chocolate 90%,marketplace,2,26.16,0.05,49.7,SMB,6.0
ORD-104751,2024-03-15,North America,United States,Electronics,Laptop Air 13,retail,3,187.73,0.0,563.19,SMB,3.0
ORD-104782,2024-03-15,North America,Canada,Grocery,Olive Oil 750ml,marketplace,5,32.17,0.0,160.85,Consumer,2.0
ORD-104820,2024-03-15,EMEA,Germany,Grocery,Arabica Beans 1kg,web,3,28.36,0.0,85.08,Consumer,10.0
ORD-100226,2024-03-16,North America,Canada,Sports,Trail Runners,web,2,63.08,0.0,126.16,Consumer,3.0
ORD-101740,2024-03-16,APAC,Australia,Beauty,Argan Shampoo,partner,5,32.8,0.0,164.0,Consumer,7.0
ORD-102204,2024-03-16,North America,Mexico,Electronics,Noise Buds,retail,3,317.18,0.0,951.54,Consumer,6.0
ORD-102243,2024-03-16,North America,United States,Sports,Trail Runners,marketplace,7,99.63,0.1,627.67,Consumer,1.0
ORD-103483,2024-03-16,North America,United States,Beauty,Matte Lipstick,partner,6,50.3,0.3,211.26,SMB,3.0
ORD-104537,2024-03-17,APAC,India,Home,Espresso Maker,marketplace,4,82.53,0.0,330.12,Consumer,4.0
ORD-100749,2024-03-18,North America,United States,Beauty,Serum Vitamin C,web,3,39.04,0.05,111.26,Consumer,1.0
ORD-101266,2024-03-18,EMEA,Spain,Home,Cast Iron Pan,partner,3,45.37,0.2,108.89,Consumer,1.0
ORD-102269,2024-03-18,North America,United States,Home,Desk Lamp,partner,3,79.91,0.05,227.74,Consumer,3.0
ORD-102531,2024-03-18,North America,Canada,Home,Cast Iron Pan,web,2,37.18,0.0,74.36,SMB,1.0
ORD-102851,2024-03-18,EMEA,Germany,Electronics,Noise Buds,retail,3,79.12,0.05,225.49,Consumer,5.0
ORD-103635,2024-03-18,North America,Canada,Grocery,Olive Oil 750ml,partner,1,20.8,0.15,17.68,Consumer,5.0
ORD-100249,2024-03-19,EMEA,France,Electronics,4K Monitor,marketplace,3,177.57,0.05,506.07,Consumer,4.0
ORD-104085,2024-03-19,EMEA,Spain,Home,Cast Iron Pan,retail,3,58.02,0.05,165.36,Consumer,5.0
ORD-104245,2024-03-19,EMEA,France,Home,Cotton Duvet,web,3,63.76,0.05,181.72,Consumer,7.0
ORD-102383,2024-03-20,North America,United States,Electronics,Noise Buds,retail,1,244.2,0.0,244.2,Consumer,4.0
ORD-103241,2024-03-20,North America,Canada,Home,Cast Iron Pan,retail,1,66.36,0.1,59.72,SMB,1.0
ORD-103326,2024-03-20,EMEA,Italy,Beauty,Argan Shampoo,marketplace,2,58.81,0.0,117.62,Consumer,1.0
ORD-104374,2024-03-20,APAC,Japan,Beauty,Argan Shampoo,web,6,32.0,0.0,192.0,SMB,8.0
ORD-100078,2024-03-21,North America,Mexico,Sports,Carbon Racket,retail,1,139.82,0.0,139.82,Consumer,2.0
ORD-100268,2024-03-21,EMEA,Italy,Sports,Carbon Racket,web,6,136.46,0.05,777.82,Consumer,4.0
ORD-100835,2024-03-21,North America,Mexico,Home,Espresso Maker,web,1,53.13,0.0,53.13,Consumer,3.0
ORD-101372,2024-03-21,EMEA,Germany,Beauty,Serum Vitamin C,web,6,77.62,0.05,442.43,Consumer,2.0
ORD-101377,2024-03-21,EMEA,Spain,Sports,Yoga Mat Pro,web,3,72.32,0.05,206.11,Consumer,2.0
ORD-102214,2024-03-21,EMEA,France,Electronics,Laptop Air 13,web,3,234.42,0.0,703.26,Consumer,3.0
ORD-102324,2024-03-21,EMEA,United Kingdom,Grocery,Olive Oil 750ml,retail,1,37.9,0.1,34.11,SMB,6.0
ORD-102910,2024-03-21,EMEA,Germany,Electronics,Smart Watch,marketplace,2,334.34,0.05,635.25,Consumer,3.0
ORD-103578,2024-03-21,APAC,India,Home,Espresso Maker,web,6,119.45,0.15,609.2,Enterprise,6.0
ORD-104714,2024-03-21,North America,Canada,Home,Cotton Duvet,partner,2,125.73,0.0,251.46,Consumer,3.0
ORD-104804,2024-03-21,EMEA,Spain,Sports,Carbon Racket,web,2,75.27,0.0,150.54,Consumer,2.0
ORD-104810,2024-03-21,EMEA,Germany,Sports,Carbon Racket,web,2,201.79,0.1,363.22,Consumer,5.0
ORD-101505,2024-03-22,North America,Canada,Grocery,Dark Chocolate 90%,web,3,31.09,0.05,88.61,Consumer,3.0
ORD-101625,2024-03-22,EMEA,France,Sports,Carbon Racket,web,1,240.52,0.0,240.52,Consumer,2.0
ORD-102067,2024-03-22,EMEA,France,Home,Desk Lamp,web,4,61.79,0.0,247.16,SMB,5.0
ORD-104289,2024-03-22,EMEA,Spain,Beauty,Matte Lipstick,web,2,42.51,0.0,85.02,Consumer,6.0
ORD-101164,2024-03-23,EMEA,Germany,Electronics,Noise Buds,marketplace,4,160.79,0.0,643.16,Consumer,2.0
ORD-102341,2024-03-23,North America,Canada,Beauty,Argan Shampoo,retail,6,42.8,0.1,231.12,SMB,3.0
ORD-103398,2024-03-23,APAC,India,Sports,Yoga Mat Pro,web,3,46.75,0.0,140.25,Consumer,
ORD-104879,2024-03-23,APAC,Japan,Home,Espresso Maker,retail,2,24.31,0.05,46.19,Consumer,6.0
ORD-100372,2024-03-24,North America,Canada,Beauty,Argan Shampoo,retail,4,50.1,0.1,180.36,Consumer,2.0
ORD-100954,2024-03-24,APAC,India,Grocery,Olive Oil 750ml,web,2,16.91,0.0,33.82,Consumer,6.0
ORD-101038,2024-03-24,EMEA,Spain,Sports,Yoga Mat Pro,retail,1,140.58,0.0,140.58,Consumer,4.0
ORD-101179,2024-03-24,EMEA,Germany,Electronics,Smart Watch,web,1,208.11,0.0,208.11,Consumer,1.0
ORD-103502,2024-03-24,LATAM,Chile,Beauty,Serum Vitamin C,marketplace,1,30.61,0.05,29.08,SMB,10.0
ORD-103875,2024-03-24,LATAM,Argentina,Sports,Carbon Racket,marketplace,1,32.62,0.0,32.62,Consumer,9.0
ORD-104367,2024-03-24,LATAM,Brazil,Beauty,Matte Lipstick,marketplace,5,34.79,0.1,156.56,Consumer,7.0
ORD-100792,2024-03-25,North America,United States,Sports,Trail Runners,marketplace,3,190.68,0.05,543.44,SMB,6.0
ORD-101054,2024-03-25,APAC,Japan,Home,Cotton Duvet,marketplace,2,86.54,0.15,147.12,Consumer,9.0
ORD-100786,2024-03-26,EMEA,Germany,Home,Desk Lamp,web,4,91.45,0.2,292.64,Consumer,5.0
ORD-101152,2024-03-26,North America,United States,Home,Espresso Maker,web,1,53.19,0.0,53.19,Consumer,2.0
ORD-101837,2024-03-26,APAC,India,Grocery,Olive Oil 750ml,marketplace,2,24.43,0.1,43.97,Consumer,6.0
ORD-102911,2024-03-26,EMEA,France,Electronics,Laptop Air 13,web,2,528.76,0.0,1057.52,SMB,5.0
ORD-103048,2024-03-26,APAC,India,Home,Espresso Maker,marketplace,5,24.81,0.0,124.05,SMB,6.0
ORD-103642,2024-03-26,LATAM,Brazil,Electronics,4K Monitor,partner,3,605.73,0.0,1817.19,SMB,4.0
ORD-104109,2024-03-26,North America,United States,Electronics,Smart Watch,web,2,182.67,0.0,365.34,Consumer,1.0
ORD-104233,2024-03-26,EMEA,United Kingdom,Electronics,Noise Buds,retail,4,142.83,0.1,514.19,SMB,2.0
ORD-104665,2024-03-26,LATAM,Argentina,Electronics,Laptop Air 13,marketplace,1,86.64,0.0,86.64,Consumer,12.0
ORD-101602,2024-03-27,North America,Mexico,Grocery,Olive Oil 750ml,retail,4,25.63,0.05,97.39,Consumer,1.0
ORD-101678,2024-03-27,North America,Canada,Sports,Carbon Racket,web,1,59.0,0.0,59.0,Consumer,2.0
ORD-102180,2024-03-27,North America,United States,Home,Desk Lamp,marketplace,2,92.02,0.2,147.23,Consumer,3.0
ORD-103822,2024-03-27,EMEA,Italy,Sports,Trail Runners,web,3,67.72,0.05,193.0,SMB,5.0
ORD-104863,2024-03-27,North America,Mexico,Beauty,Matte Lipstick,marketplace,2,26.62,0.2,42.59,Consumer,2.0
ORD-100264,2024-03-28,North America,United States,Sports,Carbon Racket,web,4,53.01,0.05,201.44,SMB,7.0
ORD-100289,2024-03-28,EMEA,Germany,Sports,Carbon Racket,web,2,61.12,0.05,116.13,Consumer,4.0
ORD-100694,2024-03-28,North America,Canada,Beauty,Matte Lipstick,web,2,28.46,0.0,56.92,Consumer,1.0
ORD-101126,2024-03-28,LATAM,Brazil,Home,Desk Lamp,retail,11,85.12,0.0,936.32,Enterprise,7.0
ORD-101999,2024-03-28,LATAM,Chile,Electronics,Smart Watch,marketplace,3,128.17,0.0,384.51,Consumer,7.0
ORD-102645,2024-03-28,APAC,Singapore,Beauty,Serum Vitamin C,partner,1,34.79,0.0,34.79,Consumer,7.0
ORD-102908,2024-03-28,North America,Canada,Beauty,Matte Lipstick,marketplace,3,69.99,0.05,199.47,Consumer,3.0
ORD-102976,2024-03-28,EMEA,France,Beauty,Argan Shampoo,marketplace,4,44.5,0.05,169.1,SMB,3.0
ORD-102979,2024-03-28,North America,Mexico,Sports,Carbon Racket,web,4,168.79,0.0,675.16,SMB,1.0
ORD-104917,2024-03-28,North America,Mexico,Home,Cast Iron Pan,partner,3,72.41,0.0,217.23,Consumer,6.0
ORD-100399,2024-03-29,North America,Mexico,Sports,Trail Runners,marketplace,9,272.6,0.05,2330.73,Enterprise,4.0
ORD-100776,2024-03-29,APAC,Japan,Sports,Trail Runners,marketplace,7,198.69,0.15,1182.21,Enterprise,9.0
ORD-100932,2024-03-29,North America,Mexico,Home,Espresso Maker,marketplace,2,44.95,0.0,89.9,Consumer,9.0
ORD-101015,2024-03-29,APAC,Australia,Home,Cast Iron Pan,web,4,51.89,0.0,207.56,Consumer,4.0
ORD-101504,2024-03-29,North America,Canada,Sports,Carbon Racket,partner,4,132.23,0.1,476.03,SMB,3.0
ORD-101747,2024-03-29,North America,Mexico,Sports,Trail Runners,web,3,161.47,0.05,460.19,SMB,1.0
ORD-101906,2024-03-29,North America,Mexico,Beauty,Matte Lipstick,web,2,15.87,0.05,30.15,Consumer,6.0
ORD-103357,2024-03-29,North America,Mexico,Sports,Yoga Mat Pro,marketplace,3,156.07,0.0,468.21,SMB,4.0
ORD-103569,2024-03-29,North America,United States,Sports,Yoga Mat Pro,web,6,73.6,0.15,375.36,Enterprise,3.0
ORD-103978,2024-03-29,North America,Canada,Beauty,Matte Lipstick,partner,3,70.87,0.05,201.98,SMB,7.0
ORD-104244,2024-03-29,LATAM,Brazil,Home,Desk Lamp,retail,1,44.67,0.0,44.67,SMB,8.0
ORD-101142,2024-03-30,APAC,Singapore,Electronics,Smart Watch,marketplace,4,507.48,0.0,2029.92,Consumer,7.0
ORD-102871,2024-03-30,North America,United States,Home,Cast Iron Pan,marketplace,5,66.35,0.0,331.75,Consumer,4.0
ORD-103006,2024-03-30,APAC,Japan,Beauty,Serum Vitamin C,retail,1,74.4,0.05,70.68,Consumer,4.0
ORD-104490,2024-03-30,LATAM,Argentina,Home,Cotton Duvet,web,4,57.11,0.0,228.44,Consumer,6.0
ORD-104921,2024-03-30,APAC,Singapore,Electronics,Laptop Air 13,web,1,355.17,0.1,319.65,Consumer,8.0
ORD-104987,2024-03-30,North America,Canada,Electronics,Smart Watch,web,1,537.15,0.0,537.15,Consumer,5.0
ORD-100530,2024-03-31,North America,Mexico,Electronics,Smart Watch,web,4,452.1,0.0,1808.4,Consumer,1.0
ORD-100980,2024-03-31,North America,United States,Home,Espresso Maker,partner,5,61.18,0.3,214.13,Enterprise,2.0
ORD-102348,2024-03-31,North America,Mexico,Electronics,4K Monitor,partner,4,206.5,0.0,826.0,Consumer,3.0
ORD-102539,2024-03-31,North America,United States,Beauty,Serum Vitamin C,retail,6,33.25,0.1,179.55,Consumer,3.0
ORD-104534,2024-03-31,North America,Canada,Electronics,4K Monitor,marketplace,2,261.11,0.0,522.22,SMB,3.0
ORD-100645,2024-04-01,APAC,Australia,Electronics,4K Monitor,retail,4,121.54,0.05,461.85,SMB,1.0
ORD-101522,2024-04-01,North America,United States,Grocery,Arabica Beans 1kg,web,10,24.69,0.3,172.83,Enterprise,2.0
ORD-102219,2024-04-01,North America,Canada,Electronics,4K Monitor,web,2,280.27,0.0,560.54,Consumer,3.0
ORD-103067,2024-04-01,EMEA,Italy,Home,Espresso Maker,marketplace,2,49.11,0.0,98.22,Consumer,8.0
ORD-104369,2024-04-01,North America,Mexico,Sports,Yoga Mat Pro,web,2,136.65,0.0,273.3,Consumer,2.0
ORD-104412,2024-04-01,North America,United States,Home,Cotton Duvet,partner,4,131.34,0.0,525.36,Consumer,1.0
ORD-104660,2024-04-01,EMEA,France,Grocery,Arabica Beans 1kg,web,2,33.43,0.05,63.52,Consumer,9.0
ORD-100672,2024-04-02,APAC,Singapore,Grocery,Olive Oil 750ml,web,7,14.99,0.15,89.19,Enterprise,3.0
ORD-102167,2024-04-02,North America,United States,Grocery,Olive Oil 750ml,web,2,32.75,0.0,65.5,Consumer,4.0
ORD-102971,2024-04-02,APAC,Singapore,Electronics,4K Monitor,retail,2,223.03,0.0,446.06,SMB,9.0
ORD-103306,2024-04-02,LATAM,Brazil,Home,Desk Lamp,marketplace,2,82.45,0.05,156.66,Consumer,8.0
ORD-103481,2024-04-02,APAC,Australia,Home,Desk Lamp,marketplace,4,71.6,0.05,272.08,SMB,6.0
ORD-103887,2024-04-02,APAC,India,Electronics,Noise Buds,partner,3,208.53,0.1,563.03,Consumer,6.0
ORD-100001,2024-04-03,North America,Mexico,Beauty,Argan Shampoo,retail,1,72.42,0.05,68.8,Consumer,5.0
ORD-100696,2024-04-03,North America,Mexico,Electronics,Laptop Air 13,marketplace,7,666.66,0.15,3966.63,Enterprise,3.0
ORD-101004,2024-04-03,LATAM,Chile,Electronics,Noise Buds,web,1,240.57,0.0,240.57,SMB,5.0
ORD-101264,2024-04-03,North America,Canada,Home,Cast Iron Pan,web,4,53.81,0.0,215.24,Consumer,1.0
ORD-101304,2024-04-03,EMEA,United Kingdom,Grocery,Arabica Beans 1kg,partner,2,16.93,0.3,23.7,Consumer,3.0
ORD-101557,2024-04-03,North America,Canada,Sports,Trail Runners,web,3,56.95,0.2,136.68,SMB,1.0
ORD-101683,2024-04-03,North America,Mexico,Sports,Carbon Racket,web,5,52.58,0.0,262.9,Consumer,2.0
ORD-102362,2024-04-03,LATAM,Brazil,Beauty,Matte Lipstick,partner,3,33.36,0.2,80.06,SMB,4.0
ORD-103967,2024-04-03,North America,Canada,Sports,Trail Runners,web,3,175.44,0.15,447.37,Consumer,3.0
ORD-104662,2024-04-03,North America,Canada,Electronics,Smart Watch,retail,2,458.7,0.0,917.4,SMB,2.0
ORD-104779,2024-04-03,APAC,Singapore,Sports,Carbon Racket,web,2,91.93,0.15,156.28,Consumer,6.0
ORD-100704,2024-04-04,North America,Canada,Electronics,4K Monitor,web,5,581.21,0.0,2906.05,Consumer,1.0
ORD-101603,2024-04-04,EMEA,Spain,Electronics,Laptop Air 13,web,1,304.04,0.0,304.04,Consumer,5.0
ORD-102213,2024-04-04,APAC,India,Electronics,Noise Buds,retail,5,176.94,0.2,707.76,Enterprise,5.0
ORD-102925,2024-04-04,North America,United States,Electronics,Smart Watch,web,3,113.59,0.0,340.77,Consumer,6.0
ORD-103319,2024-04-04,LATAM,Brazil,Electronics,Noise Buds,web,1,75.58,0.05,71.8,Consumer,4.0
ORD-103096,2024-04-05,EMEA,Spain,Grocery,Olive Oil 750ml,web,3,21.37,0.0,64.11,Consumer,2.0
ORD-104424,2024-04-05,North America,Canada,Electronics,Noise Buds,web,1,332.36,0.2,265.89,SMB,5.0
ORD-104431,2024-04-05,LATAM,Chile,Electronics,Noise Buds,marketplace,4,281.87,0.0,1127.48,Consumer,10.0
ORD-101772,2024-04-06,LATAM,Brazil,Home,Espresso Maker,marketplace,1,58.55,0.15,49.77,SMB,6.0
ORD-103307,2024-04-06,North America,Mexico,Electronics,Noise Buds,retail,2,418.66,0.05,795.45,Consumer,3.0
ORD-103429,2024-04-06,North America,Mexico,Electronics,4K Monitor,partner,1,311.95,0.05,296.35,Consumer,1.0
ORD-104538,2024-04-06,EMEA,France,Home,Desk Lamp,marketplace,2,102.49,0.0,204.98,Consumer,2.0
ORD-100799,2024-04-07,APAC,Japan,Home,Cotton Duvet,marketplace,4,78.92,0.0,315.68,Consumer,8.0
ORD-102008,2024-04-07,North America,United States,Home,Cast Iron Pan,web,3,86.29,0.15,220.04,Consumer,3.0
ORD-102405,2024-04-07,EMEA,United Kingdom,Sports,Trail Runners,web,4,246.5,0.0,986.0,Consumer,6.0
ORD-102426,2024-04-07,EMEA,Spain,Electronics,Smart Watch,web,5,277.66,0.2,1110.64,Enterprise,4.0
ORD-103600,2024-04-07,North America,Mexico,Home,Cotton Duvet,web,3,126.7,0.1,342.09,SMB,1.0
ORD-100209,2024-04-08,APAC,Singapore,Electronics,4K Monitor,marketplace,3,394.49,0.0,1183.47,Consumer,6.0
ORD-100426,2024-04-08,North America,United States,Beauty,Serum Vitamin C,marketplace,1,28.06,0.1,25.25,SMB,2.0
ORD-103013,2024-04-08,North America,United States,Home,Espresso Maker,retail,1,57.6,0.0,57.6,Consumer,4.0
ORD-103161,2024-04-08,EMEA,Italy,Sports,Yoga Mat Pro,retail,3,134.24,0.1,362.45,Consumer,3.0
ORD-103564,2024-04-08,EMEA,France,Beauty,Serum Vitamin C,marketplace,2,79.52,0.0,159.04,Consumer,1.0
ORD-104305,2024-04-08,EMEA,France,Electronics,Noise Buds,marketplace,2,617.09,0.15,1049.05,Consumer,3.0
ORD-100286,2024-04-09,LATAM,Argentina,Beauty,Serum Vitamin C,web,3,35.03,0.15,89.33,Consumer,10.0
ORD-101085,2024-04-09,APAC,Singapore,Home,Cast Iron Pan,web,4,64.88,0.05,246.54,SMB,8.0
ORD-101368,2024-04-09,North America,United States,Home,Espresso Maker,marketplace,2,91.78,0.0,183.56,SMB,5.0
ORD-101450,2024-04-09,EMEA,Italy,Electronics,Smart Watch,web,3,383.14,0.0,1149.42,Consumer,3.0
ORD-101609,2024-04-09,North America,Canada,Sports,Carbon Racket,marketplace,5,122.53,0.05,582.02,Enterprise,3.0
ORD-102958,2024-04-09,LATAM,Argentina,Sports,Carbon Racket,web,2,290.23,0.1,522.41,Consumer,11.0
ORD-103194,2024-04-09,APAC,Australia,Electronics,4K Monitor,marketplace,1,171.21,0.0,171.21,Consumer,8.0
ORD-104111,2024-04-09,APAC,Australia,Home,Cotton Duvet,partner,2,63.38,0.0,126.76,Consumer,6.0
ORD-104742,2024-04-09,North America,Mexico,Electronics,Smart Watch,web,5,73.41,0.0,367.05,Consumer,4.0
ORD-104925,2024-04-09,EMEA,Spain,Electronics,4K Monitor,web,4,197.88,0.05,751.94,Consumer,5.0
ORD-101203,2024-04-10,North America,United States,Home,Desk Lamp,web,8,122.68,0.15,834.22,Enterprise,4.0
ORD-102973,2024-04-10,APAC,Singapore,Beauty,Serum Vitamin C,web,2,36.34,0.0,72.68,Consumer,6.0
ORD-103008,2024-04-10,EMEA,France,Sports,Yoga Mat Pro,web,2,59.03,0.0,118.06,Consumer,2.0
ORD-103136,2024-04-10,EMEA,Germany,Electronics,Noise Buds,web,6,627.52,0.0,3765.12,Consumer,5.0
ORD-103278,2024-04-10,North America,Mexico,Home,Cast Iron Pan,web,1,82.22,0.0,82.22,Consumer,3.0
ORD-103841,2024-04-10,North America,United States,Home,Espresso Maker,web,2,163.35,0.05,310.36,Consumer,3.0
ORD-103869,2024-04-10,EMEA,United Kingdom,Home,Cast Iron Pan,web,3,194.49,0.0,583.47,Consumer,4.0
ORD-104559,2024-04-10,North America,Mexico,Home,Desk Lamp,web,2,178.32,0.15,303.14,SMB,1.0
ORD-104802,2024-04-10,APAC,India,Grocery,Arabica Beans 1kg,web,2,15.18,0.15,25.81,SMB,7.0
ORD-104852,2024-04-10,EMEA,France,Grocery,Olive Oil 750ml,partner,2,23.32,0.15,39.64,Consumer,6.0
ORD-100007,2024-04-11,North America,United States,Sports,Trail Runners,web,1,206.05,0.1,185.45,Consumer,5.0
ORD-101793,2024-04-11,EMEA,Germany,Home,Espresso Maker,web,3,99.9,0.0,299.7,Consumer,10.0
ORD-101800,2024-04-11,LATAM,Argentina,Grocery,Arabica Beans 1kg,retail,4,20.45,0.05,77.71,Consumer,6.0
ORD-103183,2024-04-11,APAC,Japan,Electronics,Laptop Air 13,marketplace,3,314.01,0.05,894.93,SMB,6.0
ORD-103229,2024-04-11,North America,Canada,Electronics,Laptop Air 13,partner,3,104.4,0.0,313.2,Consumer,5.0
ORD-104670,2024-04-11,North America,Canada,Grocery,Olive Oil 750ml,web,2,18.69,0.2,29.9,Consumer,2.0
ORD-101563,2024-04-12,EMEA,France,Beauty,Argan Shampoo,marketplace,2,42.31,0.05,80.39,SMB,1.0
ORD-101931,2024-04-12,EMEA,France,Sports,Trail Runners,web,2,71.01,0.0,142.02,Consumer,8.0
ORD-102188,2024-04-12,North America,Canada,Home,Cotton Duvet,web,5,96.01,0.0,480.05,SMB,4.0
ORD-102236,2024-04-12,EMEA,United Kingdom,Beauty,Matte Lipstick,partner,3,65.06,0.0,195.18,Consumer,2.0
ORD-102828,2024-04-12,APAC,Singapore,Home,Espresso Maker,retail,5,166.51,0.0,832.55,Enterprise,5.0
ORD-103155,2024-04-12,North America,Mexico,Electronics,Noise Buds,retail,1,269.03,0.0,269.03,Consumer,3.0
ORD-103827,2024-04-12,North America,United States,Electronics,Smart Watch,web,4,395.62,0.0,1582.48,Consumer,2.0
ORD-104386,2024-04-12,APAC,Singapore,Grocery,Arabica Beans 1kg,retail,3,18.85,0.2,45.24,SMB,4.0
ORD-104518,2024-04-12,APAC,India,Electronics,Laptop Air 13,marketplace,2,121.46,0.0,242.92,Consumer,10.0
ORD-100048,2024-04-13,North America,Mexico,Beauty,Argan Shampoo,web,2,37.33,0.05,70.93,SMB,2.0
ORD-101185,2024-04-13,North America,Canada,Grocery,Dark Chocolate 90%,partner,6,26.27,0.0,157.62,Consumer,2.0
ORD-101785,2024-04-13,EMEA,Italy,Electronics,Noise Buds,retail,3,393.0,0.1,1061.1,Consumer,5.0
ORD-101880,2024-04-13,North America,Canada,Home,Cast Iron Pan,web,3,72.79,0.05,207.45,Consumer,4.0
ORD-102403,2024-04-13,North America,United States,Electronics,Smart Watch,web,8,176.84,0.0,1414.72,Enterprise,1.0
ORD-101388,2024-04-14,EMEA,Spain,Beauty,Argan Shampoo,marketplace,8,29.72,0.2,190.21,Enterprise,5.0
ORD-101506,2024-04-14,APAC,Singapore,Electronics,Smart Watch,web,6,217.29,0.0,1303.74,Consumer,5.0
ORD-102228,2024-04-14,APAC,Japan,Sports,Carbon Racket,web,5,331.13,0.0,1655.65,Consumer,6.0
ORD-103171,2024-04-14,EMEA,United Kingdom,Beauty,Serum Vitamin C,web,2,80.29,0.0,160.58,Consumer,2.0
ORD-101130,2024-04-15,EMEA,United Kingdom,Home,Desk Lamp,retail,3,133.45,0.1,360.32,SMB,4.0
ORD-101191,2024-04-15,EMEA,France,Grocery,Dark Chocolate 90%,web,2,18.51,0.1,33.32,SMB,5.0
ORD-103311,2024-04-15,EMEA,Germany,Home,Desk Lamp,partner,2,71.9,0.1,129.42,Consumer,3.0
ORD-103775,2024-04-15,North America,Mexico,Home,Cast Iron Pan,web,1,74.31,0.0,74.31,SMB,4.0
ORD-100834,2024-04-16,APAC,India,Electronics,Laptop Air 13,web,3,281.14,0.1,759.08,SMB,6.0
ORD-101995,2024-04-16,North America,Canada,Sports,Trail Runners,web,3,79.6,0.05,226.86,SMB,3.0
ORD-102817,2024-04-16,North America,United States,Sports,Yoga Mat Pro,web,3,127.02,0.1,342.95,Consumer,3.0
ORD-102885,2024-04-16,North America,United States,Grocery,Arabica Beans 1kg,retail,2,25.78,0.15,43.83,SMB,4.0
ORD-103088,2024-04-16,North America,Mexico,Beauty,Serum Vitamin C,web,3,44.23,0.05,126.06,Consumer,7.0
ORD-104041,2024-04-16,North America,Mexico,Beauty,Serum Vitamin C,marketplace,3,80.25,0.1,216.68,Consumer,3.0
ORD-100981,2024-04-17,LATAM,Argentina,Grocery,Olive Oil 750ml,retail,3,19.84,0.05,56.54,SMB,6.0
ORD-101061,2024-04-17,North America,United States,Beauty,Matte Lipstick,marketplace,2,65.81,0.0,131.62,Consumer,1.0
ORD-101423,2024-04-17,APAC,Singapore,Electronics,Noise Buds,web,2,184.05,0.05,349.7,SMB,10.0
ORD-101842,2024-04-17,EMEA,Spain,Electronics,4K Monitor,web,2,308.8,0.1,555.84,Consumer,4.0
ORD-102248,2024-04-17,APAC,Japan,Home,Desk Lamp,web,3,154.39,0.2,370.54,Enterprise,5.0
ORD-102627,2024-04-17,EMEA,Germany,Grocery,Olive Oil 750ml,marketplace,2,25.39,0.0,50.78,Consumer,2.0
ORD-104103,2024-04-17,LATAM,Chile,Electronics,Noise Buds,web,3,218.2,0.15,556.41,SMB,9.0
ORD-104163,2024-04-17,APAC,Singapore,Beauty,Argan Shampoo,retail,1,45.05,0.0,45.05,SMB,11.0
ORD-104646,2024-04-17,North America,Mexico,Electronics,Noise Buds,partner,3,170.01,0.1,459.03,Consumer,1.0
ORD-104936,2024-04-17,North America,United States,Grocery,Olive Oil 750ml,retail,4,13.87,0.05,52.71,Consumer,5.0
ORD-100116,2024-04-18,North America,Canada,Sports,Yoga Mat Pro,web,2,162.24,0.0,324.48,Consumer,4.0
ORD-101014,2024-04-18,EMEA,Spain,Sports,Trail Runners,web,4,75.78,0.0,303.12,Consumer,7.0
ORD-102026,2024-04-18,North America,Mexico,Sports,Carbon Racket,web,2,94.05,0.0,188.1,Consumer,4.0
ORD-100888,2024-04-19,APAC,Australia,Grocery,Olive Oil 750ml,partner,2,20.1,0.05,38.19,Consumer,8.0
ORD-101131,2024-04-19,EMEA,Spain,Electronics,4K Monitor,web,6,105.32,0.15,537.13,Consumer,2.0
ORD-101317,2024-04-19,APAC,India,Home,Espresso Maker,retail,2,184.4,0.0,368.8,SMB,7.0
ORD-101594,2024-04-19,EMEA,United Kingdom,Sports,Trail Runners,partner,10,149.16,0.3,1044.12,Enterprise,6.0
ORD-101686,2024-04-19,North America,Mexico,Beauty,Matte Lipstick,retail,5,16.64,0.0,83.2,Consumer,2.0
ORD-101709,2024-04-19,EMEA,Germany,Grocery,Olive Oil 750ml,web,2,21.2,0.15,36.04,SMB,6.0
ORD-102541,2024-04-19,North America,Mexico,Home,Cast Iron Pan,web,8,68.73,0.1,494.86,Enterprise,2.0
ORD-102879,2024-04-19,North America,Canada,Sports,Carbon Racket,web,1,108.61,0.05,103.18,Consumer,2.0
ORD-103755,2024-04-19,North America,Canada,Home,Cotton Duvet,web,2,59.59,0.15,101.3,SMB,3.0
ORD-104549,2024-04-19,EMEA,Spain,Sports,Yoga Mat Pro,web,5,124.07,0.05,589.33,Consumer,5.0
ORD-104600,2024-04-19,APAC,Singapore,Sports,Yoga Mat Pro,web,4,83.79,0.0,335.16,Enterprise,10.0
ORD-104675,2024-04-19,EMEA,France,Grocery,Dark Chocolate 90%,retail,5,18.56,0.0,92.8,Consumer,3.0
ORD-101206,2024-04-20,North America,Mexico,Home,Desk Lamp,partner,8,97.71,0.15,664.43,Enterprise,1.0
ORD-102980,2024-04-20,EMEA,Italy,Sports,Trail Runners,marketplace,2,109.57,0.0,219.14,SMB,3.0
ORD-104060,2024-04-20,North America,United States,Electronics,Laptop Air 13,retail,2,293.19,0.0,586.38,SMB,1.0
ORD-100269,2024-04-21,APAC,Japan,Home,Cotton Duvet,retail,6,104.28,0.05,594.4,Consumer,7.0
ORD-100737,2024-04-21,North America,Mexico,Electronics,4K Monitor,partner,3,167.96,0.0,503.88,SMB,6.0
ORD-100816,2024-04-21,EMEA,Germany,Beauty,Serum Vitamin C,retail,5,28.48,0.0,142.4,Enterprise,4.0
ORD-102963,2024-04-21,EMEA,France,Sports,Trail Runners,partner,2,77.32,0.05,146.91,SMB,5.0
ORD-100462,2024-04-22,EMEA,Germany,Electronics,Laptop Air 13,web,1,126.17,0.15,107.24,Consumer,6.0
ORD-101224,2024-04-22,North America,United States,Electronics,4K Monitor,web,4,298.89,0.05,1135.78,SMB,1.0
ORD-101446,2024-04-22,EMEA,Germany,Grocery,Dark Chocolate 90%,retail,4,26.94,0.05,102.37,Consumer,4.0
ORD-101934,2024-04-22,APAC,Japan,Home,Desk Lamp,web,1,51.41,0.3,35.99,SMB,7.0
ORD-101969,2024-04-22,North America,Mexico,Sports,Trail Runners,partner,1,102.85,0.15,87.42,Consumer,2.0
ORD-102530,2024-04-22,North America,Canada,Electronics,Noise Buds,partner,2,281.36,0.0,562.72,SMB,4.0
ORD-102665,2024-04-22,North America,Mexico,Home,Cotton Duvet,partner,3,2353.43,0.15,6001.25,Consumer,2.0
ORD-102938,2024-04-22,APAC,Singapore,Beauty,Argan Shampoo,web,4,37.43,0.1,134.75,Consumer,6.0
ORD-102956,2024-04-23,APAC,Australia,Beauty,Serum Vitamin C,web,2,42.28,0.05,80.33,Consumer,6.0
ORD-103175,2024-04-23,North America,Canada,Sports,Trail Runners,marketplace,5,138.86,0.05,659.58,Consumer,2.0
ORD-103431,2024-04-23,APAC,Australia,Beauty,Matte Lipstick,retail,1,77.41,0.1,69.67,SMB,7.0
ORD-103741,2024-04-23,North America,Canada,Beauty,Serum Vitamin C,marketplace,2,40.58,0.05,77.1,Consumer,2.0
ORD-104417,2024-04-23,APAC,Australia,Electronics,Smart Watch,retail,2,409.62,0.05,778.28,SMB,15.0
ORD-100122,2024-04-24,North America,Mexico,Home,Cotton Duvet,retail,2,61.35,0.05,116.56,SMB,2.0
ORD-100358,2024-04-24,North America,Mexico,Electronics,4K Monitor,marketplace,3,181.31,0.1,489.54,SMB,6.0
ORD-100501,2024-04-24,EMEA,Spain,Home,Cotton Duvet,marketplace,1,145.05,0.0,145.05,Consumer,3.0
ORD-100995,2024-04-24,North America,United States,Sports,Yoga Mat Pro,retail,3,137.07,0.0,411.21,Consumer,9.0
ORD-101223,2024-04-24,North America,Canada,Home,Espresso Maker,retail,2,37.11,0.0,74.22,SMB,1.0
ORD-101597,2024-04-24,EMEA,Italy,Home,Cotton Duvet,web,7,241.22,0.3,1181.98,Enterprise,5.0
ORD-102771,2024-04-24,APAC,Japan,Sports,Yoga Mat Pro,web,1,151.58,0.0,151.58,Consumer,8.0
ORD-103796,2024-04-24,EMEA,Germany,Beauty,Matte Lipstick,marketplace,6,58.9,0.1,318.06,Enterprise,7.0
ORD-104143,2024-04-24,APAC,Japan,Electronics,4K Monitor,web,2,160.11,0.0,320.22,Consumer,7.0
ORD-104171,2024-04-24,EMEA,United Kingdom,Sports,Yoga Mat Pro,web,3,181.52,0.1,490.1,Consumer,1.0
ORD-104801,2024-04-24,APAC,Singapore,Beauty,Argan Shampoo,web,7,51.45,0.05,342.14,Enterprise,5.0
ORD-100125,2024-04-25,North America,Mexico,Home,Espresso Maker,marketplace,3,132.88,0.0,398.64,Consumer,2.0
ORD-101120,2024-04-25,North America,Canada,Sports,Trail Runners,retail,3,90.37,0.0,271.11,Consumer,2.0
ORD-101295,2024-04-25,APAC,Japan,Electronics,Noise Buds,marketplace,1,145.84,0.15,123.96,Consumer,5.0
ORD-101629,2024-04-25,LATAM,Chile,Electronics,4K Monitor,web,1,494.31,0.05,469.59,Consumer,8.0
ORD-101755,2024-04-25,North America,Mexico,Grocery,Olive Oil 750ml,web,2,23.51,0.0,47.02,Consumer,4.0
ORD-102087,2024-04-25,LATAM,Chile,Home,Desk Lamp,marketplace,3,144.59,0.1,390.39,Consumer,11.0
ORD-102175,2024-04-25,North America,United States,Electronics,Noise Buds,web,1,244.37,0.0,244.37,SMB,2.0
ORD-102516,2024-04-25,LATAM,Argentina,Electronics,4K Monitor,web,10,388.33,0.1,3494.97,Enterprise,11.0
ORD-102964,2024-04-25,APAC,Australia,Sports,Yoga Mat Pro,web,7,445.22,0.1,2804.89,Enterprise,7.0
ORD-103203,2024-04-25,North America,United States,Grocery,Olive Oil 750ml,partner,2,16.63,0.1,29.93,SMB,2.0
ORD-103416,2024-04-25,North America,United States,Sports,Yoga Mat Pro,web,1,91.25,0.0,91.25,Consumer,6.0
ORD-100492,2024-04-26,EMEA,France,Beauty,Matte Lipstick,web,3,28.47,0.0,85.41,Consumer,4.0
ORD-101036,2024-04-26,North America,United States,Beauty,Argan Shampoo,web,3,47.41,0.05,135.12,SMB,2.0
ORD-101624,2024-04-26,North America,Canada,Electronics,Smart Watch,retail,4,190.5,0.0,762.0,Consumer,3.0
ORD-102369,2024-04-26,APAC,Japan,Home,Cotton Duvet,web,2,73.95,0.2,118.32,SMB,5.0
ORD-103112,2024-04-26,North America,Mexico,Grocery,Dark Chocolate 90%,partner,4,18.82,0.05,71.52,SMB,1.0
ORD-102168,2024-04-27,EMEA,Spain,Sports,Yoga Mat Pro,partner,3,166.57,0.05,474.72,SMB,7.0
ORD-102542,2024-04-27,North America,United States,Electronics,Smart Watch,retail,2,160.31,0.1,288.56,SMB,8.0
ORD-102632,2024-04-27,EMEA,Germany,Home,Cast Iron Pan,web,1,85.36,0.0,85.36,Consumer,6.0
ORD-103438,2024-04-27,North America,Mexico,Beauty,Matte Lipstick,retail,6,61.37,0.1,331.4,Enterprise,3.0
ORD-104018,2024-04-27,APAC,Singapore,Sports,Trail Runners,web,4,112.44,0.05,427.27,Enterprise,4.0
ORD-104465,2024-04-27,North America,Canada,Electronics,Noise Buds,retail,1,784.21,0.05,745.0,Consumer,2.0
ORD-104845,2024-04-27,APAC,India,Beauty,Argan Shampoo,web,2,42.2,0.1,75.96,SMB,6.0
ORD-104854,2024-04-27,North America,United States,Beauty,Serum Vitamin C,web,2,26.33,0.3,36.86,Consumer,2.0
ORD-101116,2024-04-28,LATAM,Chile,Sports,Trail Runners,marketplace,2,128.58,0.0,257.16,Consumer,4.0
ORD-101766,2024-04-28,EMEA,Italy,Beauty,Argan Shampoo,web,5,27.04,0.0,135.2,Consumer,5.0
ORD-102004,2024-04-28,APAC,Singapore,Electronics,Noise Buds,retail,1,258.06,0.1,232.25,Consumer,6.0
ORD-102206,2024-04-28,EMEA,France,Beauty,Argan Shampoo,retail,3,61.41,0.0,184.23,Consumer,3.0
ORD-102222,2024-04-28,EMEA,Italy,Beauty,Matte Lipstick,web,3,52.29,0.0,156.87,Consumer,2.0
ORD-104207,2024-04-28,EMEA,Germany,Home,Espresso Maker,web,2,99.43,0.05,188.92,SMB,2.0
ORD-104394,2024-04-28,EMEA,Spain,Electronics,Noise Buds,marketplace,5,556.71,0.15,2366.02,Enterprise,2.0
ORD-100710,2024-04-29,North America,United States,Home,Desk Lamp,partner,1,48.36,0.05,45.94,Consumer,1.0
ORD-100989,2024-04-29,North America,Mexico,Electronics,Laptop Air 13,web,2,272.94,0.05,518.59,Consumer,2.0
ORD-101213,2024-04-29,EMEA,Spain,Beauty,Matte Lipstick,marketplace,1,62.97,0.05,59.82,SMB,7.0
ORD-101688,2024-04-29,North America,Canada,Home,Espresso Maker,web,3,77.14,0.0,231.42,Consumer,7.0
ORD-102394,2024-04-29,North America,Mexico,Electronics,Smart Watch,marketplace,3,258.64,0.0,775.92,SMB,3.0
ORD-102837,2024-04-29,EMEA,United Kingdom,Beauty,Serum Vitamin C,retail,3,77.31,0.05,220.33,SMB,3.0
ORD-102947,2024-04-29,North America,Mexico,Beauty,Matte Lipstick,retail,5,60.01,0.1,270.04,SMB,1.0
ORD-103166,2024-04-29,North America,Canada,Beauty,Matte Lipstick,partner,1,68.64,0.1,61.78,Consumer,4.0
ORD-103940,2024-04-29,North America,United States,Electronics,Laptop Air 13,web,4,216.29,0.0,865.16,Consumer,3.0
ORD-100576,2024-04-30,EMEA,France,Home,Cast Iron Pan,marketplace,2,70.88,0.0,141.76,Consumer,1.0
ORD-100691,2024-04-30,North America,Mexico,Home,Desk Lamp,marketplace,2,187.64,0.05,356.52,Consumer,4.0
ORD-101539,2024-04-30,North America,United States,Electronics,Laptop Air 13,web,1,157.53,0.0,157.53,Consumer,6.0
ORD-102529,2024-04-30,EMEA,France,Electronics,Laptop Air 13,partner,4,255.08,0.15,867.27,Consumer,5.0
ORD-102708,2024-04-30,LATAM,Brazil,Home,Desk Lamp,marketplace,1,66.16,0.0,66.16,SMB,9.0
ORD-104054,2024-04-30,EMEA,Spain,Electronics,4K Monitor,partner,1,197.22,0.0,197.22,Consumer,5.0
ORD-104327,2024-04-30,APAC,Australia,Sports,Carbon Racket,retail,5,288.78,0.0,1443.9,Consumer,10.0
ORD-104739,2024-04-30,APAC,Singapore,Sports,Yoga Mat Pro,marketplace,3,100.26,0.0,300.78,Consumer,4.0
ORD-100335,2024-05-01,North America,Canada,Grocery,Olive Oil 750ml,marketplace,1,29.0,0.0,29.0,Consumer,3.0
ORD-101964,2024-05-01,EMEA,Germany,Electronics,Laptop Air 13,marketplace,2,525.45,0.1,945.81,Consumer,3.0
ORD-102691,2024-05-01,EMEA,Italy,Home,Cast Iron Pan,partner,2,51.21,0.05,97.3,SMB,7.0
ORD-102858,2024-05-01,LATAM,Chile,Grocery,Arabica Beans 1kg,web,6,32.98,0.15,168.2,Enterprise,7.0
ORD-100132,2024-05-02,APAC,India,Home,Cotton Duvet,marketplace,3,65.41,0.0,196.23,Consumer,10.0
ORD-100201,2024-05-02,APAC,Australia,Beauty,Serum Vitamin C,retail,1,32.73,0.3,22.91,Consumer,6.0
ORD-100532,2024-05-02,EMEA,United Kingdom,Home,Desk Lamp,web,3,56.89,0.05,162.14,SMB,3.0
ORD-101160,2024-05-02,North America,Canada,Sports,Trail Runners,web,3,149.06,0.0,447.18,Consumer,1.0
ORD-102458,2024-05-02,North America,United States,Grocery,Arabica Beans 1kg,web,3,15.19,0.0,45.57,SMB,6.0
ORD-103961,2024-05-02,North America,Canada,Home,Cast Iron Pan,web,3,66.07,0.05,188.3,Consumer,4.0
ORD-104312,2024-05-02,APAC,India,Home,Cotton Duvet,retail,4,57.39,0.0,229.56,Consumer,8.0
ORD-104404,2024-05-02,LATAM,Chile,Electronics,Laptop Air 13,partner,1,223.5,0.0,223.5,SMB,7.0
ORD-104630,2024-05-02,North America,United States,Grocery,Arabica Beans 1kg,marketplace,1,15.52,0.05,14.74,Consumer,5.0
ORD-100438,2024-05-03,APAC,Japan,Home,Desk Lamp,web,3,100.5,0.0,301.5,Consumer,4.0
ORD-101071,2024-05-03,North America,Canada,Home,Espresso Maker,marketplace,2,130.99,0.0,261.98,Consumer,6.0
ORD-101581,2024-05-03,APAC,Australia,Beauty,Matte Lipstick,web,1,23.14,0.1,20.83,Consumer,8.0
ORD-101630,2024-05-03,North America,United States,Grocery,Olive Oil 750ml,web,1,31.44,0.05,29.87,Consumer,3.0
ORD-103784,2024-05-03,EMEA,Italy,Grocery,Olive Oil 750ml,retail,5,20.07,0.1,90.32,SMB,3.0
ORD-102150,2024-05-04,North America,Mexico,Home,Cast Iron Pan,web,1,29.59,0.05,28.11,SMB,1.0
ORD-103987,2024-05-04,North America,Mexico,Home,Espresso Maker,web,2,84.15,0.15,143.06,Consumer,5.0
ORD-101824,2024-05-05,APAC,Australia,Electronics,4K Monitor,retail,1,230.5,0.0,230.5,SMB,9.0
ORD-103695,2024-05-05,EMEA,United Kingdom,Electronics,Smart Watch,partner,7,288.17,0.0,2017.19,Consumer,2.0
ORD-103876,2024-05-05,LATAM,Chile,Sports,Carbon Racket,web,2,212.79,0.0,425.58,SMB,5.0
ORD-104362,2024-05-05,APAC,India,Electronics,Smart Watch,retail,2,135.08,0.0,270.16,Consumer,11.0
ORD-100123,2024-05-06,APAC,India,Grocery,Arabica Beans 1kg,retail,2,28.75,0.05,54.62,Consumer,4.0
ORD-101550,2024-05-06,North America,Canada,Electronics,Laptop Air 13,marketplace,5,226.35,0.0,1131.75,Consumer,3.0
ORD-102377,2024-05-06,EMEA,Italy,Sports,Trail Runners,marketplace,3,175.6,0.1,474.12,Consumer,2.0
ORD-102625,2024-05-06,North America,Canada,Grocery,Arabica Beans 1kg,web,2,27.13,0.0,54.26,Consumer,4.0
ORD-104335,2024-05-06,North America,United States,Grocery,Dark Chocolate 90%,web,1,25.62,0.1,23.06,SMB,5.0
ORD-104722,2024-05-06,North America,Mexico,Home,Espresso Maker,web,2,67.93,0.0,135.86,Consumer,2.0
ORD-104895,2024-05-06,EMEA,France,Electronics,Noise Buds,partner,3,106.47,0.0,319.41,Consumer,4.0
ORD-104905,2024-05-06,APAC,Australia,Beauty,Matte Lipstick,web,2,35.06,0.15,59.6,SMB,4.0
ORD-104938,2024-05-06,APAC,Japan,Home,Cast Iron Pan,web,1,61.66,0.1,55.49,Consumer,7.0
ORD-100626,2024-05-07,North America,Canada,Home,Desk Lamp,partner,4,148.84,0.0,595.36,Consumer,3.0
ORD-101653,2024-05-07,EMEA,France,Home,Espresso Maker,web,2,98.91,0.1,178.04,SMB,8.0
ORD-101681,2024-05-07,North America,United States,Home,Cotton Duvet,web,3,105.7,0.05,301.24,Consumer,2.0
ORD-101819,2024-05-07,APAC,Japan,Home,Espresso Maker,web,2,44.18,0.0,88.36,SMB,1.0
ORD-102021,2024-05-07,EMEA,Spain,Sports,Yoga Mat Pro,web,6,263.18,0.0,1579.08,Consumer,3.0
ORD-102088,2024-05-07,North America,Mexico,Sports,Trail Runners,web,3,180.4,0.0,541.2,Consumer,4.0
ORD-101150,2024-05-08,North America,Canada,Electronics,4K Monitor,partner,3,367.63,0.0,1102.89,SMB,1.0
ORD-101259,2024-05-08,EMEA,Germany,Beauty,Serum Vitamin C,web,2,46.79,0.0,93.58,SMB,1.0
ORD-101697,2024-05-08,EMEA,Germany,Grocery,Dark Chocolate 90%,marketplace,4,32.97,0.0,131.88,SMB,3.0
ORD-101890,2024-05-08,APAC,Australia,Beauty,Matte Lipstick,web,2,68.88,0.05,130.87,Consumer,9.0
ORD-102263,2024-05-08,APAC,Australia,Electronics,Smart Watch,retail,4,247.91,0.2,793.31,SMB,7.0
ORD-102661,2024-05-08,EMEA,Italy,Sports,Carbon Racket,retail,3,114.89,0.0,344.67,Consumer,2.0
ORD-103068,2024-05-08,North America,United States,Beauty,Serum Vitamin C,web,2,22.73,0.0,45.46,SMB,4.0
ORD-103721,2024-05-08,North America,Canada,Electronics,Noise Buds,retail,3,310.4,0.0,931.2,Consumer,6.0
ORD-104422,2024-05-08,APAC,Japan,Sports,Yoga Mat Pro,web,5,103.65,0.05,492.34,SMB,1.0
ORD-104588,2024-05-08,APAC,Australia,Home,Cast Iron Pan,web,1,92.51,0.0,92.51,Consumer,9.0
ORD-100134,2024-05-09,APAC,India,Sports,Trail Runners,retail,10,203.75,0.05,1935.62,Enterprise,4.0
ORD-100692,2024-05-09,LATAM,Brazil,Electronics,Noise Buds,marketplace,4,115.7,0.05,439.66,Consumer,14.0
ORD-101414,2024-05-09,North America,Canada,Electronics,Laptop Air 13,web,2,594.32,0.0,1188.64,Consumer,7.0
ORD-103557,2024-05-09,EMEA,Italy,Grocery,Arabica Beans 1kg,partner,1,27.61,0.0,27.61,Consumer,1.0
ORD-104307,2024-05-09,EMEA,Germany,Sports,Carbon Racket,web,4,204.23,0.0,816.92,Consumer,5.0
ORD-104421,2024-05-09,North America,Canada,Home,Desk Lamp,web,1,84.22,0.15,71.59,SMB,5.0
ORD-100445,2024-05-10,APAC,Japan,Electronics,Noise Buds,retail,5,223.61,0.0,1118.05,SMB,8.0
ORD-101237,2024-05-10,North America,Mexico,Beauty,Serum Vitamin C,web,4,55.2,0.05,209.76,SMB,3.0
ORD-101610,2024-05-10,EMEA,Italy,Home,Desk Lamp,web,2,64.19,0.05,121.96,SMB,2.0
ORD-104692,2024-05-10,EMEA,Spain,Home,Desk Lamp,web,1,170.35,0.0,170.35,Consumer,3.0
ORD-104977,2024-05-10,APAC,Singapore,Beauty,Serum Vitamin C,web,2,43.91,0.05,83.43,Consumer,6.0
ORD-104625,2024-05-11,APAC,Singapore,Sports,Yoga Mat Pro,marketplace,1,109.28,0.0,109.28,SMB,8.0
ORD-104931,2024-05-11,North America,Canada,Electronics,Noise Buds,marketplace,6,111.3,0.05,634.41,Enterprise,2.0
ORD-102933,2024-05-12,North America,Canada,Beauty,Serum Vitamin C,marketplace,2,913.89,0.0,1827.78,SMB,3.0
ORD-103409,2024-05-12,EMEA,Spain,Beauty,Serum Vitamin C,web,4,36.84,0.0,147.36,Consumer,3.0
ORD-104012,2024-05-12,EMEA,Spain,Grocery,Dark Chocolate 90%,web,2,26.35,0.0,52.7,Consumer,3.0
ORD-104190,2024-05-12,APAC,Japan,Grocery,Olive Oil 750ml,web,6,23.36,0.0,140.16,Enterprise,8.0
ORD-104397,2024-05-12,North America,Canada,Electronics,Laptop Air 13,marketplace,2,221.87,0.1,399.37,Consumer,2.0
ORD-104621,2024-05-12,APAC,Japan,Home,Cotton Duvet,marketplace,3,109.15,0.1,294.71,SMB,6.0
ORD-100067,2024-05-13,North America,Mexico,Sports,Carbon Racket,partner,2,88.67,0.05,168.47,SMB,3.0
ORD-100860,2024-05-13,APAC,India,Sports,Trail Runners,partner,1,158.9,0.0,158.9,Consumer,6.0
ORD-101405,2024-05-13,North America,Canada,Sports,Yoga Mat Pro,marketplace,3,200.47,0.0,601.41,SMB,1.0
ORD-103242,2024-05-13,EMEA,United Kingdom,Electronics,Smart Watch,partner,3,157.97,0.0,473.91,Consumer,2.0
ORD-103720,2024-05-13,EMEA,France,Home,Desk Lamp,marketplace,2,75.53,0.2,120.85,Consumer,9.0
ORD-104790,2024-05-13,North America,United States,Beauty,Argan Shampoo,marketplace,3,75.57,0.0,226.71,Consumer,2.0
ORD-100728,2024-05-14,EMEA,Spain,Beauty,Serum Vitamin C,marketplace,1,58.56,0.0,58.56,SMB,6.0
ORD-101719,2024-05-14,APAC,Japan,Grocery,Dark Chocolate 90%,marketplace,2,27.34,0.0,54.68,Consumer,3.0
ORD-101784,2024-05-14,LATAM,Brazil,Home,Espresso Maker,partner,2,150.42,0.2,240.67,Consumer,10.0
ORD-102273,2024-05-14,EMEA,Germany,Home,Desk Lamp,retail,2,46.78,0.0,93.56,Consumer,2.0
ORD-102594,2024-05-14,APAC,Japan,Home,Cast Iron Pan,retail,3,140.11,0.05,399.31,Consumer,4.0
ORD-102770,2024-05-14,North America,Canada,Electronics,4K Monitor,web,4,407.39,0.05,1548.08,Consumer,4.0
ORD-103856,2024-05-14,North America,Mexico,Beauty,Serum Vitamin C,marketplace,1,49.65,0.15,42.2,SMB,1.0
ORD-104187,2024-05-14,North America,Canada,Grocery,Dark Chocolate 90%,web,2,43.49,0.05,82.63,Consumer,3.0
ORD-102677,2024-05-15,EMEA,Spain,Electronics,Laptop Air 13,marketplace,4,416.72,0.1,1500.19,Consumer,6.0
ORD-103103,2024-05-15,APAC,Australia,Home,Desk Lamp,partner,2,111.61,0.0,223.22,SMB,11.0
ORD-104636,2024-05-15,APAC,Singapore,Electronics,Smart Watch,retail,4,68.64,0.15,233.38,Consumer,8.0
ORD-100120,2024-05-16,North America,United States,Electronics,Noise Buds,retail,1,249.63,0.0,249.63,Consumer,3.0
ORD-101437,2024-05-16,North America,Mexico,Electronics,4K Monitor,marketplace,5,250.18,0.2,1000.72,Enterprise,2.0
ORD-102506,2024-05-16,North America,United States,Beauty,Serum Vitamin C,retail,3,77.74,0.0,233.22,Consumer,3.0
ORD-103669,2024-05-16,North America,United States,Grocery,Arabica Beans 1kg,web,2,22.0,0.0,44.0,Consumer,1.0
ORD-100410,2024-05-17,North America,Mexico,Beauty,Argan Shampoo,web,5,26.55,0.0,132.75,Consumer,2.0
ORD-101591,2024-05-17,LATAM,Brazil,Sports,Trail Runners,marketplace,2,181.41,0.05,344.68,SMB,7.0
ORD-102477,2024-05-17,North America,United States,Electronics,Smart Watch,web,2,415.48,0.0,830.96,Consumer,4.0
ORD-103692,2024-05-17,North America,United States,Electronics,Noise Buds,retail,3,87.21,0.1,235.47,SMB,1.0
ORD-103740,2024-05-17,APAC,Japan,Grocery,Arabica Beans 1kg,partner,1,18.62,0.05,17.69,Consumer,8.0
ORD-103896,2024-05-17,APAC,Japan,Beauty,Matte Lipstick,partner,4,22.32,0.0,89.28,Consumer,7.0
ORD-104872,2024-05-17,LATAM,Argentina,Electronics,4K Monitor,marketplace,2,97.24,0.0,194.48,SMB,5.0
ORD-100044,2024-05-18,EMEA,United Kingdom,Electronics,Noise Buds,web,2,229.67,0.0,459.34,Consumer,5.0
ORD-100453,2024-05-18,North America,Mexico,Sports,Trail Runners,retail,7,80.55,0.05,535.66,Enterprise,4.0
ORD-101494,2024-05-18,LATAM,Argentina,Beauty,Matte Lipstick,web,4,25.46,0.05,96.75,SMB,9.0
ORD-101814,2024-05-18,North America,Canada,Sports,Carbon Racket,partner,1,78.3,0.0,78.3,Consumer,3.0
ORD-101945,2024-05-18,North America,Canada,Beauty,Argan Shampoo,retail,3,38.67,0.1,104.41,Enterprise,5.0
ORD-102762,2024-05-18,North America,Canada,Sports,Carbon Racket,web,1,192.41,0.0,192.41,Consumer,3.0
ORD-103722,2024-05-18,North America,Mexico,Home,Cotton Duvet,web,1,142.2,0.05,135.09,Consumer,2.0
ORD-104445,2024-05-18,North America,United States,Grocery,Arabica Beans 1kg,retail,4,23.93,0.15,81.36,Consumer,2.0
ORD-101397,2024-05-19,EMEA,Germany,Beauty,Argan Shampoo,retail,3,39.62,0.0,118.86,Consumer,8.0
ORD-102376,2024-05-19,EMEA,Spain,Sports,Trail Runners,web,3,164.25,0.05,468.11,Consumer,5.0
ORD-102847,2024-05-19,North America,Mexico,Electronics,Smart Watch,web,2,232.3,0.05,441.37,Consumer,3.0
ORD-103352,2024-05-19,APAC,Japan,Grocery,Olive Oil 750ml,web,2,22.82,0.1,41.08,Consumer,3.0
ORD-103968,2024-05-19,EMEA,United Kingdom,Beauty,Argan Shampoo,web,4,44.04,0.05,167.35,Consumer,8.0
ORD-104516,2024-05-19,North America,United States,Electronics,Noise Buds,marketplace,2,405.12,0.0,810.24,Consumer,4.0
ORD-101400,2024-05-20,North America,Mexico,Home,Cast Iron Pan,partner,2,108.84,0.0,217.68,Consumer,3.0
ORD-101944,2024-05-20,North America,United States,Home,Desk Lamp,marketplace,2,58.87,0.1,105.97,Consumer,1.0
ORD-102894,2024-05-20,North America,Mexico,Beauty,Argan Shampoo,web,1,177.0,0.0,177.0,Consumer,3.0
ORD-102961,2024-05-20,North America,United States,Grocery,Dark Chocolate 90%,retail,3,18.65,0.1,50.36,Consumer,5.0
ORD-103407,2024-05-20,North America,United States,Home,Cast Iron Pan,web,5,68.37,0.05,324.76,Consumer,4.0
ORD-104036,2024-05-20,EMEA,Italy,Sports,Carbon Racket,web,3,161.1,0.05,459.13,SMB,5.0
ORD-100393,2024-05-21,North America,United States,Sports,Carbon Racket,web,4,168.61,0.0,674.44,Consumer,4.0
ORD-101904,2024-05-21,APAC,Australia,Grocery,Arabica Beans 1kg,web,5,14.69,0.15,62.43,Enterprise,10.0
ORD-102058,2024-05-21,APAC,Singapore,Grocery,Dark Chocolate 90%,web,1,31.72,0.2,25.38,Consumer,6.0
ORD-102387,2024-05-21,EMEA,Spain,Grocery,Olive Oil 750ml,marketplace,3,22.44,0.15,57.22,SMB,2.0
ORD-102801,2024-05-21,North America,Canada,Grocery,Olive Oil 750ml,web,4,27.65,0.0,110.6,Consumer,1.0
ORD-103863,2024-05-21,EMEA,Germany,Electronics,Laptop Air 13,marketplace,5,119.58,0.0,597.9,SMB,4.0
ORD-104173,2024-05-21,EMEA,France,Grocery,Olive Oil 750ml,marketplace,5,22.39,0.0,111.95,Consumer,4.0
ORD-101896,2024-05-22,LATAM,Brazil,Electronics,Noise Buds,web,3,237.9,0.1,642.33,SMB,7.0
ORD-103024,2024-05-22,North America,United States,Electronics,Noise Buds,marketplace,2,229.91,0.0,459.82,SMB,6.0
ORD-103687,2024-05-22,APAC,India,Sports,Yoga Mat Pro,marketplace,4,197.02,0.1,709.27,SMB,13.0
ORD-100847,2024-05-23,EMEA,Italy,Electronics,Laptop Air 13,web,3,389.18,0.05,1109.16,SMB,1.0
ORD-101184,2024-05-23,North America,United States,Sports,Trail Runners,retail,3,183.16,0.15,467.06,Consumer,2.0
ORD-101465,2024-05-23,APAC,India,Electronics,4K Monitor,marketplace,2,419.95,0.1,755.91,Consumer,7.0
ORD-101519,2024-05-23,North America,Canada,Sports,Carbon Racket,retail,2,95.38,0.1,171.68,Consumer,4.0
ORD-101675,2024-05-23,North America,Canada,Electronics,Noise Buds,marketplace,2,302.49,0.0,604.98,Consumer,1.0
ORD-101689,2024-05-23,North America,Canada,Electronics,Noise Buds,partner,7,280.6,0.0,1964.2,Consumer,8.0
ORD-101728,2024-05-23,EMEA,Spain,Sports,Trail Runners,retail,1,223.77,0.0,223.77,Consumer,2.0
ORD-101854,2024-05-23,EMEA,Spain,Electronics,Laptop Air 13,marketplace,1,71.55,0.05,67.97,Consumer,6.0
ORD-101949,2024-05-23,LATAM,Chile,Sports,Carbon Racket,web,8,64.99,0.1,467.93,Enterprise,6.0
ORD-102734,2024-05-23,EMEA,United Kingdom,Electronics,4K Monitor,marketplace,1,349.77,0.0,349.77,SMB,1.0
ORD-102861,2024-05-23,North America,Canada,Home,Cotton Duvet,retail,2,111.58,0.15,189.69,SMB,2.0
ORD-103320,2024-05-23,North America,Mexico,Sports,Trail Runners,marketplace,3,68.26,0.0,204.78,Consumer,3.0
ORD-103685,2024-05-23,EMEA,Germany,Sports,Carbon Racket,web,2,140.64,0.05,267.22,SMB,1.0
ORD-103937,2024-05-23,APAC,Australia,Home,Espresso Maker,marketplace,3,70.0,0.2,168.0,Consumer,6.0
ORD-104768,2024-05-23,EMEA,France,Grocery,Arabica Beans 1kg,retail,2,19.03,0.0,38.06,Consumer,5.0
ORD-104945,2024-05-23,LATAM,Brazil,Beauty,Argan Shampoo,retail,5,34.52,0.0,172.6,Consumer,4.0
ORD-100774,2024-05-24,North America,United States,Home,Cotton Duvet,partner,5,158.41,0.05,752.45,Consumer,4.0
ORD-101228,2024-05-24,North America,Mexico,Sports,Carbon Racket,web,3,128.84,0.05,367.19,Consumer,5.0
ORD-101322,2024-05-24,North America,Canada,Sports,Yoga Mat Pro,web,2,65.3,0.1,117.54,Consumer,6.0
ORD-101592,2024-05-24,North America,Mexico,Home,Cast Iron Pan,partner,3,41.37,0.0,124.11,Consumer,6.0
ORD-101852,2024-05-24,North America,Canada,Home,Cast Iron Pan,web,5,51.03,0.1,229.64,Consumer,3.0
ORD-102474,2024-05-24,North America,Mexico,Grocery,Arabica Beans 1kg,web,5,14.41,0.0,72.05,Consumer,4.0
ORD-102585,2024-05-24,EMEA,Spain,Grocery,Olive Oil 750ml,web,1,13.24,0.0,13.24,Consumer,4.0
ORD-102804,2024-05-24,North America,Mexico,Beauty,Serum Vitamin C,web,2,64.52,0.0,129.04,Consumer,4.0
ORD-103697,2024-05-24,North America,Canada,Home,Cast Iron Pan,web,6,121.52,0.1,656.21,Enterprise,3.0
ORD-104137,2024-05-24,North America,Canada,Home,Espresso Maker,web,6,58.11,0.05,331.23,Consumer,4.0
ORD-100918,2024-05-25,APAC,Australia,Home,Cast Iron Pan,partner,9,98.12,0.0,883.08,Enterprise,10.0
ORD-102043,2024-05-25,North America,United States,Grocery,Arabica Beans 1kg,web,4,38.09,0.1,137.12,Enterprise,7.0
ORD-102635,2024-05-25,EMEA,Spain,Electronics,Smart Watch,marketplace,2,559.8,0.0,1119.6,Consumer,4.0
ORD-102796,2024-05-25,EMEA,Germany,Sports,Trail Runners,web,3,248.0,0.0,744.0,Consumer,2.0
ORD-102946,2024-05-25,North America,United States,Grocery,Dark Chocolate 90%,web,6,31.78,0.2,152.54,Enterprise,2.0
ORD-103640,2024-05-25,EMEA,France,Sports,Trail Runners,marketplace,1,112.09,0.0,112.09,SMB,4.0
ORD-103731,2024-05-25,North America,Canada,Home,Desk Lamp,marketplace,3,48.29,0.05,137.63,Consumer,1.0
ORD-104959,2024-05-25,North America,United States,Home,Cast Iron Pan,marketplace,3,59.52,0.0,178.56,Consumer,3.0
ORD-101092,2024-05-26,EMEA,France,Electronics,Laptop Air 13,marketplace,1,261.13,0.0,261.13,Consumer,5.0
ORD-101471,2024-05-26,North America,Canada,Sports,Trail Runners,web,5,164.13,0.3,574.45,Enterprise,2.0
ORD-102311,2024-05-26,North America,United States,Electronics,Smart Watch,web,8,306.84,0.3,1718.3,Enterprise,
ORD-104315,2024-05-26,North America,Canada,Grocery,Arabica Beans 1kg,partner,2,20.1,0.05,38.19,Consumer,3.0
ORD-104336,2024-05-26,APAC,India,Home,Cotton Duvet,web,5,189.78,0.0,948.9,Consumer,9.0
ORD-104663,2024-05-26,EMEA,Spain,Electronics,4K Monitor,retail,2,508.97,0.0,1017.94,Consumer,3.0
ORD-100005,2024-05-27,North America,Mexico,Grocery,Olive Oil 750ml,marketplace,2,18.15,0.2,29.04,SMB,4.0
ORD-100510,2024-05-27,North America,Mexico,Grocery,Arabica Beans 1kg,marketplace,2,25.17,0.05,47.82,Consumer,3.0
ORD-100984,2024-05-27,North America,United States,Beauty,Matte Lipstick,web,1,53.9,0.0,53.9,Consumer,6.0
ORD-101354,2024-05-27,EMEA,Germany,Grocery,Arabica Beans 1kg,web,1,17.99,0.1,16.19,SMB,4.0
ORD-101753,2024-05-27,EMEA,Italy,Electronics,Smart Watch,marketplace,2,235.38,0.05,447.22,Consumer,1.0
ORD-102432,2024-05-27,North America,Canada,Sports,Trail Runners,marketplace,4,190.88,0.0,763.52,Consumer,2.0
ORD-102552,2024-05-27,North America,Mexico,Beauty,Serum Vitamin C,web,2,43.85,0.0,87.7,Consumer,4.0
ORD-103728,2024-05-27,APAC,Australia,Beauty,Argan Shampoo,web,4,38.06,0.2,121.79,Enterprise,5.0
ORD-104671,2024-05-27,North America,Mexico,Home,Desk Lamp,partner,2,119.4,0.05,226.86,SMB,3.0
ORD-104899,2024-05-27,EMEA,United Kingdom,Electronics,Laptop Air 13,partner,3,405.09,0.05,1154.51,Consumer,5.0
ORD-100061,2024-05-28,APAC,India,Electronics,Noise Buds,retail,5,98.65,0.0,493.25,Consumer,6.0
ORD-100635,2024-05-28,North America,Canada,Beauty,Serum Vitamin C,retail,2,54.88,0.0,109.76,Consumer,1.0
ORD-100849,2024-05-28,EMEA,France,Beauty,Matte Lipstick,retail,10,41.77,0.0,417.7,Enterprise,7.0
ORD-101537,2024-05-28,APAC,Singapore,Electronics,Laptop Air 13,web,5,101.65,0.05,482.84,Consumer,3.0
ORD-101899,2024-05-28,North America,Mexico,Home,Cast Iron Pan,marketplace,4,57.31,0.0,229.24,Consumer,5.0
ORD-102657,2024-05-28,North America,United States,Sports,Trail Runners,web,2,90.41,0.0,180.82,SMB,1.0
ORD-102970,2024-05-28,APAC,Japan,Home,Desk Lamp,retail,1,174.18,0.05,165.47,SMB,7.0
ORD-103218,2024-05-28,North America,Canada,Sports,Carbon Racket,retail,2,385.94,0.05,733.29,Consumer,1.0
ORD-103435,2024-05-28,LATAM,Chile,Home,Desk Lamp,web,2,58.28,0.15,99.08,Consumer,15.0
ORD-103825,2024-05-28,APAC,India,Beauty,Matte Lipstick,marketplace,4,43.17,0.05,164.05,Consumer,7.0
ORD-103936,2024-05-28,North America,United States,Sports,Yoga Mat Pro,retail,2,96.2,0.05,182.78,Consumer,4.0
ORD-104564,2024-05-28,North America,Mexico,Grocery,Arabica Beans 1kg,web,8,22.46,0.1,161.71,Enterprise,3.0
ORD-100425,2024-05-29,North America,United States,Home,Desk Lamp,retail,1,192.69,0.15,163.79,Consumer,3.0
ORD-103673,2024-05-29,APAC,India,Grocery,Dark Chocolate 90%,marketplace,2,27.16,0.1,48.89,Consumer,5.0
ORD-104239,2024-05-29,EMEA,Italy,Sports,Trail Runners,partner,1,68.11,0.0,68.11,Consumer,3.0
ORD-101168,2024-05-30,EMEA,Italy,Electronics,Laptop Air 13,web,2,306.27,0.2,490.03,Consumer,3.0
ORD-102116,2024-05-30,North America,Canada,Home,Cotton Duvet,marketplace,2,91.11,0.15,154.89,Consumer,2.0
ORD-103886,2024-05-30,North America,Canada,Home,Cotton Duvet,web,5,85.94,0.15,365.24,Enterprise,2.0
ORD-103916,2024-05-30,EMEA,United Kingdom,Electronics,Laptop Air 13,retail,2,142.09,0.05,269.97,Consumer,3.0
ORD-104948,2024-05-30,North America,Canada,Beauty,Serum Vitamin C,marketplace,2,26.39,0.05,50.14,Consumer,2.0
ORD-100114,2024-05-31,APAC,Singapore,Beauty,Serum Vitamin C,web,3,50.83,0.2,121.99,SMB,8.0
ORD-100762,2024-05-31,North America,Mexico,Grocery,Dark Chocolate 90%,marketplace,4,18.06,0.2,57.79,Consumer,1.0
ORD-100902,2024-05-31,APAC,India,Grocery,Olive Oil 750ml,marketplace,2,13.49,0.0,26.98,Consumer,2.0
ORD-101172,2024-05-31,APAC,Japan,Sports,Carbon Racket,marketplace,5,67.33,0.0,336.65,Consumer,4.0
ORD-103158,2024-05-31,EMEA,United Kingdom,Beauty,Argan Shampoo,marketplace,1,84.15,0.1,75.74,Consumer,7.0
ORD-104512,2024-05-31,North America,Mexico,Electronics,Smart Watch,web,3,262.24,0.15,668.71,Consumer,3.0
ORD-100934,2024-06-01,EMEA,France,Electronics,Smart Watch,retail,1,331.08,0.1,297.97,SMB,8.0
ORD-102015,2024-06-01,APAC,India,Beauty,Matte Lipstick,retail,3,31.18,0.0,93.54,Consumer,2.0
ORD-103386,2024-06-01,EMEA,Spain,Grocery,Arabica Beans 1kg,partner,4,27.67,0.0,110.68,Consumer,6.0
ORD-104965,2024-06-01,APAC,India,Electronics,Laptop Air 13,marketplace,1,288.27,0.0,288.27,SMB,6.0
ORD-104968,2024-06-01,North America,Mexico,Electronics,Smart Watch,marketplace,1,195.14,0.1,175.63,Consumer,4.0
ORD-100175,2024-06-02,North America,Mexico,Beauty,Matte Lipstick,web,6,30.87,0.1,166.7,Enterprise,4.0
ORD-100620,2024-06-02,North America,Mexico,Home,Desk Lamp,web,5,72.73,0.15,309.1,Enterprise,1.0
ORD-100636,2024-06-02,APAC,India,Home,Desk Lamp,web,1,65.03,0.1,58.53,Consumer,9.0
ORD-101463,2024-06-02,North America,United States,Home,Cotton Duvet,web,2,93.66,0.05,177.95,Consumer,4.0
ORD-101691,2024-06-02,EMEA,Italy,Home,Cast Iron Pan,web,4,134.83,0.05,512.35,SMB,4.0
ORD-102986,2024-06-02,APAC,Japan,Electronics,4K Monitor,web,3,218.49,0.0,655.47,Consumer,7.0
ORD-103275,2024-06-02,APAC,Japan,Beauty,Serum Vitamin C,retail,3,29.23,0.0,87.69,Consumer,5.0
ORD-103781,2024-06-02,North America,Mexico,Electronics,4K Monitor,web,5,148.48,0.05,705.28,Consumer,3.0
ORD-104255,2024-06-02,LATAM,Brazil,Home,Cast Iron Pan,retail,4,50.93,0.05,193.53,Consumer,14.0
ORD-104577,2024-06-02,EMEA,Italy,Electronics,Noise Buds,retail,2,265.84,0.05,505.1,Consumer,7.0
ORD-100304,2024-06-03,North America,United States,Home,Espresso Maker,web,3,71.16,0.15,181.46,Consumer,4.0
ORD-101247,2024-06-03,APAC,Australia,Home,Desk Lamp,marketplace,5,77.61,0.05,368.65,Enterprise,1.0
ORD-101364,2024-06-03,LATAM,Brazil,Home,Desk Lamp,marketplace,2,203.11,0.0,406.22,SMB,8.0
ORD-102042,2024-06-03,APAC,India,Home,Cotton Duvet,web,2,159.14,0.1,286.45,Consumer,9.0
ORD-103677,2024-06-03,North America,Mexico,Beauty,Argan Shampoo,marketplace,2,33.99,0.0,67.98,Consumer,2.0
ORD-103795,2024-06-03,LATAM,Brazil,Electronics,Smart Watch,retail,3,294.28,0.0,882.84,SMB,9.0
ORD-103909,2024-06-03,EMEA,Spain,Electronics,4K Monitor,marketplace,6,90.56,0.1,489.02,Consumer,1.0
ORD-104542,2024-06-03,APAC,Australia,Electronics,Noise Buds,web,4,465.25,0.05,1767.95,Consumer,6.0
ORD-100065,2024-06-04,North America,United States,Sports,Carbon Racket,web,9,151.92,0.1,1230.55,Enterprise,1.0
ORD-100328,2024-06-04,APAC,Australia,Home,Cast Iron Pan,web,3,86.45,0.2,207.48,Consumer,7.0
ORD-101250,2024-06-04,North America,United States,Electronics,Laptop Air 13,marketplace,4,90.57,0.0,362.28,Consumer,4.0
ORD-102195,2024-06-04,APAC,Australia,Electronics,4K Monitor,web,3,177.93,0.0,533.79,Consumer,9.0
ORD-102452,2024-06-04,EMEA,United Kingdom,Grocery,Dark Chocolate 90%,web,3,28.22,0.05,80.43,SMB,9.0
ORD-103177,2024-06-04,EMEA,France,Home,Desk Lamp,retail,7,56.21,0.15,334.45,Enterprise,7.0
ORD-103577,2024-06-04,North America,Canada,Grocery,Arabica Beans 1kg,web,2,18.95,0.0,37.9,Consumer,4.0
ORD-103621,2024-06-04,EMEA,United Kingdom,Home,Cast Iron Pan,marketplace,2,56.32,0.1,101.38,SMB,1.0
ORD-104950,2024-06-04,LATAM,Argentina,Sports,Carbon Racket,marketplace,2,76.21,0.1,137.18,Consumer,11.0
ORD-100488,2024-06-05,North America,Canada,Sports,Carbon Racket,marketplace,3,76.25,0.2,183.0,SMB,1.0
ORD-100655,2024-06-05,APAC,Singapore,Electronics,Noise Buds,web,13,143.04,0.1,1673.57,Enterprise,7.0
ORD-100675,2024-06-05,North America,United States,Beauty,Serum Vitamin C,marketplace,7,50.51,0.0,353.57,Enterprise,3.0
ORD-101608,2024-06-05,LATAM,Chile,Electronics,4K Monitor,marketplace,3,209.7,0.2,503.28,Consumer,8.0
ORD-101861,2024-06-05,EMEA,France,Electronics,Smart Watch,partner,7,116.68,0.2,653.41,Enterprise,2.0
ORD-101915,2024-06-05,North America,Mexico,Sports,Trail Runners,retail,3,109.18,0.0,327.54,Consumer,3.0
ORD-102290,2024-06-05,LATAM,Argentina,Electronics,Noise Buds,web,2,211.6,0.0,423.2,SMB,8.0
ORD-103014,2024-06-05,EMEA,United Kingdom,Grocery,Arabica Beans 1kg,web,9,18.42,0.2,132.62,Enterprise,4.0
ORD-103471,2024-06-05,North America,Mexico,Electronics,Smart Watch,marketplace,5,176.37,0.1,793.67,Consumer,2.0
ORD-103983,2024-06-05,APAC,Japan,Grocery,Dark Chocolate 90%,marketplace,6,18.66,0.0,111.96,Consumer,10.0
ORD-104091,2024-06-05,APAC,Singapore,Home,Desk Lamp,web,3,141.76,0.0,425.28,Consumer,5.0
ORD-104125,2024-06-05,APAC,Australia,Beauty,Argan Shampoo,web,5,30.44,0.2,121.76,Consumer,9.0
ORD-100882,2024-06-06,EMEA,Germany,Home,Espresso Maker,marketplace,1,59.1,0.05,56.14,Consumer,4.0
ORD-101903,2024-06-06,North America,United States,Home,Cast Iron Pan,web,9,57.75,0.15,441.79,Enterprise,2.0
ORD-101983,2024-06-06,North America,Mexico,Electronics,Smart Watch,web,4,265.64,0.05,1009.43,SMB,2.0
ORD-103835,2024-06-06,LATAM,Brazil,Electronics,Smart Watch,marketplace,4,194.5,0.0,778.0,SMB,5.0
ORD-104164,2024-06-06,EMEA,Germany,Sports,Carbon Racket,marketplace,3,118.27,0.0,354.81,Consumer,4.0
ORD-104498,2024-06-06,North America,Canada,Grocery,Arabica Beans 1kg,marketplace,2,31.73,0.05,60.29,Consumer,5.0
ORD-100443,2024-06-07,EMEA,Italy,Sports,Carbon Racket,marketplace,9,161.4,0.1,1307.34,Enterprise,7.0
ORD-100573,2024-06-07,LATAM,Brazil,Electronics,Smart Watch,web,4,192.35,0.05,730.93,SMB,7.0
ORD-100856,2024-06-07,North America,Canada,Electronics,Laptop Air 13,web,3,350.97,0.0,1052.91,Consumer,2.0
ORD-101055,2024-06-07,North America,United States,Beauty,Argan Shampoo,retail,8,78.31,0.15,532.51,Enterprise,2.0
ORD-101217,2024-06-07,North America,United States,Grocery,Dark Chocolate 90%,partner,2,19.19,0.0,38.38,SMB,2.0
ORD-101938,2024-06-07,APAC,Japan,Electronics,Smart Watch,web,4,322.92,0.15,1097.93,Consumer,5.0
ORD-102165,2024-06-07,EMEA,Spain,Home,Espresso Maker,web,2,151.51,0.0,303.02,SMB,5.0
ORD-102326,2024-06-07,APAC,Singapore,Electronics,Noise Buds,web,1,249.17,0.0,249.17,Consumer,10.0
ORD-102385,2024-06-07,North America,Mexico,Beauty,Argan Shampoo,web,3,53.41,0.0,160.23,Consumer,4.0
ORD-102719,2024-06-07,North America,Canada,Home,Espresso Maker,web,7,120.78,0.1,760.91,Consumer,2.0
ORD-103292,2024-06-07,APAC,Singapore,Grocery,Olive Oil 750ml,marketplace,6,14.53,0.0,87.18,Consumer,5.0
ORD-103655,2024-06-07,North America,Canada,Beauty,Serum Vitamin C,web,1,57.98,0.0,57.98,Consumer,1.0
ORD-103931,2024-06-07,EMEA,Germany,Sports,Trail Runners,retail,5,150.08,0.15,637.84,SMB,3.0
ORD-104232,2024-06-07,North America,Mexico,Sports,Carbon Racket,web,2,69.77,0.0,139.54,Consumer,4.0
ORD-100164,2024-06-08,North America,Mexico,Beauty,Matte Lipstick,retail,2,81.53,0.05,154.91,SMB,2.0
ORD-101613,2024-06-08,North America,Canada,Sports,Yoga Mat Pro,marketplace,4,96.43,0.0,385.72,SMB,1.0
ORD-101714,2024-06-08,EMEA,France,Beauty,Matte Lipstick,marketplace,5,69.09,0.0,345.45,SMB,3.0
ORD-101386,2024-06-09,LATAM,Brazil,Sports,Yoga Mat Pro,marketplace,11,104.7,0.3,806.19,Enterprise,10.0
ORD-102032,2024-06-09,North America,Canada,Electronics,Laptop Air 13,marketplace,3,327.17,0.1,883.36,SMB,1.0
ORD-103244,2024-06-09,North America,Canada,Sports,Trail Runners,web,2,261.15,0.1,470.07,Consumer,1.0
ORD-103285,2024-06-09,EMEA,United Kingdom,Home,Cast Iron Pan,marketplace,2,94.79,0.15,161.14,Consumer,4.0
ORD-101151,2024-06-10,APAC,India,Grocery,Dark Chocolate 90%,web,7,28.31,0.2,158.54,Enterprise,8.0
ORD-102164,2024-06-10,North America,Mexico,Home,Espresso Maker,retail,3,82.17,0.1,221.86,Consumer,5.0
ORD-104183,2024-06-10,North America,Canada,Home,Cast Iron Pan,marketplace,3,88.64,0.2,212.74,Consumer,1.0
ORD-104287,2024-06-10,EMEA,France,Grocery,Dark Chocolate 90%,marketplace,1,22.6,0.0,22.6,Consumer,3.0
ORD-104503,2024-06-10,North America,Canada,Home,Desk Lamp,marketplace,2,60.74,0.0,121.48,Consumer,4.0
ORD-101802,2024-06-11,EMEA,United Kingdom,Electronics,Smart Watch,web,1,105.66,0.05,100.38,Consumer,3.0
ORD-102921,2024-06-11,APAC,India,Electronics,Laptop Air 13,marketplace,4,302.36,0.0,1209.44,Consumer,5.0
ORD-103018,2024-06-11,North America,United States,Sports,Yoga Mat Pro,marketplace,2,225.23,0.0,450.46,Consumer,2.0
ORD-103395,2024-06-11,EMEA,Italy,Grocery,Arabica Beans 1kg,marketplace,2,15.47,0.0,30.94,Consumer,5.0
ORD-101010,2024-06-12,EMEA,France,Home,Cast Iron Pan,web,2,46.07,0.0,92.14,Consumer,4.0
ORD-101856,2024-06-12,APAC,Singapore,Beauty,Argan Shampoo,web,1,50.76,0.05,48.22,Consumer,6.0
ORD-102091,2024-06-12,North America,Mexico,Sports,Yoga Mat Pro,web,10,27.5,0.1,247.5,Enterprise,3.0
ORD-102417,2024-06-12,EMEA,Germany,Home,Desk Lamp,web,2,100.77,0.2,161.23,SMB,4.0
ORD-102491,2024-06-12,EMEA,Germany,Home,Desk Lamp,partner,1,77.82,0.0,77.82,Consumer,7.0
ORD-102701,2024-06-12,North America,Mexico,Home,Desk Lamp,web,2,75.32,0.0,150.64,Consumer,3.0
ORD-104130,2024-06-12,North America,Mexico,Sports,Trail Runners,marketplace,4,180.03,0.0,720.12,Consumer,5.0
ORD-101985,2024-06-13,EMEA,Italy,Beauty,Serum Vitamin C,retail,2,62.19,0.15,105.72,SMB,4.0
ORD-102223,2024-06-13,North America,Canada,Grocery,Dark Chocolate 90%,web,2,36.28,0.0,72.56,Consumer,5.0
ORD-103649,2024-06-13,EMEA,France,Sports,Yoga Mat Pro,retail,1,500.54,0.0,500.54,Consumer,3.0
ORD-103711,2024-06-13,APAC,Australia,Grocery,Arabica Beans 1kg,retail,1,26.32,0.05,25.0,Consumer,1.0
ORD-100653,2024-06-14,North America,Mexico,Electronics,4K Monitor,retail,1,428.38,0.05,406.96,SMB,7.0
ORD-100955,2024-06-14,EMEA,Italy,Home,Cast Iron Pan,web,3,117.65,0.05,335.3,Consumer,3.0
ORD-101966,2024-06-14,APAC,Singapore,Home,Cast Iron Pan,marketplace,3,138.05,0.0,414.15,SMB,7.0
ORD-102684,2024-06-14,North America,United States,Electronics,4K Monitor,partner,2,99.11,0.05,188.31,SMB,2.0
ORD-102751,2024-06-14,EMEA,United Kingdom,Electronics,Smart Watch,web,3,95.35,0.0,286.05,Consumer,3.0
ORD-102758,2024-06-14,North America,Mexico,Grocery,Dark Chocolate 90%,marketplace,3,29.52,0.05,84.13,Consumer,1.0
ORD-103922,2024-06-14,EMEA,France,Electronics,4K Monitor,marketplace,3,523.68,0.0,1571.04,Consumer,4.0
ORD-104123,2024-06-14,LATAM,Argentina,Grocery,Dark Chocolate 90%,web,2,13.41,0.05,25.48,SMB,7.0
ORD-100667,2024-06-15,EMEA,Spain,Beauty,Argan Shampoo,partner,7,38.66,0.1,243.56,Enterprise,4.0
ORD-102247,2024-06-15,EMEA,Germany,Electronics,Smart Watch,web,3,432.8,0.0,1298.4,Consumer,
ORD-104113,2024-06-15,APAC,India,Home,Cotton Duvet,web,4,72.36,0.3,202.61,Consumer,10.0
ORD-104131,2024-06-15,North America,Canada,Sports,Carbon Racket,web,6,68.07,0.15,347.16,Enterprise,3.0
ORD-104399,2024-06-15,EMEA,Germany,Home,Desk Lamp,web,9,61.46,0.05,525.48,Enterprise,3.0
ORD-101542,2024-06-16,EMEA,Italy,Beauty,Matte Lipstick,marketplace,2,46.22,0.0,92.44,SMB,4.0
ORD-102903,2024-06-16,North America,United States,Home,Desk Lamp,web,1,105.18,0.0,105.18,Consumer,3.0
ORD-103996,2024-06-16,EMEA,Spain,Grocery,Olive Oil 750ml,marketplace,1,37.62,0.0,37.62,Consumer,4.0
ORD-101025,2024-06-17,North America,Canada,Beauty,Matte Lipstick,marketplace,5,23.27,0.05,110.53,SMB,2.0
ORD-101729,2024-06-17,North America,United States,Electronics,Laptop Air 13,partner,2,311.72,0.0,623.44,SMB,1.0
ORD-102071,2024-06-17,North America,Canada,Sports,Yoga Mat Pro,web,3,105.53,0.0,316.59,Consumer,3.0
ORD-103150,2024-06-17,LATAM,Chile,Grocery,Dark Chocolate 90%,partner,8,21.65,0.15,147.22,Enterprise,8.0
ORD-103463,2024-06-17,APAC,Australia,Beauty,Argan Shampoo,retail,2,61.13,0.15,103.92,SMB,3.0
ORD-104492,2024-06-17,North America,Mexico,Electronics,4K Monitor,web,3,333.09,0.0,999.27,Consumer,3.0
ORD-104732,2024-06-17,APAC,Singapore,Electronics,Laptop Air 13,web,2,411.02,0.15,698.73,Consumer,8.0
ORD-104836,2024-06-17,North America,Canada,Grocery,Dark Chocolate 90%,marketplace,2,33.82,0.05,64.26,Consumer,1.0
ORD-100594,2024-06-18,LATAM,Brazil,Beauty,Argan Shampoo,web,2,53.44,0.0,106.88,Consumer,4.0
ORD-100919,2024-06-18,North America,Mexico,Home,Cotton Duvet,web,1,50.41,0.1,45.37,Consumer,3.0
ORD-101294,2024-06-18,EMEA,Italy,Electronics,Noise Buds,marketplace,2,779.03,0.0,1558.06,Consumer,2.0
ORD-101724,2024-06-18,EMEA,United Kingdom,Electronics,Noise Buds,marketplace,1,422.71,0.1,380.44,SMB,8.0
ORD-102896,2024-06-18,EMEA,United Kingdom,Electronics,4K Monitor,retail,3,230.06,0.0,690.18,Consumer,7.0
ORD-103228,2024-06-18,EMEA,United Kingdom,Sports,Trail Runners,marketplace,2,164.83,0.0,329.66,SMB,1.0
ORD-103888,2024-06-18,EMEA,Italy,Beauty,Serum Vitamin C,web,1,41.71,0.0,41.71,SMB,1.0
ORD-104248,2024-06-18,North America,Mexico,Beauty,Serum Vitamin C,web,4,33.29,0.15,113.19,Enterprise,2.0
ORD-104259,2024-06-18,North America,Canada,Electronics,Noise Buds,web,1,162.63,0.0,162.63,Consumer,
ORD-104489,2024-06-18,North America,United States,Electronics,4K Monitor,web,4,303.81,0.1,1093.72,Consumer,6.0
ORD-100400,2024-06-19,North America,Mexico,Sports,Carbon Racket,marketplace,4,166.31,0.05,631.98,Consumer,4.0
ORD-100879,2024-06-19,EMEA,Spain,Grocery,Olive Oil 750ml,retail,1,19.97,0.0,19.97,Consumer,4.0
ORD-101008,2024-06-19,North America,United States,Electronics,4K Monitor,marketplace,10,789.93,0.0,7899.3,Enterprise,1.0
ORD-102583,2024-06-19,EMEA,United Kingdom,Home,Cotton Duvet,marketplace,2,72.31,0.0,144.62,SMB,1.0
ORD-103478,2024-06-19,EMEA,Italy,Home,Espresso Maker,web,1,92.3,0.0,92.3,Consumer,2.0
ORD-103547,2024-06-19,EMEA,Italy,Home,Espresso Maker,web,1,75.68,0.05,71.9,Consumer,1.0
ORD-103691,2024-06-19,EMEA,Italy,Sports,Carbon Racket,web,3,152.64,0.0,457.92,Consumer,6.0
ORD-104799,2024-06-19,North America,Mexico,Home,Cotton Duvet,web,2,77.04,0.15,130.97,SMB,2.0
ORD-101284,2024-06-20,EMEA,United Kingdom,Grocery,Arabica Beans 1kg,web,7,31.69,0.1,199.65,Enterprise,6.0
ORD-101431,2024-06-20,APAC,Singapore,Electronics,4K Monitor,web,4,228.1,0.1,821.16,SMB,7.0
ORD-102537,2024-06-20,North America,United States,Sports,Yoga Mat Pro,marketplace,2,221.04,0.05,419.98,Consumer,2.0
ORD-104434,2024-06-20,APAC,Japan,Beauty,Matte Lipstick,web,2,75.92,0.05,144.25,SMB,6.0
ORD-104602,2024-06-20,North America,Mexico,Sports,Carbon Racket,marketplace,3,245.33,0.0,735.99,SMB,6.0
ORD-101516,2024-06-21,EMEA,Spain,Home,Desk Lamp,marketplace,1,40.85,0.0,40.85,Consumer,5.0
ORD-102524,2024-06-21,LATAM,Argentina,Electronics,Noise Buds,web,1,90.49,0.05,85.97,Consumer,13.0
ORD-102578,2024-06-21,North America,Canada,Home,Cast Iron Pan,retail,3,36.72,0.0,110.16,Consumer,3.0
ORD-103045,2024-06-21,APAC,Japan,Electronics,Smart Watch,web,8,266.34,0.1,1917.65,Enterprise,8.0
ORD-103145,2024-06-21,EMEA,France,Electronics,Smart Watch,retail,3,597.46,0.1,1613.14,Consumer,3.0
ORD-104198,2024-06-21,EMEA,Italy,Grocery,Olive Oil 750ml,web,2,14.19,0.15,24.12,SMB,2.0
ORD-104231,2024-06-21,EMEA,France,Sports,Yoga Mat Pro,web,5,52.07,0.0,260.35,Consumer,4.0
ORD-100189,2024-06-22,North America,Mexico,Grocery,Olive Oil 750ml,web,4,37.34,0.1,134.42,Consumer,4.0
ORD-102005,2024-06-22,LATAM,Chile,Beauty,Argan Shampoo,retail,2,37.74,0.1,67.93,Consumer,11.0
ORD-102476,2024-06-22,LATAM,Argentina,Beauty,Matte Lipstick,web,2,76.08,0.2,121.73,Consumer,10.0
ORD-103007,2024-06-22,APAC,Japan,Home,Cotton Duvet,web,1,90.63,0.0,90.63,SMB,7.0
ORD-100865,2024-06-23,EMEA,United Kingdom,Beauty,Matte Lipstick,web,4,48.82,0.0,195.28,Consumer,3.0
ORD-101178,2024-06-23,LATAM,Chile,Sports,Yoga Mat Pro,retail,1,91.6,0.15,77.86,SMB,7.0
ORD-101632,2024-06-23,North America,Mexico,Sports,Trail Runners,marketplace,5,270.61,0.0,1353.05,Consumer,3.0
ORD-104136,2024-06-23,North America,Canada,Sports,Carbon Racket,web,6,213.05,0.0,1278.3,Enterprise,3.0
ORD-104567,2024-06-23,North America,Canada,Electronics,4K Monitor,partner,3,177.08,0.0,531.24,Consumer,1.0
ORD-100186,2024-06-24,EMEA,Italy,Electronics,4K Monitor,partner,3,142.61,0.0,427.83,Enterprise,4.0
ORD-102407,2024-06-24,LATAM,Brazil,Sports,Trail Runners,web,3,69.6,0.0,208.8,Consumer,12.0
ORD-102759,2024-06-24,North America,United States,Electronics,4K Monitor,web,3,166.69,0.0,500.07,Consumer,2.0
ORD-102845,2024-06-24,North America,Mexico,Sports,Carbon Racket,marketplace,1,166.16,0.05,157.85,Consumer,3.0
ORD-100192,2024-06-25,EMEA,United Kingdom,Grocery,Arabica Beans 1kg,web,4,18.7,0.15,63.58,Consumer,2.0
ORD-101293,2024-06-25,APAC,Japan,Sports,Trail Runners,web,10,103.0,0.15,875.5,Enterprise,7.0
ORD-101649,2024-06-25,APAC,India,Electronics,Smart Watch,marketplace,2,457.33,0.0,914.66,Consumer,10.0
ORD-101930,2024-06-25,EMEA,Italy,Sports,Trail Runners,web,2,91.29,0.0,182.58,SMB,4.0
ORD-102807,2024-06-25,EMEA,Germany,Sports,Carbon Racket,retail,2,125.27,0.0,250.54,Consumer,11.0
ORD-103845,2024-06-25,North America,United States,Home,Desk Lamp,marketplace,4,148.94,0.0,595.76,Consumer,5.0
ORD-104334,2024-06-25,APAC,Japan,Home,Desk Lamp,partner,1,85.68,0.0,85.68,Consumer,8.0
ORD-104874,2024-06-25,North America,United States,Beauty,Serum Vitamin C,retail,3,39.87,0.15,101.67,Enterprise,5.0
ORD-101118,2024-06-26,North America,United States,Sports,Yoga Mat Pro,web,5,339.11,0.05,1610.77,Consumer,2.0
ORD-102100,2024-06-26,EMEA,France,Beauty,Matte Lipstick,web,3,30.66,0.05,87.38,Consumer,2.0
ORD-102559,2024-06-26,EMEA,Germany,Grocery,Dark Chocolate 90%,retail,4,21.0,0.0,84.0,Consumer,6.0
ORD-103862,2024-06-26,North America,United States,Sports,Yoga Mat Pro,marketplace,2,96.22,0.1,173.2,SMB,3.0
ORD-104077,2024-06-26,EMEA,United Kingdom,Beauty,Argan Shampoo,retail,2,36.11,0.0,72.22,Consumer,5.0
ORD-104876,2024-06-26,North America,Mexico,Sports,Yoga Mat Pro,marketplace,2,83.04,0.0,166.08,Consumer,3.0
ORD-100623,2024-06-27,APAC,India,Sports,Yoga Mat Pro,retail,3,280.43,0.15,715.1,SMB,7.0
ORD-101274,2024-06-27,EMEA,United Kingdom,Home,Cast Iron Pan,web,8,80.01,0.0,640.08,Consumer,5.0
ORD-101562,2024-06-27,LATAM,Brazil,Electronics,Laptop Air 13,retail,2,673.64,0.0,1347.28,Consumer,2.0
ORD-103075,2024-06-27,APAC,India,Sports,Carbon Racket,partner,2,105.75,0.1,190.35,SMB,6.0
ORD-103814,2024-06-27,North America,United States,Electronics,4K Monitor,web,10,191.96,0.2,1535.68,Enterprise,2.0
ORD-100004,2024-06-28,LATAM,Argentina,Sports,Trail Runners,retail,2,75.5,0.0,151.0,Consumer,9.0
ORD-102049,2024-06-28,LATAM,Brazil,Sports,Carbon Racket,web,1,219.09,0.0,219.09,SMB,5.0
ORD-102508,2024-06-28,LATAM,Argentina,Home,Espresso Maker,web,3,143.99,0.0,431.97,Consumer,12.0
ORD-102852,2024-06-28,LATAM,Argentina,Home,Espresso Maker,web,2,361.07,0.0,722.14,Consumer,4.0
ORD-102974,2024-06-28,APAC,Singapore,Sports,Carbon Racket,marketplace,4,151.18,0.1,544.25,SMB,7.0
ORD-103172,2024-06-28,LATAM,Chile,Sports,Trail Runners,marketplace,3,99.46,0.1,268.54,Consumer,6.0
ORD-103861,2024-06-28,North America,Canada,Electronics,Smart Watch,partner,2,208.44,0.05,396.04,Consumer,1.0
ORD-104284,2024-06-28,EMEA,Italy,Electronics,Noise Buds,web,1,206.3,0.1,185.67,SMB,5.0
ORD-104655,2024-06-28,LATAM,Brazil,Grocery,Arabica Beans 1kg,retail,4,18.93,0.1,68.15,SMB,10.0
ORD-100965,2024-06-29,North America,Canada,Sports,Yoga Mat Pro,marketplace,1,334.18,0.05,317.47,Consumer,3.0
ORD-101745,2024-06-29,APAC,Japan,Beauty,Matte Lipstick,web,3,34.1,0.05,97.18,Consumer,3.0
ORD-101901,2024-06-29,EMEA,United Kingdom,Grocery,Olive Oil 750ml,marketplace,2,34.8,0.0,69.6,Consumer,5.0
ORD-102593,2024-06-29,LATAM,Argentina,Sports,Trail Runners,web,1,105.85,0.05,100.56,SMB,6.0
ORD-103682,2024-06-29,EMEA,Germany,Beauty,Matte Lipstick,web,1,38.09,0.2,30.47,Consumer,5.0
ORD-104250,2024-06-29,North America,Mexico,Sports,Carbon Racket,marketplace,3,70.66,0.0,211.98,Consumer,3.0
ORD-101577,2024-06-30,LATAM,Chile,Beauty,Serum Vitamin C,web,3,66.22,0.0,198.66,Consumer,4.0
ORD-103092,2024-06-30,APAC,Singapore,Beauty,Serum Vitamin C,marketplace,2,152.25,0.0,304.5,SMB,8.0
ORD-103563,2024-06-30,LATAM,Brazil,Beauty,Serum Vitamin C,web,2,20.77,0.05,39.46,Consumer,11.0
ORD-104022,2024-06-30,EMEA,Italy,Sports,Carbon Racket,marketplace,1,54.65,0.0,54.65,Consumer,7.0
ORD-104027,2024-06-30,EMEA,Italy,Home,Cast Iron Pan,web,6,174.18,0.1,940.57,Enterprise,4.0
ORD-104088,2024-06-30,EMEA,Germany,Grocery,Arabica Beans 1kg,marketplace,1,22.98,0.05,21.83,Consumer,4.0
ORD-101106,2024-07-01,North America,Mexico,Beauty,Argan Shampoo,web,3,80.84,0.0,242.52,SMB,2.0
ORD-101685,2024-07-01,EMEA,France,Beauty,Serum Vitamin C,retail,5,28.62,0.15,121.64,Enterprise,1.0
ORD-102591,2024-07-01,EMEA,United Kingdom,Electronics,Laptop Air 13,marketplace,4,329.07,0.0,1316.28,Consumer,
ORD-102912,2024-07-01,APAC,Australia,Electronics,Laptop Air 13,web,2,363.2,0.05,690.08,Consumer,4.0
ORD-102940,2024-07-01,LATAM,Brazil,Home,Cast Iron Pan,web,2,108.45,0.05,206.06,Consumer,14.0
ORD-103512,2024-07-01,North America,Canada,Beauty,Argan Shampoo,partner,1,59.78,0.0,59.78,SMB,1.0
ORD-100259,2024-07-02,APAC,India,Home,Cast Iron Pan,marketplace,1,129.29,0.0,129.29,Consumer,4.0
ORD-101568,2024-07-02,North America,Canada,Sports,Yoga Mat Pro,retail,2,130.34,0.0,260.68,Consumer,1.0
ORD-102198,2024-07-02,North America,Mexico,Beauty,Matte Lipstick,web,7,69.12,0.3,338.69,Enterprise,2.0
ORD-104141,2024-07-02,EMEA,Germany,Sports,Trail Runners,retail,3,96.02,0.05,273.66,Consumer,3.0
ORD-104338,2024-07-02,North America,Mexico,Grocery,Dark Chocolate 90%,retail,4,14.82,0.05,56.32,Consumer,2.0
ORD-100486,2024-07-03,APAC,Singapore,Beauty,Matte Lipstick,retail,4,44.28,0.0,177.12,Enterprise,7.0
ORD-101016,2024-07-03,EMEA,Spain,Grocery,Dark Chocolate 90%,marketplace,4,18.35,0.0,73.4,SMB,8.0
ORD-101526,2024-07-03,North America,Canada,Grocery,Olive Oil 750ml,marketplace,7,28.18,0.0,197.26,Consumer,1.0
ORD-102373,2024-07-03,APAC,Singapore,Home,Cotton Duvet,retail,3,107.29,0.0,321.87,Consumer,12.0
ORD-102507,2024-07-03,EMEA,France,Home,Desk Lamp,retail,5,76.83,0.15,326.53,SMB,6.0
ORD-102613,2024-07-03,EMEA,Germany,Home,Cotton Duvet,web,4,44.3,0.0,177.2,Consumer,6.0
ORD-103023,2024-07-03,North America,Canada,Electronics,Laptop Air 13,web,3,329.97,0.0,989.91,SMB,6.0
ORD-103108,2024-07-03,APAC,Singapore,Home,Cotton Duvet,web,1,43.77,0.0,43.77,SMB,7.0
ORD-101478,2024-07-04,LATAM,Chile,Grocery,Dark Chocolate 90%,retail,6,11.56,0.0,69.36,Consumer,9.0
ORD-103364,2024-07-04,North America,Canada,Sports,Yoga Mat Pro,marketplace,1,106.3,0.1,95.67,SMB,4.0
ORD-103696,2024-07-04,North America,Mexico,Electronics,Laptop Air 13,retail,4,175.99,0.1,633.56,Consumer,
ORD-103726,2024-07-04,North America,Mexico,Beauty,Argan Shampoo,web,1,90.72,0.3,63.5,Consumer,1.0
ORD-104460,2024-07-04,North America,Mexico,Home,Desk Lamp,web,6,62.25,0.1,336.15,Enterprise,3.0
ORD-100224,2024-07-05,North America,United States,Home,Espresso Maker,web,2,94.91,0.2,151.86,Consumer,6.0
ORD-100271,2024-07-05,EMEA,Germany,Home,Cast Iron Pan,web,2,46.01,0.05,87.42,Consumer,3.0
ORD-101235,2024-07-05,North America,United States,Beauty,Argan Shampoo,retail,3,44.72,0.0,134.16,SMB,8.0
ORD-102654,2024-07-05,EMEA,Italy,Home,Desk Lamp,web,3,41.84,0.15,106.69,Consumer,2.0
ORD-102892,2024-07-05,LATAM,Brazil,Electronics,Noise Buds,retail,1,381.96,0.1,343.76,SMB,7.0
ORD-100962,2024-07-06,LATAM,Brazil,Sports,Carbon Racket,web,3,154.55,0.15,394.1,SMB,10.0
ORD-102023,2024-07-06,North America,Mexico,Grocery,Arabica Beans 1kg,web,3,14.9,0.05,42.46,Consumer,3.0
ORD-103227,2024-07-06,APAC,India,Sports,Yoga Mat Pro,web,4,115.32,0.0,461.28,Consumer,6.0
ORD-103832,2024-07-06,EMEA,Germany,Sports,Carbon Racket,retail,4,98.38,0.0,393.52,SMB,8.0
ORD-104153,2024-07-06,North America,Canada,Home,Desk Lamp,web,4,102.32,0.05,388.82,Consumer,5.0
ORD-104930,2024-07-06,APAC,Singapore,Home,Desk Lamp,marketplace,1,94.41,0.05,89.69,Consumer,10.0
ORD-100176,2024-07-07,North America,United States,Electronics,Laptop Air 13,marketplace,6,245.09,0.0,1470.54,Consumer,2.0
ORD-101167,2024-07-07,North America,Mexico,Sports,Trail Runners,web,2,80.86,0.15,137.46,SMB,4.0
ORD-101374,2024-07-07,North America,Canada,Home,Cotton Duvet,web,2,141.23,0.0,282.46,SMB,4.0
ORD-102720,2024-07-07,North America,Mexico,Electronics,Noise Buds,marketplace,3,272.57,0.0,817.71,Consumer,4.0
ORD-102735,2024-07-07,EMEA,Spain,Electronics,Noise Buds,partner,3,161.89,0.0,485.67,Consumer,5.0
ORD-103723,2024-07-07,APAC,Japan,Beauty,Argan Shampoo,retail,5,66.56,0.2,266.24,Enterprise,7.0
ORD-104083,2024-07-07,North America,Canada,Grocery,Arabica Beans 1kg,marketplace,1,24.07,0.15,20.46,SMB,5.0
ORD-100650,2024-07-08,North America,United States,Sports,Carbon Racket,partner,3,123.25,0.0,369.75,Consumer,1.0
ORD-101804,2024-07-08,APAC,Australia,Grocery,Olive Oil 750ml,marketplace,2,15.83,0.05,30.08,SMB,4.0
ORD-104112,2024-07-08,EMEA,Spain,Electronics,Noise Buds,web,3,166.78,0.05,475.32,Consumer,6.0
ORD-104509,2024-07-08,LATAM,Chile,Grocery,Olive Oil 750ml,retail,2,19.44,0.2,31.1,SMB,7.0
ORD-104983,2024-07-08,APAC,India,Electronics,4K Monitor,marketplace,2,247.11,0.0,494.22,Consumer,11.0
ORD-100529,2024-07-09,APAC,Singapore,Electronics,Laptop Air 13,web,1,229.39,0.05,217.92,SMB,7.0
ORD-101982,2024-07-09,EMEA,Germany,Electronics,Smart Watch,marketplace,2,974.01,0.05,1850.62,SMB,6.0
ORD-103633,2024-07-09,EMEA,Italy,Grocery,Dark Chocolate 90%,retail,2,21.69,0.1,39.04,Consumer,8.0
ORD-104681,2024-07-09,North America,Mexico,Home,Cast Iron Pan,retail,2,140.27,0.1,252.49,Consumer,3.0
ORD-100608,2024-07-10,EMEA,Italy,Grocery,Olive Oil 750ml,web,6,21.28,0.05,121.3,Enterprise,8.0
ORD-101379,2024-07-10,EMEA,Italy,Sports,Yoga Mat Pro,marketplace,8,112.44,0.1,809.57,Enterprise,4.0
ORD-101872,2024-07-10,LATAM,Argentina,Beauty,Argan Shampoo,marketplace,3,80.69,0.1,217.86,Consumer,9.0
ORD-103356,2024-07-10,LATAM,Chile,Electronics,Laptop Air 13,marketplace,3,426.43,0.0,1279.29,SMB,11.0
ORD-100140,2024-07-11,LATAM,Argentina,Home,Espresso Maker,web,5,75.92,0.0,379.6,Consumer,9.0
ORD-100219,2024-07-11,North America,Canada,Home,Cast Iron Pan,marketplace,3,87.16,0.2,209.18,Consumer,2.0
ORD-100906,2024-07-11,EMEA,Spain,Home,Cotton Duvet,web,2,115.26,0.0,230.52,Consumer,6.0
ORD-101407,2024-07-11,North America,United States,Beauty,Matte Lipstick,web,3,68.0,0.0,204.0,Consumer,1.0
ORD-102217,2024-07-11,North America,Canada,Sports,Carbon Racket,marketplace,2,140.28,0.2,224.45,Consumer,6.0
ORD-102398,2024-07-11,APAC,Singapore,Sports,Carbon Racket,web,1,186.43,0.0,186.43,SMB,6.0
ORD-104210,2024-07-11,North America,United States,Home,Cotton Duvet,web,3,84.75,0.0,254.25,Consumer,5.0
ORD-100433,2024-07-12,North America,Canada,Beauty,Serum Vitamin C,retail,4,75.52,0.15,256.77,Consumer,3.0
ORD-100571,2024-07-12,North America,Canada,Home,Desk Lamp,web,5,81.41,0.1,366.34,SMB,5.0
ORD-101233,2024-07-12,EMEA,Germany,Electronics,Smart Watch,web,7,245.08,0.0,1715.56,Consumer,1.0
ORD-101528,2024-07-12,North America,Mexico,Home,Espresso Maker,marketplace,2,48.36,0.15,82.21,Consumer,2.0
ORD-101973,2024-07-12,North America,United States,Home,Desk Lamp,marketplace,3,157.89,0.2,378.94,SMB,4.0
ORD-102906,2024-07-12,EMEA,Germany,Grocery,Arabica Beans 1kg,marketplace,3,9.12,0.15,23.26,SMB,5.0
ORD-103516,2024-07-12,North America,Canada,Electronics,Noise Buds,web,1,78.56,0.05,74.63,Consumer,1.0
ORD-100509,2024-07-13,EMEA,Spain,Electronics,Noise Buds,web,4,1081.95,0.2,3462.24,Enterprise,3.0
ORD-100657,2024-07-13,LATAM,Chile,Electronics,4K Monitor,retail,3,120.56,0.15,307.43,SMB,6.0
ORD-101156,2024-07-13,LATAM,Argentina,Sports,Trail Runners,retail,6,257.51,0.0,1545.06,Enterprise,6.0
ORD-102517,2024-07-13,North America,Canada,Grocery,Olive Oil 750ml,web,7,18.81,0.05,125.09,Enterprise,3.0
ORD-103906,2024-07-13,North America,United States,Grocery,Arabica Beans 1kg,retail,2,14.03,0.05,26.66,SMB,
ORD-104037,2024-07-13,EMEA,Spain,Home,Espresso Maker,marketplace,4,90.34,0.0,361.36,Consumer,3.0
ORD-104864,2024-07-13,APAC,Singapore,Home,Cast Iron Pan,web,3,58.48,0.15,149.12,Consumer,5.0
ORD-100893,2024-07-14,North America,Mexico,Grocery,Dark Chocolate 90%,marketplace,1,20.51,0.0,20.51,Consumer,3.0
ORD-102177,2024-07-14,LATAM,Chile,Electronics,4K Monitor,marketplace,3,374.35,0.15,954.59,Consumer,13.0
ORD-103026,2024-07-14,North America,Canada,Electronics,Laptop Air 13,marketplace,1,44.77,0.0,44.77,Consumer,3.0
ORD-103055,2024-07-14,North America,Canada,Grocery,Olive Oil 750ml,marketplace,3,16.64,0.05,47.42,Consumer,1.0
ORD-103872,2024-07-14,EMEA,Germany,Electronics,Laptop Air 13,web,3,373.16,0.3,783.64,SMB,5.0
ORD-100964,2024-07-15,North America,United States,Sports,Carbon Racket,retail,4,61.37,0.0,245.48,Consumer,1.0
ORD-101454,2024-07-15,APAC,Australia,Beauty,Matte Lipstick,web,3,58.25,0.05,166.01,Consumer,11.0
ORD-101638,2024-07-15,North America,United States,Sports,Yoga Mat Pro,retail,7,111.65,0.05,742.47,Enterprise,6.0
ORD-104635,2024-07-15,EMEA,Italy,Grocery,Dark Chocolate 90%,partner,2,17.25,0.0,34.5,Consumer,4.0
ORD-104725,2024-07-15,LATAM,Argentina,Grocery,Arabica Beans 1kg,retail,3,24.51,0.0,73.53,Consumer,10.0
ORD-104735,2024-07-15,APAC,Singapore,Grocery,Arabica Beans 1kg,web,3,25.13,0.1,67.85,Consumer,7.0
ORD-100026,2024-07-16,EMEA,Italy,Electronics,Noise Buds,marketplace,3,250.29,0.0,750.87,Consumer,6.0
ORD-101989,2024-07-16,EMEA,United Kingdom,Sports,Yoga Mat Pro,web,2,89.36,0.0,178.72,Consumer,
ORD-102001,2024-07-16,EMEA,Italy,Beauty,Argan Shampoo,web,2,69.57,0.0,139.14,SMB,5.0
ORD-102083,2024-07-16,North America,United States,Electronics,Noise Buds,partner,6,367.83,0.2,1765.58,Enterprise,6.0
ORD-102232,2024-07-16,APAC,Singapore,Electronics,Smart Watch,marketplace,4,234.7,0.0,938.8,Consumer,6.0
ORD-103982,2024-07-16,APAC,Japan,Grocery,Olive Oil 750ml,web,1,17.35,0.05,16.48,Consumer,4.0
ORD-104162,2024-07-16,North America,United States,Beauty,Matte Lipstick,web,1,53.44,0.0,53.44,Consumer,2.0
ORD-104523,2024-07-16,North America,Mexico,Beauty,Serum Vitamin C,partner,5,43.33,0.15,184.15,Enterprise,1.0
ORD-100111,2024-07-17,North America,Mexico,Sports,Trail Runners,partner,2,54.21,0.2,86.74,SMB,5.0
ORD-100552,2024-07-17,LATAM,Argentina,Home,Espresso Maker,marketplace,2,191.17,0.0,382.34,Consumer,7.0
ORD-100674,2024-07-17,APAC,Japan,Sports,Carbon Racket,marketplace,1,50.59,0.1,45.53,Consumer,9.0
ORD-103164,2024-07-17,North America,Mexico,Sports,Yoga Mat Pro,web,1,216.13,0.05,205.32,SMB,3.0
ORD-104685,2024-07-17,EMEA,Italy,Home,Cotton Duvet,marketplace,1,166.65,0.0,166.65,Consumer,6.0
ORD-104756,2024-07-17,North America,Canada,Home,Cast Iron Pan,web,2,54.3,0.15,92.31,SMB,4.0
ORD-101031,2024-07-18,North America,Canada,Sports,Carbon Racket,web,4,88.33,0.3,247.32,SMB,5.0
ORD-101049,2024-07-18,APAC,India,Home,Cotton Duvet,web,2,97.79,0.0,195.58,Consumer,3.0
ORD-101776,2024-07-18,EMEA,France,Home,Cast Iron Pan,web,3,96.19,0.15,245.28,Consumer,3.0
ORD-102420,2024-07-18,EMEA,Spain,Sports,Yoga Mat Pro,web,1,55.82,0.0,55.82,Consumer,8.0
ORD-102595,2024-07-18,APAC,Australia,Home,Desk Lamp,marketplace,3,73.42,0.1,198.23,Consumer,4.0
ORD-100340,2024-07-19,LATAM,Chile,Home,Cotton Duvet,web,5,19.92,0.05,94.62,Enterprise,10.0
ORD-100550,2024-07-19,North America,United States,Electronics,4K Monitor,marketplace,1,161.82,0.15,137.55,Consumer,1.0
ORD-100881,2024-07-19,North America,Canada,Beauty,Argan Shampoo,partner,3,49.77,0.0,149.31,Consumer,5.0
ORD-102105,2024-07-19,North America,United States,Electronics,Noise Buds,web,4,391.27,0.0,1565.08,Consumer,1.0
ORD-102176,2024-07-19,LATAM,Chile,Grocery,Olive Oil 750ml,web,3,19.85,0.0,59.55,Consumer,8.0
ORD-102535,2024-07-19,EMEA,Spain,Beauty,Serum Vitamin C,web,1,28.0,0.05,26.6,Consumer,6.0
ORD-103174,2024-07-19,North America,United States,Sports,Carbon Racket,retail,6,89.5,0.1,483.3,Consumer,3.0
ORD-103498,2024-07-19,EMEA,Italy,Electronics,4K Monitor,partner,5,510.23,0.0,2551.15,Consumer,5.0
ORD-100583,2024-07-20,North America,Mexico,Grocery,Olive Oil 750ml,retail,1,25.2,0.0,25.2,Consumer,2.0
ORD-101239,2024-07-20,LATAM,Chile,Beauty,Serum Vitamin C,web,2,42.3,0.2,67.68,SMB,7.0
ORD-102710,2024-07-20,APAC,Japan,Home,Desk Lamp,web,3,70.51,0.05,200.95,Consumer,5.0
ORD-102922,2024-07-20,North America,United States,Grocery,Arabica Beans 1kg,partner,3,20.75,0.0,62.25,Consumer,2.0
ORD-103805,2024-07-20,North America,Mexico,Sports,Yoga Mat Pro,partner,3,73.22,0.0,219.66,Consumer,1.0
ORD-104713,2024-07-20,LATAM,Chile,Home,Cast Iron Pan,retail,3,124.38,0.0,373.14,SMB,9.0
ORD-100727,2024-07-21,APAC,India,Beauty,Argan Shampoo,web,1,54.97,0.0,54.97,Consumer,6.0
ORD-100810,2024-07-21,North America,Mexico,Home,Espresso Maker,marketplace,2,120.63,0.0,241.26,Consumer,1.0
ORD-102304,2024-07-21,APAC,Japan,Sports,Trail Runners,marketplace,5,80.39,0.2,321.56,SMB,8.0
ORD-102563,2024-07-21,North America,United States,Home,Desk Lamp,marketplace,2,140.62,0.05,267.18,Consumer,1.0
ORD-102596,2024-07-21,North America,Mexico,Grocery,Dark Chocolate 90%,retail,4,24.43,0.15,83.06,Enterprise,3.0
ORD-103864,2024-07-21,LATAM,Argentina,Sports,Yoga Mat Pro,marketplace,1,138.68,0.0,138.68,Consumer,4.0
ORD-103675,2024-07-22,APAC,India,Sports,Carbon Racket,retail,1,67.38,0.3,47.17,Consumer,7.0
ORD-104061,2024-07-22,EMEA,France,Electronics,4K Monitor,marketplace,11,141.47,0.05,1478.36,Enterprise,5.0
ORD-104897,2024-07-22,EMEA,France,Beauty,Matte Lipstick,web,2,37.97,0.0,75.94,Consumer,2.0
ORD-100616,2024-07-23,APAC,Japan,Grocery,Olive Oil 750ml,marketplace,2,26.75,0.0,53.5,SMB,1.0
ORD-100831,2024-07-23,EMEA,France,Beauty,Serum Vitamin C,marketplace,5,39.65,0.0,198.25,Consumer,5.0
ORD-101476,2024-07-23,North America,Canada,Electronics,Smart Watch,partner,2,184.25,0.15,313.22,Consumer,6.0
ORD-103748,2024-07-23,APAC,Australia,Electronics,4K Monitor,web,3,195.45,0.0,586.35,Consumer,2.0
ORD-104180,2024-07-23,North America,Canada,Grocery,Arabica Beans 1kg,web,1,39.96,0.1,35.96,Consumer,
ORD-104754,2024-07-23,North America,Mexico,Grocery,Olive Oil 750ml,retail,3,15.65,0.1,42.26,Consumer,5.0
ORD-104966,2024-07-23,North America,United States,Electronics,4K Monitor,marketplace,5,222.75,0.1,1002.38,Consumer,4.0
ORD-100654,2024-07-24,North America,United States,Electronics,Laptop Air 13,marketplace,1,355.55,0.0,355.55,Consumer,3.0
ORD-101176,2024-07-24,APAC,Singapore,Beauty,Matte Lipstick,marketplace,1,50.74,0.1,45.67,Consumer,8.0
ORD-102470,2024-07-24,EMEA,Italy,Beauty,Serum Vitamin C,web,3,52.21,0.0,156.63,Consumer,3.0
ORD-102509,2024-07-24,LATAM,Argentina,Beauty,Matte Lipstick,retail,1,87.09,0.05,82.74,Consumer,6.0
ORD-102966,2024-07-24,North America,Mexico,Beauty,Argan Shampoo,partner,2,60.61,0.1,109.1,Consumer,2.0
ORD-103384,2024-07-24,North America,United States,Beauty,Matte Lipstick,web,1,74.31,0.0,74.31,Consumer,2.0
ORD-103860,2024-07-24,North America,Mexico,Grocery,Arabica Beans 1kg,marketplace,2,14.62,0.05,27.78,Consumer,3.0
ORD-104470,2024-07-24,North America,United States,Home,Desk Lamp,partner,1,48.31,0.0,48.31,Consumer,6.0
ORD-104933,2024-07-24,APAC,Australia,Grocery,Arabica Beans 1kg,web,1,21.15,0.0,21.15,Consumer,3.0
ORD-100724,2024-07-25,APAC,India,Sports,Carbon Racket,marketplace,1,99.49,0.0,99.49,Consumer,7.0
ORD-101291,2024-07-25,North America,Canada,Beauty,Matte Lipstick,web,4,88.05,0.1,316.98,Consumer,2.0
ORD-101441,2024-07-25,North America,Canada,Grocery,Olive Oil 750ml,web,4,18.44,0.0,73.76,SMB,2.0
ORD-101491,2024-07-25,North America,Mexico,Sports,Carbon Racket,marketplace,1,63.3,0.0,63.3,Consumer,
ORD-101850,2024-07-25,LATAM,Argentina,Grocery,Dark Chocolate 90%,web,4,19.1,0.05,72.58,Consumer,6.0
ORD-102030,2024-07-25,North America,Canada,Beauty,Argan Shampoo,web,4,25.55,0.1,91.98,Consumer,2.0
ORD-102119,2024-07-25,North America,Mexico,Electronics,Noise Buds,partner,4,274.41,0.05,1042.76,SMB,5.0
ORD-102185,2024-07-25,EMEA,France,Electronics,Noise Buds,web,1,532.26,0.05,505.65,SMB,6.0
ORD-103745,2024-07-25,North America,Canada,Grocery,Olive Oil 750ml,marketplace,2,19.61,0.0,39.22,Consumer,7.0
ORD-100066,2024-07-26,North America,United States,Grocery,Dark Chocolate 90%,web,5,28.31,0.0,141.55,Consumer,2.0
ORD-100862,2024-07-26,North America,Canada,Grocery,Olive Oil 750ml,web,3,30.25,0.2,72.6,Consumer,2.0
ORD-100908,2024-07-26,North America,Mexico,Grocery,Dark Chocolate 90%,web,1,19.48,0.0,19.48,Consumer,1.0
ORD-102536,2024-07-26,EMEA,Germany,Sports,Trail Runners,web,5,93.37,0.05,443.51,Enterprise,5.0
ORD-103044,2024-07-26,APAC,India,Grocery,Arabica Beans 1kg,web,2,18.09,0.0,36.18,Consumer,6.0
ORD-103593,2024-07-26,North America,Mexico,Grocery,Arabica Beans 1kg,marketplace,3,27.39,0.0,82.17,Consumer,7.0
ORD-104410,2024-07-26,APAC,Australia,Home,Cast Iron Pan,marketplace,2,56.0,0.0,112.0,Consumer,10.0
ORD-104459,2024-07-26,APAC,Australia,Home,Cast Iron Pan,web,2,78.88,0.0,157.76,Consumer,2.0
ORD-101642,2024-07-27,EMEA,Italy,Sports,Carbon Racket,marketplace,3,84.96,0.05,242.14,Consumer,8.0
ORD-101947,2024-07-27,EMEA,Spain,Electronics,Laptop Air 13,retail,3,316.19,0.0,948.57,Consumer,
ORD-103465,2024-07-27,North America,Canada,Home,Cast Iron Pan,partner,2,63.07,0.15,107.22,SMB,4.0
ORD-101876,2024-07-28,North America,Mexico,Electronics,Noise Buds,web,6,1079.75,0.05,6154.58,Enterprise,6.0
ORD-101214,2024-07-29,North America,United States,Grocery,Olive Oil 750ml,web,2,16.19,0.0,32.38,Consumer,5.0
ORD-101992,2024-07-29,EMEA,France,Home,Espresso Maker,retail,1,134.58,0.0,134.58,Consumer,4.0
ORD-102316,2024-07-29,North America,United States,Sports,Carbon Racket,web,3,241.98,0.05,689.64,Consumer,3.0
ORD-103456,2024-07-29,North America,United States,Beauty,Argan Shampoo,web,1,37.94,0.05,36.04,Consumer,4.0
ORD-100547,2024-07-30,EMEA,Spain,Grocery,Arabica Beans 1kg,retail,1,22.65,0.15,19.25,Consumer,5.0
ORD-101345,2024-07-30,North America,United States,Beauty,Serum Vitamin C,marketplace,1,45.56,0.0,45.56,SMB,1.0
ORD-102522,2024-07-30,APAC,Japan,Sports,Trail Runners,web,9,134.24,0.05,1147.75,Enterprise,6.0
ORD-102767,2024-07-30,North America,Canada,Beauty,Argan Shampoo,retail,4,50.71,0.2,162.27,Consumer,2.0
ORD-103570,2024-07-30,North America,Canada,Home,Desk Lamp,web,2,103.93,0.1,187.07,Consumer,3.0
ORD-104405,2024-07-30,LATAM,Argentina,Electronics,Smart Watch,retail,1,219.35,0.0,219.35,SMB,11.0
ORD-100006,2024-07-31,North America,Canada,Electronics,Noise Buds,marketplace,2,99.56,0.2,159.3,SMB,3.0
ORD-100475,2024-07-31,North America,Mexico,Beauty,Serum Vitamin C,partner,4,30.37,0.05,115.41,SMB,6.0
ORD-101521,2024-07-31,EMEA,United Kingdom,Electronics,Smart Watch,web,3,722.22,0.0,2166.66,Consumer,5.0
ORD-102414,2024-07-31,LATAM,Chile,Electronics,Noise Buds,partner,4,242.7,0.2,776.64,SMB,5.0
ORD-102603,2024-07-31,North America,United States,Grocery,Olive Oil 750ml,web,1,34.71,0.0,34.71,Consumer,2.0
ORD-103313,2024-07-31,APAC,Singapore,Home,Cotton Duvet,marketplace,2,76.78,0.0,153.56,Consumer,4.0
ORD-103362,2024-07-31,EMEA,France,Home,Cotton Duvet,marketplace,2,104.27,0.0,208.54,Consumer,2.0
ORD-103836,2024-07-31,North America,United States,Electronics,Laptop Air 13,web,1,255.21,0.15,216.93,SMB,7.0
ORD-104390,2024-07-31,LATAM,Chile,Grocery,Dark Chocolate 90%,partner,3,33.73,0.15,86.01,Consumer,12.0
ORD-104855,2024-07-31,APAC,Australia,Electronics,Noise Buds,marketplace,3,391.84,0.1,1057.97,Consumer,4.0
ORD-100541,2024-08-01,APAC,Japan,Grocery,Olive Oil 750ml,marketplace,4,20.16,0.05,76.61,Consumer,4.0
ORD-100639,2024-08-01,LATAM,Brazil,Electronics,Laptop Air 13,retail,1,304.67,0.0,304.67,Consumer,8.0
ORD-100910,2024-08-01,North America,United States,Home,Espresso Maker,marketplace,3,84.99,0.0,254.97,Consumer,4.0
ORD-101099,2024-08-01,North America,Mexico,Grocery,Arabica Beans 1kg,web,3,36.38,0.05,103.68,Consumer,3.0
ORD-101252,2024-08-01,EMEA,Spain,Home,Espresso Maker,web,3,95.84,0.1,258.77,Consumer,2.0
ORD-101321,2024-08-01,North America,Mexico,Sports,Trail Runners,marketplace,2,81.88,0.0,163.76,Consumer,7.0
ORD-102421,2024-08-01,North America,United States,Grocery,Arabica Beans 1kg,marketplace,5,33.58,0.2,134.32,Consumer,5.0
ORD-103411,2024-08-01,North America,United States,Grocery,Dark Chocolate 90%,marketplace,3,22.54,0.0,67.62,Consumer,9.0
ORD-104134,2024-08-01,APAC,Japan,Home,Desk Lamp,web,2,74.1,0.0,148.2,Consumer,6.0
ORD-102260,2024-08-02,APAC,Singapore,Home,Cotton Duvet,partner,5,66.5,0.0,332.5,Consumer,5.0
ORD-103169,2024-08-02,APAC,Australia,Grocery,Dark Chocolate 90%,retail,2,21.5,0.0,43.0,Consumer,8.0
ORD-103437,2024-08-02,North America,United States,Grocery,Arabica Beans 1kg,partner,4,17.84,0.05,67.79,SMB,1.0
ORD-103441,2024-08-02,EMEA,Germany,Sports,Trail Runners,web,1,127.92,0.0,127.92,Consumer,4.0
ORD-104701,2024-08-02,APAC,Singapore,Sports,Carbon Racket,retail,5,222.76,0.3,779.66,SMB,4.0
ORD-104793,2024-08-02,EMEA,Spain,Electronics,Smart Watch,marketplace,3,116.88,0.1,315.58,Consumer,4.0
ORD-104830,2024-08-02,North America,United States,Home,Cotton Duvet,marketplace,1,104.6,0.1,94.14,Consumer,5.0
ORD-100458,2024-08-03,North America,United States,Electronics,4K Monitor,marketplace,3,339.9,0.05,968.71,SMB,2.0
ORD-100829,2024-08-03,APAC,India,Grocery,Arabica Beans 1kg,marketplace,3,27.72,0.0,83.16,Consumer,6.0
ORD-102133,2024-08-03,EMEA,Italy,Home,Desk Lamp,retail,1,78.83,0.15,67.01,Consumer,1.0
ORD-102203,2024-08-03,North America,United States,Sports,Yoga Mat Pro,web,4,301.93,0.0,1207.72,Consumer,1.0
ORD-102722,2024-08-03,APAC,India,Beauty,Argan Shampoo,marketplace,5,28.06,0.15,119.25,SMB,6.0
ORD-103181,2024-08-03,LATAM,Brazil,Electronics,Smart Watch,retail,1,106.64,0.1,95.98,SMB,7.0
ORD-103951,2024-08-03,APAC,Japan,Electronics,Smart Watch,retail,3,273.83,0.05,780.42,SMB,3.0
ORD-101515,2024-08-04,North America,Mexico,Grocery,Dark Chocolate 90%,web,2,17.41,0.3,24.37,SMB,2.0
ORD-101757,2024-08-04,APAC,India,Electronics,4K Monitor,web,2,120.87,0.05,229.65,Consumer,9.0
ORD-101877,2024-08-04,North America,Canada,Electronics,Noise Buds,retail,5,201.75,0.1,907.88,Enterprise,4.0
ORD-103920,2024-08-04,North America,United States,Electronics,Smart Watch,retail,2,267.32,0.05,507.91,Consumer,2.0
ORD-104194,2024-08-04,APAC,Australia,Electronics,Laptop Air 13,partner,5,232.32,0.0,1161.6,SMB,4.0
ORD-100681,2024-08-05,North America,United States,Electronics,Laptop Air 13,retail,3,111.28,0.05,317.15,SMB,4.0
ORD-100868,2024-08-05,APAC,Singapore,Grocery,Dark Chocolate 90%,partner,5,21.99,0.0,109.95,Consumer,7.0
ORD-101666,2024-08-05,APAC,Japan,Electronics,Laptop Air 13,retail,4,286.01,0.3,800.83,Consumer,
ORD-102142,2024-08-05,APAC,India,Electronics,Noise Buds,retail,5,469.69,0.1,2113.6,SMB,7.0
ORD-103062,2024-08-05,North America,Mexico,Grocery,Olive Oil 750ml,web,2,26.76,0.1,48.17,SMB,1.0
ORD-103118,2024-08-05,APAC,Japan,Beauty,Matte Lipstick,web,1,42.5,0.1,38.25,Consumer,10.0
ORD-103785,2024-08-05,EMEA,France,Grocery,Olive Oil 750ml,web,1,16.21,0.1,14.59,SMB,5.0
ORD-104220,2024-08-05,APAC,Japan,Sports,Carbon Racket,retail,3,218.79,0.1,590.73,SMB,11.0
ORD-104398,2024-08-05,APAC,Australia,Electronics,Smart Watch,web,3,100.51,0.0,301.53,Consumer,3.0
ORD-100210,2024-08-06,APAC,Japan,Electronics,Noise Buds,partner,3,272.23,0.05,775.86,SMB,9.0
ORD-100423,2024-08-06,APAC,Australia,Electronics,Smart Watch,marketplace,5,144.71,0.2,578.84,Enterprise,5.0
ORD-101929,2024-08-06,EMEA,Spain,Home,Cast Iron Pan,web,5,207.48,0.15,881.79,Enterprise,3.0
ORD-103666,2024-08-06,North America,United States,Sports,Yoga Mat Pro,retail,7,85.15,0.05,566.25,Enterprise,2.0
ORD-103772,2024-08-06,APAC,Singapore,Grocery,Olive Oil 750ml,web,3,16.57,0.15,42.25,Consumer,8.0
ORD-104337,2024-08-06,APAC,India,Electronics,Laptop Air 13,web,5,203.89,0.1,917.5,Consumer,3.0
ORD-104666,2024-08-06,LATAM,Chile,Sports,Trail Runners,web,3,137.94,0.0,413.82,Consumer,15.0
ORD-100196,2024-08-07,North America,Mexico,Electronics,Smart Watch,marketplace,4,147.14,0.1,529.7,Enterprise,2.0
ORD-100961,2024-08-07,APAC,India,Grocery,Dark Chocolate 90%,marketplace,2,28.52,0.0,57.04,Consumer,10.0
ORD-101401,2024-08-07,EMEA,United Kingdom,Electronics,4K Monitor,web,2,214.03,0.05,406.66,SMB,4.0
ORD-102170,2024-08-07,APAC,India,Grocery,Dark Chocolate 90%,web,2,27.24,0.1,49.03,Consumer,6.0
ORD-102566,2024-08-07,North America,United States,Home,Espresso Maker,web,2,71.01,0.2,113.62,Consumer,3.0
ORD-102789,2024-08-07,North America,Canada,Electronics,Noise Buds,web,4,206.81,0.15,703.15,SMB,3.0
ORD-104224,2024-08-07,LATAM,Argentina,Beauty,Argan Shampoo,web,3,60.56,0.0,181.68,Consumer,3.0
ORD-104656,2024-08-07,APAC,Japan,Home,Cast Iron Pan,web,3,111.64,0.1,301.43,Consumer,3.0
ORD-102826,2024-08-08,North America,Canada,Beauty,Argan Shampoo,web,9,92.84,0.0,835.56,Enterprise,4.0
ORD-103060,2024-08-08,EMEA,United Kingdom,Sports,Trail Runners,marketplace,5,93.29,0.1,419.81,Consumer,7.0
ORD-103907,2024-08-08,EMEA,France,Electronics,Noise Buds,marketplace,3,165.5,0.1,446.85,SMB,4.0
ORD-100428,2024-08-09,North America,United States,Electronics,Laptop Air 13,web,2,210.95,0.1,379.71,Consumer,1.0
ORD-100742,2024-08-09,EMEA,Italy,Beauty,Argan Shampoo,web,1,34.51,0.0,34.51,Consumer,2.0
ORD-100796,2024-08-09,North America,Mexico,Sports,Trail Runners,web,3,381.9,0.05,1088.41,Consumer,1.0
ORD-102836,2024-08-09,North America,United States,Electronics,Noise Buds,web,2,297.6,0.0,595.2,Consumer,2.0
ORD-100257,2024-08-10,EMEA,Germany,Sports,Yoga Mat Pro,web,3,136.5,0.0,409.5,Consumer,6.0
ORD-101197,2024-08-10,North America,Mexico,Beauty,Serum Vitamin C,marketplace,2,50.47,0.05,95.89,Consumer,5.0
ORD-101357,2024-08-10,EMEA,United Kingdom,Electronics,Smart Watch,web,3,413.54,0.0,1240.62,Consumer,7.0
ORD-103708,2024-08-10,APAC,Australia,Sports,Yoga Mat Pro,partner,3,165.33,0.05,471.19,SMB,8.0
ORD-103716,2024-08-10,North America,Mexico,Electronics,Noise Buds,retail,3,208.28,0.05,593.6,Consumer,4.0
ORD-100246,2024-08-11,EMEA,Italy,Electronics,Laptop Air 13,web,2,216.89,0.15,368.71,Consumer,2.0
ORD-101612,2024-08-11,North America,Canada,Electronics,4K Monitor,web,4,309.34,0.0,1237.36,Consumer,2.0
ORD-102294,2024-08-11,North America,United States,Home,Desk Lamp,web,3,63.9,0.0,191.7,Consumer,1.0
ORD-103349,2024-08-11,EMEA,Germany,Electronics,Smart Watch,marketplace,2,280.12,0.0,560.24,Consumer,5.0
ORD-104704,2024-08-11,North America,Canada,Electronics,Laptop Air 13,web,4,96.04,0.0,384.16,Consumer,5.0
ORD-100833,2024-08-12,LATAM,Brazil,Grocery,Olive Oil 750ml,web,2,15.31,0.0,30.62,Consumer,6.0
ORD-101768,2024-08-12,LATAM,Chile,Home,Espresso Maker,marketplace,2,42.53,0.05,80.81,SMB,6.0
ORD-102040,2024-08-12,EMEA,Spain,Home,Espresso Maker,web,7,64.73,0.2,362.49,Enterprise,
ORD-102413,2024-08-12,APAC,Japan,Grocery,Dark Chocolate 90%,partner,3,32.4,0.0,97.2,SMB,
ORD-102675,2024-08-12,North America,United States,Electronics,Laptop Air 13,web,2,274.27,0.0,548.54,Consumer,6.0
ORD-103086,2024-08-12,North America,United States,Grocery,Arabica Beans 1kg,web,3,32.93,0.0,98.79,Consumer,5.0
ORD-104409,2024-08-12,LATAM,Chile,Grocery,Dark Chocolate 90%,retail,4,20.83,0.05,79.15,SMB,7.0
ORD-104446,2024-08-12,EMEA,France,Grocery,Dark Chocolate 90%,retail,2,19.9,0.05,37.81,SMB,3.0
ORD-100110,2024-08-13,North America,United States,Sports,Trail Runners,web,1,204.57,0.05,194.34,Consumer,1.0
ORD-100265,2024-08-13,North America,Canada,Electronics,Laptop Air 13,web,11,109.71,0.1,1086.13,Enterprise,3.0
ORD-100596,2024-08-13,North America,Mexico,Sports,Yoga Mat Pro,web,3,63.29,0.05,180.38,Consumer,3.0
ORD-100784,2024-08-13,APAC,Japan,Sports,Trail Runners,web,2,345.84,0.05,657.1,SMB,7.0
ORD-101700,2024-08-13,North America,Mexico,Grocery,Dark Chocolate 90%,web,2,21.03,0.0,42.06,Consumer,1.0
ORD-102642,2024-08-13,EMEA,United Kingdom,Electronics,Smart Watch,retail,2,91.97,0.0,183.94,SMB,4.0
ORD-104530,2024-08-13,North America,United States,Home,Cotton Duvet,retail,2,59.79,0.2,95.66,Enterprise,4.0
ORD-101644,2024-08-14,APAC,Australia,Electronics,Laptop Air 13,web,2,203.03,0.0,406.06,Consumer,5.0
ORD-102897,2024-08-14,LATAM,Brazil,Home,Cast Iron Pan,marketplace,1,49.83,0.0,49.83,Consumer,6.0
ORD-103531,2024-08-14,EMEA,Italy,Home,Cotton Duvet,marketplace,1,123.44,0.05,117.27,Consumer,2.0
ORD-100113,2024-08-15,North America,Mexico,Beauty,Serum Vitamin C,web,4,55.56,0.0,222.24,Consumer,4.0
ORD-100137,2024-08-15,EMEA,Spain,Electronics,Smart Watch,partner,3,212.79,0.0,638.37,Consumer,3.0
ORD-100494,2024-08-15,APAC,Australia,Beauty,Matte Lipstick,partner,2,38.01,0.0,76.02,Consumer,6.0
ORD-101834,2024-08-15,EMEA,Italy,Electronics,Noise Buds,web,2,125.37,0.0,250.74,Consumer,3.0
ORD-102054,2024-08-15,APAC,Australia,Grocery,Arabica Beans 1kg,partner,2,17.43,0.05,33.12,Consumer,1.0
ORD-103079,2024-08-15,North America,United States,Sports,Trail Runners,web,2,89.31,0.0,178.62,Consumer,1.0
ORD-103457,2024-08-15,EMEA,Spain,Electronics,4K Monitor,marketplace,3,84.16,0.0,252.48,Consumer,1.0
ORD-104360,2024-08-15,APAC,Australia,Sports,Trail Runners,web,2,143.26,0.15,243.54,SMB,4.0
ORD-104519,2024-08-15,EMEA,Italy,Electronics,4K Monitor,retail,3,132.03,0.1,356.48,SMB,3.0
ORD-101033,2024-08-16,EMEA,Germany,Sports,Trail Runners,partner,4,132.66,0.1,477.58,Enterprise,3.0
ORD-101232,2024-08-16,North America,Canada,Sports,Trail Runners,retail,1,93.79,0.3,65.65,Consumer,4.0
ORD-101633,2024-08-16,EMEA,Germany,Home,Espresso Maker,retail,3,43.65,0.0,130.95,Consumer,7.0
ORD-102101,2024-08-16,North America,Mexico,Home,Desk Lamp,retail,4,95.12,0.0,380.48,Consumer,1.0
ORD-102629,2024-08-16,EMEA,Germany,Beauty,Serum Vitamin C,web,2,36.97,0.0,73.94,SMB,6.0
ORD-102883,2024-08-16,North America,Mexico,Beauty,Serum Vitamin C,marketplace,4,36.25,0.0,145.0,SMB,1.0
ORD-103178,2024-08-16,EMEA,Spain,Grocery,Arabica Beans 1kg,retail,2,22.59,0.0,45.18,Consumer,4.0
ORD-103383,2024-08-16,North America,Mexico,Electronics,Laptop Air 13,marketplace,3,152.29,0.1,411.18,Consumer,2.0
ORD-104184,2024-08-16,North America,Canada,Beauty,Matte Lipstick,web,1,46.18,0.0,46.18,SMB,1.0
ORD-104188,2024-08-16,North America,United States,Home,Desk Lamp,web,3,174.91,0.0,524.73,Consumer,1.0
ORD-104999,2024-08-16,North America,United States,Sports,Carbon Racket,marketplace,2,155.43,0.1,279.77,SMB,1.0
ORD-100942,2024-08-17,North America,United States,Beauty,Argan Shampoo,partner,3,21.86,0.0,65.58,SMB,2.0
ORD-101650,2024-08-17,North America,Canada,Electronics,Noise Buds,web,2,227.68,0.2,364.29,Consumer,2.0
ORD-103233,2024-08-17,EMEA,Germany,Electronics,Noise Buds,web,13,519.1,0.15,5736.06,Enterprise,2.0
ORD-100643,2024-08-18,North America,Canada,Sports,Trail Runners,web,3,128.83,0.05,367.17,Consumer,1.0
ORD-102872,2024-08-18,APAC,Singapore,Electronics,Laptop Air 13,marketplace,3,217.6,0.0,652.8,Consumer,10.0
ORD-104191,2024-08-18,EMEA,Italy,Sports,Yoga Mat Pro,web,2,78.32,0.0,156.64,Consumer,7.0
ORD-104907,2024-08-18,North America,United States,Beauty,Serum Vitamin C,retail,1,60.42,0.0,60.42,Consumer,3.0
ORD-104451,2024-08-19,North America,United States,Home,Cast Iron Pan,marketplace,5,106.47,0.0,532.35,Consumer,2.0
ORD-104940,2024-08-19,APAC,Singapore,Beauty,Serum Vitamin C,retail,1,56.87,0.1,51.18,SMB,4.0
ORD-100878,2024-08-20,EMEA,Italy,Electronics,Noise Buds,web,4,197.4,0.0,789.6,SMB,5.0
ORD-101262,2024-08-20,North America,Mexico,Home,Desk Lamp,web,2,122.75,0.2,196.4,Consumer,4.0
ORD-102990,2024-08-20,APAC,Japan,Home,Espresso Maker,web,4,76.95,0.0,307.8,Consumer,8.0
ORD-103277,2024-08-20,North America,Canada,Electronics,Laptop Air 13,partner,2,152.02,0.15,258.43,SMB,4.0
ORD-104429,2024-08-20,APAC,Japan,Electronics,4K Monitor,web,7,85.96,0.1,541.55,Enterprise,3.0
ORD-100558,2024-08-21,EMEA,France,Home,Desk Lamp,web,4,116.32,0.0,465.28,Consumer,3.0
ORD-102579,2024-08-21,North America,Canada,Grocery,Olive Oil 750ml,web,5,22.45,0.1,101.02,Enterprise,3.0
ORD-100467,2024-08-22,North America,Mexico,Sports,Trail Runners,retail,4,147.88,0.1,532.37,Consumer,6.0
ORD-100538,2024-08-22,North America,Mexico,Sports,Trail Runners,web,2,89.33,0.0,178.66,SMB,5.0
ORD-100785,2024-08-22,North America,United States,Beauty,Serum Vitamin C,retail,5,53.74,0.0,268.7,Consumer,3.0
ORD-100876,2024-08-22,APAC,Singapore,Beauty,Matte Lipstick,web,6,89.51,0.15,456.5,Enterprise,4.0
ORD-104912,2024-08-22,LATAM,Chile,Grocery,Dark Chocolate 90%,retail,3,14.15,0.3,29.72,SMB,6.0
ORD-100601,2024-08-23,APAC,Japan,Beauty,Argan Shampoo,marketplace,3,33.2,0.05,94.62,SMB,
ORD-100992,2024-08-23,North America,United States,Sports,Carbon Racket,retail,2,78.38,0.0,156.76,Consumer,4.0
ORD-102266,2024-08-23,North America,United States,Home,Cotton Duvet,partner,3,75.18,0.0,225.54,Consumer,3.0
ORD-102319,2024-08-23,EMEA,Spain,Home,Cast Iron Pan,marketplace,1,63.73,0.0,63.73,Consumer,3.0
ORD-102497,2024-08-23,North America,Canada,Sports,Carbon Racket,web,2,136.96,0.05,260.22,Consumer,1.0
ORD-102526,2024-08-23,LATAM,Brazil,Grocery,Olive Oil 750ml,marketplace,8,29.62,0.1,213.26,Enterprise,7.0
ORD-103376,2024-08-23,LATAM,Brazil,Beauty,Argan Shampoo,web,1,60.31,0.05,57.29,Consumer,11.0
ORD-104544,2024-08-23,EMEA,Germany,Home,Cotton Duvet,web,3,54.73,0.1,147.77,Consumer,4.0
ORD-101096,2024-08-24,North America,United States,Beauty,Serum Vitamin C,retail,2,39.53,0.0,79.06,SMB,1.0
ORD-103063,2024-08-24,North America,Canada,Sports,Carbon Racket,partner,2,57.6,0.0,115.2,SMB,2.0
ORD-103271,2024-08-24,North America,Mexico,Electronics,Laptop Air 13,web,3,112.07,0.15,285.78,Consumer,2.0
ORD-104408,2024-08-24,EMEA,United Kingdom,Sports,Yoga Mat Pro,marketplace,2,492.15,0.0,984.3,SMB,
ORD-101398,2024-08-25,EMEA,Italy,Electronics,Laptop Air 13,retail,4,145.27,0.3,406.76,Consumer,6.0
ORD-101561,2024-08-25,North America,Canada,Home,Cast Iron Pan,marketplace,1,55.41,0.05,52.64,Consumer,1.0
ORD-104148,2024-08-25,North America,United States,Sports,Yoga Mat Pro,web,2,94.09,0.1,169.36,Consumer,5.0
ORD-104151,2024-08-25,EMEA,France,Grocery,Arabica Beans 1kg,web,2,25.32,0.05,48.11,Consumer,3.0
ORD-100082,2024-08-26,LATAM,Chile,Beauty,Argan Shampoo,marketplace,2,114.56,0.15,194.75,Consumer,7.0
ORD-100911,2024-08-26,LATAM,Brazil,Grocery,Dark Chocolate 90%,web,3,28.68,0.0,86.04,Consumer,7.0
ORD-100921,2024-08-26,APAC,Singapore,Beauty,Argan Shampoo,retail,1,43.63,0.0,43.63,Consumer,7.0
ORD-101765,2024-08-26,North America,United States,Electronics,Smart Watch,partner,3,164.56,0.0,493.68,Consumer,2.0
ORD-102663,2024-08-26,North America,Mexico,Sports,Carbon Racket,retail,2,114.0,0.0,228.0,Enterprise,1.0
ORD-103389,2024-08-26,EMEA,Germany,Sports,Yoga Mat Pro,web,4,75.3,0.0,301.2,Consumer,
ORD-100043,2024-08-27,APAC,Japan,Home,Desk Lamp,web,2,76.7,0.2,122.72,Consumer,19.0
ORD-100150,2024-08-27,North America,Mexico,Grocery,Olive Oil 750ml,retail,4,25.43,0.05,96.63,SMB,3.0
ORD-100296,2024-08-27,EMEA,Spain,Electronics,Noise Buds,marketplace,5,153.3,0.0,766.5,Consumer,3.0
ORD-101059,2024-08-27,APAC,India,Grocery,Arabica Beans 1kg,web,2,26.03,0.05,49.46,Consumer,5.0
ORD-101193,2024-08-27,North America,Mexico,Grocery,Dark Chocolate 90%,web,2,31.93,0.0,63.86,Consumer,6.0
ORD-101593,2024-08-27,APAC,Australia,Beauty,Argan Shampoo,web,5,41.37,0.15,175.82,Enterprise,5.0
ORD-103049,2024-08-27,APAC,Japan,Home,Espresso Maker,marketplace,6,113.77,0.15,580.23,SMB,5.0
ORD-104418,2024-08-27,North America,Canada,Home,Espresso Maker,retail,2,55.24,0.1,99.43,SMB,4.0
ORD-100145,2024-08-28,APAC,India,Sports,Yoga Mat Pro,retail,1,51.94,0.0,51.94,Consumer,8.0
ORD-101128,2024-08-28,EMEA,Germany,Electronics,Laptop Air 13,retail,1,243.38,0.0,243.38,Consumer,2.0
ORD-103460,2024-08-28,APAC,Australia,Beauty,Matte Lipstick,web,2,39.33,0.0,78.66,Consumer,3.0
ORD-103482,2024-08-28,LATAM,Brazil,Electronics,Noise Buds,retail,1,147.77,0.05,140.38,Consumer,6.0
ORD-104200,2024-08-28,APAC,India,Electronics,Noise Buds,web,5,262.64,0.0,1313.2,SMB,2.0
ORD-103141,2024-08-29,APAC,Singapore,Electronics,Noise Buds,web,5,497.46,0.0,2487.3,Consumer,3.0
ORD-103955,2024-08-29,North America,Mexico,Grocery,Arabica Beans 1kg,partner,2,17.9,0.1,32.22,SMB,4.0
ORD-104914,2024-08-29,EMEA,Germany,Electronics,Noise Buds,web,2,141.42,0.0,282.84,SMB,1.0
ORD-100556,2024-08-30,APAC,India,Sports,Yoga Mat Pro,web,1,358.79,0.0,358.79,Consumer,8.0
ORD-102003,2024-08-30,North America,Mexico,Sports,Trail Runners,web,2,86.24,0.0,172.48,Consumer,2.0
ORD-103426,2024-08-30,EMEA,Italy,Electronics,4K Monitor,web,2,215.72,0.05,409.87,SMB,6.0
ORD-104204,2024-08-30,North America,United States,Beauty,Serum Vitamin C,retail,3,53.76,0.15,137.09,Consumer,6.0
ORD-104991,2024-08-30,LATAM,Chile,Sports,Yoga Mat Pro,marketplace,3,191.73,0.15,488.91,Consumer,
ORD-100352,2024-08-31,North America,Canada,Home,Cast Iron Pan,partner,1,130.08,0.0,130.08,Consumer,1.0
ORD-102972,2024-08-31,North America,United States,Home,Cotton Duvet,web,9,93.27,0.2,671.54,Enterprise,5.0
ORD-103162,2024-08-31,EMEA,France,Sports,Yoga Mat Pro,marketplace,7,128.93,0.0,902.51,Enterprise,3.0
ORD-103209,2024-08-31,North America,Canada,Home,Cast Iron Pan,retail,3,154.47,0.0,463.41,Consumer,5.0
ORD-104541,2024-08-31,North America,Mexico,Electronics,Laptop Air 13,web,2,315.67,0.1,568.21,Consumer,1.0
ORD-104881,2024-08-31,EMEA,Germany,Electronics,Noise Buds,marketplace,1,197.02,0.0,197.02,Consumer,5.0
ORD-100578,2024-09-01,LATAM,Brazil,Grocery,Dark Chocolate 90%,web,3,20.04,0.2,48.1,Consumer,8.0
ORD-100613,2024-09-01,APAC,India,Sports,Yoga Mat Pro,web,2,74.47,0.1,134.05,Consumer,
ORD-102122,2024-09-01,LATAM,Chile,Home,Cast Iron Pan,web,4,110.81,0.0,443.24,Consumer,7.0
ORD-103223,2024-09-01,North America,United States,Sports,Yoga Mat Pro,web,3,225.34,0.15,574.62,Consumer,4.0
ORD-104179,2024-09-01,APAC,Australia,Electronics,Noise Buds,web,3,366.89,0.0,1100.67,Consumer,8.0
ORD-104333,2024-09-01,North America,Canada,Home,Cast Iron Pan,partner,3,121.56,0.0,364.68,Consumer,1.0
ORD-104604,2024-09-01,North America,United States,Electronics,Laptop Air 13,web,2,184.65,0.0,369.3,Consumer,7.0
ORD-102209,2024-09-02,North America,Canada,Sports,Trail Runners,web,6,93.43,0.0,560.58,Consumer,2.0
ORD-102533,2024-09-02,North America,Canada,Grocery,Dark Chocolate 90%,marketplace,6,22.21,0.15,113.27,Enterprise,3.0
ORD-102890,2024-09-02,North America,United States,Home,Cast Iron Pan,marketplace,7,86.08,0.15,512.18,Enterprise,4.0
ORD-103371,2024-09-02,APAC,Singapore,Home,Espresso Maker,partner,1,68.56,0.0,68.56,Consumer,6.0
ORD-100274,2024-09-03,EMEA,Spain,Home,Cast Iron Pan,web,1,122.53,0.2,98.02,SMB,5.0
ORD-101112,2024-09-03,North America,Canada,Sports,Yoga Mat Pro,web,4,162.68,0.1,585.65,Consumer,2.0
ORD-101240,2024-09-03,LATAM,Brazil,Home,Cotton Duvet,marketplace,4,94.36,0.15,320.82,SMB,9.0
ORD-103606,2024-09-03,North America,United States,Beauty,Matte Lipstick,web,2,29.25,0.0,58.5,Consumer,3.0
ORD-104303,2024-09-03,North America,Mexico,Sports,Yoga Mat Pro,marketplace,5,174.71,0.0,873.55,Consumer,3.0
ORD-104383,2024-09-03,North America,Mexico,Grocery,Dark Chocolate 90%,web,5,30.81,0.15,130.94,Enterprise,6.0
ORD-101052,2024-09-04,EMEA,United Kingdom,Electronics,4K Monitor,marketplace,9,682.0,0.0,6138.0,Enterprise,1.0
ORD-101694,2024-09-04,APAC,Japan,Beauty,Matte Lipstick,marketplace,3,43.63,0.15,111.26,SMB,5.0
ORD-102076,2024-09-04,EMEA,Italy,Electronics,4K Monitor,marketplace,3,398.99,0.0,1196.97,Consumer,6.0
ORD-103820,2024-09-04,EMEA,France,Beauty,Argan Shampoo,retail,3,64.46,0.0,193.38,Consumer,5.0
ORD-104447,2024-09-04,North America,United States,Home,Cast Iron Pan,web,1,96.93,0.0,96.93,SMB,2.0
ORD-100491,2024-09-05,North America,United States,Grocery,Olive Oil 750ml,web,2,21.9,0.1,39.42,SMB,4.0
ORD-101145,2024-09-05,EMEA,Italy,Grocery,Olive Oil 750ml,marketplace,4,25.48,0.15,86.63,Consumer,2.0
ORD-101831,2024-09-05,North America,United States,Electronics,Laptop Air 13,web,4,494.26,0.1,1779.34,Consumer,3.0
ORD-102074,2024-09-05,North America,United States,Electronics,Smart Watch,web,3,455.34,0.0,1366.02,Consumer,5.0
ORD-102653,2024-09-05,LATAM,Argentina,Beauty,Matte Lipstick,partner,2,87.68,0.0,175.36,Consumer,15.0
ORD-103102,2024-09-05,APAC,India,Home,Cast Iron Pan,partner,7,134.91,0.0,944.37,Enterprise,7.0
ORD-103191,2024-09-05,APAC,Japan,Home,Cotton Duvet,marketplace,2,230.16,0.0,460.32,Consumer,7.0
ORD-104391,2024-09-05,North America,United States,Beauty,Argan Shampoo,partner,2,50.01,0.0,100.02,Consumer,1.0
ORD-101267,2024-09-06,APAC,Singapore,Home,Desk Lamp,retail,3,63.23,0.15,161.24,Consumer,7.0
ORD-101536,2024-09-06,APAC,India,Electronics,Smart Watch,web,4,114.7,0.0,458.8,Consumer,6.0
ORD-101582,2024-09-06,North America,United States,Sports,Yoga Mat Pro,marketplace,5,85.54,0.05,406.32,Consumer,7.0
ORD-102514,2024-09-06,North America,Canada,Home,Cast Iron Pan,retail,2,111.42,0.0,222.84,SMB,5.0
ORD-103769,2024-09-06,North America,Mexico,Beauty,Matte Lipstick,partner,1,85.1,0.1,76.59,SMB,5.0
ORD-104249,2024-09-06,LATAM,Argentina,Electronics,Laptop Air 13,retail,5,187.28,0.1,842.76,SMB,8.0
ORD-104813,2024-09-06,APAC,Australia,Beauty,Serum Vitamin C,web,1,32.54,0.1,29.29,Consumer,3.0
ORD-100716,2024-09-07,North America,United States,Electronics,Laptop Air 13,marketplace,4,147.75,0.1,531.9,SMB,5.0
ORD-100926,2024-09-07,North America,Canada,Home,Cast Iron Pan,web,2,71.53,0.15,121.6,SMB,4.0
ORD-102830,2024-09-07,EMEA,France,Electronics,Smart Watch,partner,2,209.38,0.1,376.88,SMB,3.0
ORD-103611,2024-09-07,APAC,Singapore,Beauty,Serum Vitamin C,partner,3,46.68,0.0,140.04,Consumer,4.0
ORD-103734,2024-09-07,North America,United States,Electronics,Smart Watch,web,1,81.99,0.05,77.89,SMB,4.0
ORD-104326,2024-09-07,EMEA,Italy,Beauty,Matte Lipstick,retail,2,42.98,0.0,85.96,Consumer,7.0
ORD-104575,2024-09-07,North America,Canada,Electronics,Noise Buds,web,10,255.45,0.15,2171.32,Enterprise,1.0
ORD-100266,2024-09-09,EMEA,Spain,Home,Desk Lamp,web,1,114.44,0.0,114.44,SMB,5.0
ORD-100294,2024-09-09,EMEA,Italy,Home,Cotton Duvet,retail,1,52.63,0.15,44.74,SMB,2.0
ORD-100741,2024-09-09,North America,Canada,Electronics,Laptop Air 13,partner,1,99.26,0.05,94.3,Consumer,8.0
ORD-101599,2024-09-09,EMEA,United Kingdom,Sports,Carbon Racket,retail,2,153.03,0.15,260.15,Consumer,5.0
ORD-102047,2024-09-09,EMEA,France,Grocery,Dark Chocolate 90%,retail,5,37.4,0.0,187.0,Consumer,
ORD-102395,2024-09-09,APAC,Singapore,Sports,Carbon Racket,web,1,239.19,0.0,239.19,Consumer,1.0
ORD-103269,2024-09-09,North America,Canada,Sports,Yoga Mat Pro,marketplace,3,184.24,0.0,552.72,Consumer,2.0
ORD-103427,2024-09-09,LATAM,Argentina,Beauty,Serum Vitamin C,web,5,39.87,0.1,179.42,Consumer,14.0
ORD-103619,2024-09-09,EMEA,Italy,Electronics,Smart Watch,partner,9,163.24,0.05,1395.7,Enterprise,6.0
ORD-103683,2024-09-09,North America,United States,Electronics,Laptop Air 13,retail,1,212.35,0.0,212.35,Consumer,6.0
ORD-104479,2024-09-09,North America,Mexico,Electronics,Smart Watch,web,2,582.23,0.0,1164.46,Consumer,2.0
ORD-100303,2024-09-10,North America,Mexico,Electronics,4K Monitor,web,2,333.99,0.0,667.98,Consumer,1.0
ORD-102602,2024-09-10,APAC,Australia,Home,Desk Lamp,web,4,45.4,0.3,127.12,Enterprise,5.0
ORD-102786,2024-09-10,EMEA,Germany,Sports,Trail Runners,marketplace,2,72.15,0.05,137.08,SMB,3.0
ORD-103264,2024-09-10,APAC,Singapore,Grocery,Dark Chocolate 90%,web,2,28.06,0.0,56.12,Consumer,6.0
ORD-104723,2024-09-10,North America,Mexico,Beauty,Serum Vitamin C,partner,1,50.85,0.0,50.85,Consumer,1.0
ORD-100437,2024-09-11,LATAM,Chile,Beauty,Matte Lipstick,web,2,45.46,0.3,63.64,Consumer,8.0
ORD-100778,2024-09-11,EMEA,Spain,Home,Cast Iron Pan,marketplace,3,84.52,0.0,253.56,Consumer,4.0
ORD-101878,2024-09-11,APAC,Japan,Electronics,4K Monitor,web,5,331.44,0.0,1657.2,Enterprise,4.0
ORD-103167,2024-09-11,North America,United States,Grocery,Arabica Beans 1kg,retail,9,14.06,0.0,126.54,Enterprise,3.0
ORD-104565,2024-09-11,North America,Mexico,Electronics,4K Monitor,web,4,227.9,0.05,866.02,SMB,
ORD-100471,2024-09-12,North America,Mexico,Home,Desk Lamp,marketplace,2,41.02,0.0,82.04,Consumer,2.0
ORD-100523,2024-09-12,LATAM,Argentina,Sports,Trail Runners,marketplace,4,110.42,0.05,419.6,SMB,10.0
ORD-101631,2024-09-12,APAC,Singapore,Electronics,4K Monitor,web,1,353.2,0.05,335.54,Consumer,4.0
ORD-102330,2024-09-12,EMEA,Germany,Home,Desk Lamp,web,6,111.51,0.1,602.15,Consumer,2.0
ORD-102824,2024-09-12,North America,Canada,Electronics,4K Monitor,retail,2,311.09,0.0,622.18,Consumer,4.0
ORD-103381,2024-09-12,LATAM,Chile,Electronics,Noise Buds,retail,2,173.7,0.05,330.03,SMB,10.0
ORD-103700,2024-09-12,North America,Mexico,Home,Espresso Maker,retail,4,76.77,0.0,307.08,SMB,2.0
ORD-103809,2024-09-12,LATAM,Argentina,Electronics,Noise Buds,marketplace,1,199.13,0.0,199.13,Consumer,16.0
ORD-100359,2024-09-13,EMEA,France,Home,Cast Iron Pan,marketplace,5,86.42,0.0,432.1,Consumer,2.0
ORD-100542,2024-09-13,EMEA,Italy,Home,Cotton Duvet,marketplace,2,154.81,0.2,247.7,Consumer,5.0
ORD-100731,2024-09-13,North America,United States,Home,Cotton Duvet,web,2,77.62,0.0,155.24,Consumer,4.0
ORD-103106,2024-09-13,North America,Canada,Grocery,Arabica Beans 1kg,web,4,12.58,0.05,47.8,Consumer,3.0
ORD-103196,2024-09-13,APAC,India,Grocery,Arabica Beans 1kg,retail,1,19.92,0.0,19.92,Consumer,7.0
ORD-104508,2024-09-13,North America,Mexico,Home,Cast Iron Pan,retail,1,77.33,0.0,77.33,Consumer,1.0
ORD-100663,2024-09-14,APAC,India,Electronics,Noise Buds,web,3,449.82,0.0,1349.46,Consumer,11.0
ORD-101313,2024-09-14,North America,Canada,Electronics,Smart Watch,web,2,99.8,0.05,189.62,Consumer,3.0
ORD-101318,2024-09-14,LATAM,Brazil,Sports,Trail Runners,web,4,91.54,0.1,329.54,Consumer,7.0
ORD-101658,2024-09-14,EMEA,Italy,Grocery,Arabica Beans 1kg,retail,1,12.78,0.05,12.14,Consumer,10.0
ORD-103607,2024-09-14,North America,Canada,Home,Cotton Duvet,retail,4,71.73,0.1,258.23,Consumer,4.0
ORD-104371,2024-09-14,EMEA,Italy,Electronics,Noise Buds,marketplace,4,531.69,0.1,1914.08,Consumer,2.0
ORD-104385,2024-09-14,North America,Mexico,Sports,Yoga Mat Pro,web,5,253.66,0.0,1268.3,Consumer,5.0
ORD-101598,2024-09-15,APAC,Singapore,Beauty,Serum Vitamin C,marketplace,3,92.58,0.2,222.19,SMB,4.0
ORD-102020,2024-09-15,APAC,India,Home,Cotton Duvet,partner,1,62.91,0.05,59.76,Consumer,12.0
ORD-102256,2024-09-15,LATAM,Argentina,Home,Cast Iron Pan,retail,2,68.56,0.0,137.12,Consumer,7.0
ORD-102438,2024-09-15,North America,United States,Beauty,Serum Vitamin C,web,1,100.97,0.1,90.87,Consumer,3.0
ORD-103081,2024-09-15,APAC,India,Sports,Carbon Racket,marketplace,3,122.09,0.05,347.96,Enterprise,10.0
ORD-103252,2024-09-15,North America,Canada,Sports,Yoga Mat Pro,retail,2,94.22,0.0,188.44,SMB,4.0
ORD-100073,2024-09-16,EMEA,Spain,Grocery,Dark Chocolate 90%,web,2,15.12,0.0,30.24,Consumer,4.0
ORD-100170,2024-09-16,North America,Canada,Electronics,4K Monitor,web,3,607.31,0.1,1639.74,Consumer,1.0
ORD-100651,2024-09-16,North America,United States,Beauty,Matte Lipstick,web,1,46.81,0.05,44.47,SMB,4.0
ORD-100990,2024-09-16,EMEA,Italy,Electronics,Noise Buds,retail,1,288.23,0.0,288.23,Consumer,7.0
ORD-101659,2024-09-16,EMEA,Italy,Home,Espresso Maker,marketplace,3,59.71,0.0,179.13,SMB,3.0
ORD-103331,2024-09-16,APAC,Australia,Sports,Yoga Mat Pro,web,2,83.53,0.1,150.35,Consumer,5.0
ORD-100898,2024-09-17,APAC,Japan,Home,Espresso Maker,marketplace,3,114.29,0.05,325.73,SMB,3.0
ORD-101077,2024-09-17,North America,United States,Sports,Carbon Racket,marketplace,9,93.59,0.15,715.96,Enterprise,1.0
ORD-101523,2024-09-17,APAC,India,Home,Cotton Duvet,partner,3,44.96,0.0,134.88,Consumer,14.0
ORD-102363,2024-09-17,APAC,Australia,Home,Cast Iron Pan,retail,3,59.9,0.2,143.76,SMB,
ORD-102983,2024-09-17,North America,Mexico,Grocery,Olive Oil 750ml,retail,2,24.19,0.0,48.38,Consumer,2.0
ORD-103541,2024-09-17,North America,United States,Beauty,Matte Lipstick,web,5,80.36,0.05,381.71,Consumer,4.0
ORD-104269,2024-09-17,North America,Canada,Electronics,Noise Buds,web,2,222.64,0.05,423.02,Consumer,2.0
ORD-104733,2024-09-17,APAC,Singapore,Sports,Carbon Racket,partner,6,81.16,0.3,340.87,Enterprise,2.0
ORD-100913,2024-09-18,North America,Canada,Beauty,Argan Shampoo,partner,3,47.61,0.1,128.55,SMB,4.0
ORD-101331,2024-09-18,LATAM,Chile,Home,Espresso Maker,retail,4,117.08,0.1,421.49,SMB,12.0
ORD-101703,2024-09-18,North America,Mexico,Beauty,Serum Vitamin C,marketplace,3,23.57,0.1,63.64,SMB,2.0
ORD-102422,2024-09-18,North America,Mexico,Grocery,Dark Chocolate 90%,marketplace,2,19.35,0.1,34.83,SMB,6.0
ORD-102584,2024-09-18,North America,Canada,Sports,Trail Runners,retail,2,115.16,0.0,230.32,Consumer,3.0
ORD-103613,2024-09-18,APAC,India,Beauty,Matte Lipstick,retail,6,49.64,0.0,297.84,Enterprise,8.0
ORD-103732,2024-09-18,EMEA,Spain,Electronics,Laptop Air 13,partner,5,522.33,0.0,2611.65,SMB,3.0
ORD-103956,2024-09-18,EMEA,Spain,Beauty,Matte Lipstick,web,4,66.81,0.15,227.15,SMB,5.0
ORD-104047,2024-09-18,North America,Canada,Grocery,Arabica Beans 1kg,marketplace,2,17.42,0.0,34.84,Consumer,1.0
ORD-101316,2024-09-19,North America,Mexico,Electronics,4K Monitor,web,4,282.54,0.0,1130.16,Consumer,2.0
ORD-101444,2024-09-19,North America,Canada,Electronics,Laptop Air 13,marketplace,3,319.32,0.0,957.96,Consumer,2.0
ORD-101760,2024-09-19,North America,United States,Grocery,Dark Chocolate 90%,retail,4,11.71,0.1,42.16,Consumer,2.0
ORD-102619,2024-09-19,North America,Mexico,Electronics,Smart Watch,marketplace,2,202.51,0.1,364.52,Consumer,3.0
ORD-103129,2024-09-19,North America,United States,Sports,Carbon Racket,retail,4,144.15,0.1,518.94,SMB,2.0
ORD-100346,2024-09-20,North America,Mexico,Electronics,Smart Watch,web,5,658.29,0.1,2962.3,Enterprise,6.0
ORD-100617,2024-09-20,APAC,Singapore,Home,Cast Iron Pan,web,4,51.58,0.2,165.06,Enterprise,9.0
ORD-100858,2024-09-20,EMEA,United Kingdom,Electronics,4K Monitor,web,2,424.44,0.05,806.44,SMB,8.0
ORD-101924,2024-09-20,North America,Canada,Electronics,Smart Watch,web,2,429.1,0.1,772.38,Consumer,4.0
ORD-102295,2024-09-20,APAC,Japan,Grocery,Arabica Beans 1kg,web,3,16.41,0.15,41.85,Consumer,9.0
ORD-103094,2024-09-20,North America,Canada,Home,Cotton Duvet,web,9,61.62,0.15,471.39,Enterprise,4.0
ORD-103157,2024-09-20,EMEA,United Kingdom,Beauty,Matte Lipstick,marketplace,2,37.14,0.15,63.14,Consumer,
ORD-103350,2024-09-20,EMEA,Germany,Electronics,Laptop Air 13,retail,10,222.79,0.1,2005.11,Enterprise,5.0
ORD-103369,2024-09-20,LATAM,Argentina,Home,Desk Lamp,web,6,60.45,0.05,344.57,Enterprise,7.0
ORD-103572,2024-09-20,APAC,Singapore,Grocery,Olive Oil 750ml,web,3,13.65,0.0,40.95,Consumer,7.0
ORD-103679,2024-09-20,North America,United States,Home,Desk Lamp,web,7,41.57,0.1,261.89,Enterprise,2.0
ORD-103773,2024-09-20,North America,Canada,Electronics,Smart Watch,web,3,421.1,0.05,1200.14,Consumer,4.0
ORD-104264,2024-09-20,North America,United States,Electronics,Laptop Air 13,partner,2,223.65,0.15,380.2,Consumer,4.0
ORD-100605,2024-09-21,North America,Mexico,Grocery,Dark Chocolate 90%,partner,5,19.63,0.0,98.15,Consumer,2.0
ORD-100923,2024-09-21,North America,Canada,Electronics,Noise Buds,marketplace,2,361.42,0.0,722.84,Consumer,2.0
ORD-103899,2024-09-21,LATAM,Chile,Home,Cotton Duvet,web,3,145.58,0.05,414.9,SMB,4.0
ORD-104875,2024-09-21,North America,Mexico,Sports,Carbon Racket,retail,2,136.84,0.15,232.63,Consumer,3.0
ORD-100106,2024-09-22,North America,Mexico,Beauty,Serum Vitamin C,retail,4,50.54,0.05,192.05,SMB,4.0
ORD-102548,2024-09-22,North America,United States,Sports,Trail Runners,web,4,84.04,0.0,336.16,Consumer,4.0
ORD-102799,2024-09-22,North America,United States,Grocery,Arabica Beans 1kg,web,1,24.98,0.1,22.48,SMB,4.0
ORD-103952,2024-09-22,North America,Mexico,Home,Cotton Duvet,retail,1,47.0,0.05,44.65,SMB,1.0
ORD-104744,2024-09-22,APAC,Japan,Home,Desk Lamp,web,2,93.72,0.0,187.44,SMB,7.0
ORD-101201,2024-09-23,EMEA,United Kingdom,Home,Espresso Maker,marketplace,8,40.93,0.0,327.44,Consumer,7.0
ORD-101857,2024-09-23,North America,Canada,Home,Cast Iron Pan,web,1,57.44,0.1,51.7,SMB,1.0
ORD-102292,2024-09-23,North America,Canada,Sports,Yoga Mat Pro,web,3,57.73,0.2,138.55,SMB,2.0
ORD-102467,2024-09-23,APAC,Singapore,Home,Cast Iron Pan,web,3,95.06,0.0,285.18,Consumer,7.0
ORD-102546,2024-09-23,North America,Canada,Electronics,Laptop Air 13,web,2,241.22,0.0,482.44,Consumer,2.0
ORD-102981,2024-09-23,APAC,Singapore,Electronics,Smart Watch,web,2,229.67,0.0,459.34,Consumer,3.0
ORD-104318,2024-09-23,North America,Mexico,Sports,Carbon Racket,web,4,50.55,0.1,181.98,SMB,3.0
ORD-104839,2024-09-23,EMEA,Italy,Home,Cast Iron Pan,web,1,68.33,0.15,58.08,Consumer,6.0
ORD-104893,2024-09-23,APAC,Australia,Home,Desk Lamp,web,2,54.54,0.1,98.17,Consumer,4.0
ORD-100008,2024-09-24,APAC,India,Grocery,Olive Oil 750ml,web,2,17.63,0.1,31.73,Consumer,9.0
ORD-101344,2024-09-24,North America,Mexico,Sports,Carbon Racket,marketplace,2,140.8,0.0,281.6,Consumer,2.0
ORD-100133,2024-09-25,LATAM,Brazil,Electronics,Laptop Air 13,retail,1,280.89,0.1,252.8,SMB,6.0
ORD-100431,2024-09-25,North America,United States,Grocery,Dark Chocolate 90%,marketplace,3,373.07,0.0,1119.21,SMB,8.0
ORD-101640,2024-09-25,North America,United States,Electronics,Noise Buds,retail,3,129.78,0.05,369.87,SMB,3.0
ORD-103523,2024-09-25,North America,Canada,Electronics,Noise Buds,web,1,588.54,0.0,588.54,Consumer,4.0
ORD-103624,2024-09-25,North America,Mexico,Electronics,Smart Watch,partner,3,74.23,0.1,200.42,Consumer,4.0
ORD-104517,2024-09-25,North America,Mexico,Home,Espresso Maker,marketplace,3,84.43,0.0,253.29,Consumer,3.0
ORD-100093,2024-09-26,North America,Canada,Home,Espresso Maker,retail,1,124.26,0.05,118.05,SMB,5.0
ORD-100119,2024-09-26,APAC,India,Home,Espresso Maker,retail,3,48.19,0.2,115.66,Consumer,2.0
ORD-100151,2024-09-26,EMEA,Italy,Grocery,Dark Chocolate 90%,web,3,27.8,0.0,83.4,SMB,5.0
ORD-102035,2024-09-26,EMEA,Germany,Beauty,Argan Shampoo,partner,6,49.69,0.0,298.14,SMB,2.0
ORD-102135,2024-09-26,APAC,India,Sports,Carbon Racket,retail,2,185.58,0.05,352.6,Consumer,9.0
ORD-102433,2024-09-26,EMEA,Germany,Home,Desk Lamp,retail,4,86.8,0.0,347.2,Consumer,4.0
ORD-102586,2024-09-26,EMEA,United Kingdom,Beauty,Argan Shampoo,retail,8,39.42,0.05,299.59,Enterprise,4.0
ORD-103254,2024-09-26,APAC,Japan,Sports,Yoga Mat Pro,web,4,287.5,0.15,977.5,Enterprise,2.0
ORD-103660,2024-09-26,EMEA,France,Electronics,Smart Watch,partner,1,146.62,0.2,117.3,SMB,1.0
ORD-104174,2024-09-26,LATAM,Brazil,Electronics,Noise Buds,web,5,339.94,0.0,1699.7,SMB,8.0
ORD-100586,2024-09-27,EMEA,United Kingdom,Sports,Carbon Racket,web,1,98.67,0.05,93.74,Consumer,2.0
ORD-100771,2024-09-27,LATAM,Chile,Beauty,Matte Lipstick,marketplace,3,64.16,0.0,192.48,Consumer,8.0
ORD-100957,2024-09-27,EMEA,United Kingdom,Sports,Carbon Racket,retail,4,67.66,0.1,243.58,Consumer,4.0
ORD-101147,2024-09-27,APAC,Japan,Electronics,Laptop Air 13,web,2,228.22,0.0,456.44,Consumer,10.0
ORD-103358,2024-09-27,North America,Canada,Beauty,Serum Vitamin C,marketplace,3,42.62,0.1,115.07,Consumer,3.0
ORD-100553,2024-09-28,EMEA,France,Electronics,Smart Watch,web,4,75.31,0.05,286.18,SMB,1.0
ORD-101452,2024-09-28,APAC,Japan,Beauty,Serum Vitamin C,web,2,41.22,0.0,82.44,Consumer,5.0
ORD-104738,2024-09-28,North America,Canada,Home,Desk Lamp,marketplace,2,62.56,0.0,125.12,Consumer,1.0
ORD-100590,2024-09-29,APAC,Australia,Beauty,Matte Lipstick,web,3,38.59,0.3,81.04,SMB,5.0
ORD-100593,2024-09-29,LATAM,Argentina,Sports,Carbon Racket,retail,3,197.66,0.05,563.33,SMB,5.0
ORD-101616,2024-09-29,EMEA,France,Home,Desk Lamp,web,2,93.8,0.0,187.6,SMB,2.0
ORD-101682,2024-09-29,North America,United States,Home,Desk Lamp,partner,2,87.75,0.0,175.5,Consumer,2.0
ORD-101821,2024-09-29,EMEA,Italy,Home,Cotton Duvet,marketplace,4,110.06,0.0,440.24,Consumer,2.0
ORD-104377,2024-09-29,North America,United States,Electronics,4K Monitor,web,1,440.57,0.05,418.54,SMB,6.0
ORD-104703,2024-09-29,EMEA,Spain,Sports,Yoga Mat Pro,web,3,323.31,0.05,921.43,SMB,5.0
ORD-100563,2024-09-30,EMEA,France,Electronics,Smart Watch,retail,2,218.21,0.0,436.42,Consumer,2.0
ORD-100614,2024-09-30,North America,Mexico,Grocery,Dark Chocolate 90%,web,4,20.41,0.1,73.48,Consumer,1.0
ORD-101279,2024-09-30,North America,United States,Beauty,Serum Vitamin C,marketplace,3,50.46,0.2,121.1,Consumer,5.0
ORD-103234,2024-09-30,APAC,Australia,Home,Cotton Duvet,marketplace,2,45.27,0.0,90.54,Consumer,7.0
ORD-103323,2024-09-30,APAC,India,Beauty,Serum Vitamin C,web,2,63.01,0.0,126.02,Consumer,4.0
ORD-104155,2024-09-30,APAC,Singapore,Grocery,Arabica Beans 1kg,web,10,19.1,0.15,162.35,Enterprise,3.0
ORD-104161,2024-09-30,EMEA,Italy,Beauty,Matte Lipstick,retail,2,46.73,0.0,93.46,Consumer,1.0
ORD-100869,2024-10-01,North America,Mexico,Home,Espresso Maker,web,6,65.86,0.15,335.89,Enterprise,1.0
ORD-102656,2024-10-01,North America,Canada,Beauty,Matte Lipstick,web,2,122.1,0.15,207.57,SMB,2.0
ORD-103232,2024-10-01,APAC,India,Electronics,Noise Buds,marketplace,2,312.79,0.05,594.3,Consumer,7.0
ORD-103436,2024-10-01,APAC,Japan,Sports,Yoga Mat Pro,partner,5,169.02,0.0,845.1,Consumer,3.0
ORD-103813,2024-10-01,LATAM,Brazil,Sports,Carbon Racket,marketplace,1,56.1,0.0,56.1,Consumer,9.0
ORD-100216,2024-10-02,EMEA,Germany,Beauty,Matte Lipstick,web,3,39.73,0.0,119.19,SMB,3.0
ORD-101012,2024-10-02,North America,Mexico,Grocery,Dark Chocolate 90%,web,3,16.17,0.1,43.66,SMB,1.0
ORD-101328,2024-10-02,North America,Mexico,Electronics,Laptop Air 13,web,1,355.64,0.05,337.86,Consumer,4.0
ORD-101732,2024-10-02,North America,Mexico,Electronics,Laptop Air 13,marketplace,3,267.44,0.15,681.97,Consumer,2.0
ORD-102197,2024-10-02,EMEA,Germany,Electronics,Smart Watch,marketplace,13,356.79,0.2,3710.62,Enterprise,6.0
ORD-102424,2024-10-02,APAC,India,Beauty,Argan Shampoo,partner,1,48.99,0.1,44.09,Consumer,11.0
ORD-102590,2024-10-02,North America,Mexico,Home,Cotton Duvet,web,2,160.75,0.0,321.5,Consumer,4.0
ORD-104811,2024-10-02,North America,Mexico,Electronics,4K Monitor,web,2,170.97,0.0,341.94,Consumer,4.0
ORD-100436,2024-10-03,APAC,India,Home,Cotton Duvet,web,7,98.21,0.1,618.72,Enterprise,4.0
ORD-100938,2024-10-03,EMEA,United Kingdom,Electronics,Smart Watch,web,5,280.49,0.0,1402.45,Consumer,4.0
ORD-101058,2024-10-03,EMEA,Germany,Home,Espresso Maker,marketplace,3,84.84,0.05,241.79,Consumer,2.0
ORD-102080,2024-10-03,North America,Mexico,Home,Espresso Maker,retail,5,53.11,0.1,239.0,Consumer,5.0
ORD-102895,2024-10-03,EMEA,Germany,Electronics,Laptop Air 13,web,2,374.48,0.15,636.62,SMB,3.0
ORD-103028,2024-10-03,North America,United States,Home,Espresso Maker,marketplace,4,181.78,0.05,690.76,SMB,4.0
ORD-103210,2024-10-03,APAC,Australia,Sports,Yoga Mat Pro,retail,5,76.99,0.0,384.95,SMB,5.0
ORD-103300,2024-10-03,APAC,India,Beauty,Argan Shampoo,retail,2,28.76,0.1,51.77,SMB,5.0
ORD-100577,2024-10-04,North America,Mexico,Beauty,Serum Vitamin C,web,2,26.49,0.2,42.38,SMB,2.0
ORD-100600,2024-10-04,North America,United States,Home,Cast Iron Pan,web,1,129.77,0.05,123.28,Consumer,
ORD-101020,2024-10-04,LATAM,Argentina,Home,Desk Lamp,partner,2,116.15,0.0,232.3,Consumer,15.0
ORD-101341,2024-10-04,North America,United States,Electronics,4K Monitor,web,2,210.12,0.15,357.2,SMB,1.0
ORD-101622,2024-10-04,North America,Canada,Beauty,Argan Shampoo,web,1,32.94,0.1,29.65,SMB,7.0
ORD-102399,2024-10-04,North America,Canada,Home,Cast Iron Pan,web,3,73.38,0.15,187.12,Consumer,1.0
ORD-103039,2024-10-04,APAC,Australia,Electronics,Smart Watch,web,3,223.34,0.1,603.02,Consumer,3.0
ORD-103399,2024-10-04,EMEA,United Kingdom,Sports,Carbon Racket,marketplace,1,146.09,0.0,146.09,Consumer,3.0
ORD-103509,2024-10-04,North America,Canada,Electronics,Laptop Air 13,marketplace,2,84.31,0.0,168.62,Consumer,4.0
ORD-100585,2024-10-05,EMEA,Germany,Electronics,Laptop Air 13,marketplace,3,91.25,0.0,273.75,Consumer,4.0
ORD-100733,2024-10-05,EMEA,Italy,Home,Cotton Duvet,marketplace,2,76.4,0.0,152.8,Consumer,2.0
ORD-100791,2024-10-05,North America,United States,Electronics,4K Monitor,marketplace,2,129.48,0.05,246.01,Consumer,7.0
ORD-100956,2024-10-05,North America,Canada,Home,Cast Iron Pan,marketplace,8,71.23,0.15,484.36,Enterprise,2.0
ORD-101699,2024-10-05,North America,Mexico,Home,Desk Lamp,web,4,125.98,0.0,503.92,Consumer,6.0
ORD-104639,2024-10-05,EMEA,Germany,Electronics,Noise Buds,retail,1,499.06,0.0,499.06,Consumer,5.0
ORD-101336,2024-10-06,North America,Canada,Electronics,Noise Buds,marketplace,9,146.21,0.05,1250.1,Enterprise,8.0
ORD-101585,2024-10-06,North America,Mexico,Sports,Yoga Mat Pro,web,3,109.27,0.0,327.81,Consumer,5.0
ORD-101893,2024-10-06,LATAM,Brazil,Electronics,Laptop Air 13,web,2,399.15,0.0,798.3,SMB,12.0
ORD-101977,2024-10-06,EMEA,Italy,Electronics,Noise Buds,web,3,224.09,0.05,638.66,Consumer,2.0
ORD-102379,2024-10-06,North America,United States,Sports,Yoga Mat Pro,partner,7,121.11,0.05,805.38,Enterprise,1.0
ORD-103021,2024-10-06,North America,United States,Beauty,Matte Lipstick,retail,3,39.82,0.0,119.46,Consumer,1.0
ORD-104632,2024-10-06,North America,Mexico,Home,Desk Lamp,marketplace,3,162.61,0.0,487.83,Consumer,2.0
ORD-104902,2024-10-06,APAC,India,Electronics,4K Monitor,web,1,286.72,0.0,286.72,Consumer,10.0
ORD-100194,2024-10-07,EMEA,Spain,Electronics,4K Monitor,web,9,218.83,0.05,1871.0,Enterprise,4.0
ORD-100684,2024-10-07,LATAM,Brazil,Home,Espresso Maker,web,2,118.02,0.0,236.04,Consumer,7.0
ORD-100734,2024-10-07,North America,Canada,Electronics,Noise Buds,web,1,534.83,0.0,534.83,Consumer,2.0
ORD-100798,2024-10-07,APAC,Australia,Sports,Yoga Mat Pro,partner,3,126.57,0.3,265.8,Consumer,7.0
ORD-101583,2024-10-07,APAC,Singapore,Sports,Yoga Mat Pro,marketplace,1,189.1,0.0,189.1,SMB,9.0
ORD-103066,2024-10-07,North America,United States,Beauty,Matte Lipstick,retail,5,29.89,0.1,134.5,Consumer,1.0
ORD-103126,2024-10-07,EMEA,Spain,Sports,Carbon Racket,web,1,127.32,0.0,127.32,Consumer,4.0
ORD-103342,2024-10-07,North America,United States,Home,Desk Lamp,web,3,42.41,0.2,101.78,Consumer,4.0
ORD-103530,2024-10-07,North America,Canada,Electronics,Noise Buds,web,1,188.08,0.0,188.08,Consumer,4.0
ORD-103900,2024-10-07,North America,United States,Grocery,Olive Oil 750ml,web,1,26.49,0.1,23.84,SMB,1.0
ORD-104156,2024-10-07,EMEA,Spain,Electronics,Laptop Air 13,retail,2,227.29,0.1,409.12,Consumer,3.0
ORD-100880,2024-10-08,North America,Canada,Sports,Carbon Racket,partner,5,199.25,0.0,996.25,Consumer,5.0
ORD-101672,2024-10-08,EMEA,Germany,Electronics,4K Monitor,web,3,93.88,0.0,281.64,Consumer,5.0
ORD-102814,2024-10-08,North America,United States,Sports,Carbon Racket,marketplace,5,87.65,0.05,416.34,SMB,1.0
ORD-103706,2024-10-08,EMEA,Spain,Electronics,Laptop Air 13,marketplace,2,148.91,0.0,297.82,Consumer,3.0
ORD-104278,2024-10-08,APAC,Japan,Home,Cast Iron Pan,marketplace,2,152.05,0.0,304.1,Consumer,8.0
ORD-104556,2024-10-08,APAC,India,Home,Espresso Maker,web,3,94.06,0.15,239.85,SMB,4.0
ORD-100619,2024-10-09,North America,United States,Home,Espresso Maker,retail,2,56.68,0.05,107.69,Consumer,6.0
ORD-101202,2024-10-09,North America,Canada,Electronics,Smart Watch,web,5,408.63,0.0,2043.15,Enterprise,3.0
ORD-103519,2024-10-09,North America,United States,Beauty,Serum Vitamin C,retail,6,42.38,0.2,203.42,Enterprise,2.0
ORD-103867,2024-10-09,EMEA,United Kingdom,Electronics,Laptop Air 13,marketplace,7,135.37,0.0,947.59,Consumer,5.0
ORD-104430,2024-10-09,EMEA,Italy,Electronics,Noise Buds,web,3,243.86,0.0,731.58,Consumer,4.0
ORD-104846,2024-10-09,North America,Canada,Beauty,Argan Shampoo,marketplace,6,57.5,0.1,310.5,Enterprise,5.0
ORD-100337,2024-10-10,APAC,Australia,Beauty,Argan Shampoo,retail,1,33.33,0.1,30.0,SMB,10.0
ORD-101075,2024-10-10,LATAM,Brazil,Home,Espresso Maker,marketplace,2,133.83,0.0,267.66,Consumer,10.0
ORD-101910,2024-10-10,North America,United States,Grocery,Arabica Beans 1kg,web,2,17.05,0.15,28.98,SMB,3.0
ORD-102902,2024-10-10,North America,United States,Home,Cotton Duvet,partner,2,111.6,0.1,200.88,SMB,1.0
ORD-103163,2024-10-10,North America,Canada,Beauty,Argan Shampoo,marketplace,1,64.63,0.0,64.63,Consumer,2.0
ORD-103197,2024-10-10,North America,United States,Electronics,Noise Buds,retail,3,284.91,0.0,854.73,Enterprise,4.0
ORD-103914,2024-10-10,EMEA,Spain,Home,Espresso Maker,retail,2,83.94,0.05,159.49,SMB,3.0
ORD-104850,2024-10-10,EMEA,Germany,Electronics,Laptop Air 13,retail,1,303.12,0.15,257.65,SMB,2.0
ORD-100943,2024-10-11,North America,Canada,Home,Desk Lamp,web,7,87.1,0.05,579.21,Consumer,3.0
ORD-102069,2024-10-11,EMEA,Germany,Grocery,Arabica Beans 1kg,partner,8,29.27,0.05,222.45,Enterprise,2.0
ORD-102776,2024-10-11,North America,Canada,Sports,Carbon Racket,retail,2,42.65,0.0,85.3,SMB,2.0
ORD-103393,2024-10-11,EMEA,Italy,Grocery,Olive Oil 750ml,web,6,30.47,0.2,146.26,Enterprise,4.0
ORD-104731,2024-10-11,EMEA,Italy,Home,Espresso Maker,partner,8,39.63,0.0,317.04,Enterprise,8.0
ORD-101080,2024-10-12,North America,United States,Sports,Carbon Racket,retail,1,104.33,0.0,104.33,Consumer,1.0
ORD-101326,2024-10-12,North America,Canada,Home,Espresso Maker,retail,2,85.93,0.1,154.67,Consumer,2.0
ORD-102568,2024-10-12,EMEA,United Kingdom,Sports,Carbon Racket,retail,2,140.73,0.05,267.39,Consumer,5.0
ORD-102680,2024-10-12,LATAM,Argentina,Electronics,Laptop Air 13,retail,5,155.36,0.05,737.96,SMB,3.0
ORD-103924,2024-10-12,North America,Canada,Home,Desk Lamp,web,1,44.28,0.15,37.64,SMB,3.0
ORD-104329,2024-10-12,LATAM,Chile,Beauty,Argan Shampoo,web,16,20.5,0.0,328.0,Enterprise,5.0
ORD-100748,2024-10-13,EMEA,Spain,Home,Espresso Maker,marketplace,3,101.52,0.15,258.88,SMB,2.0
ORD-102875,2024-10-13,North America,Canada,Electronics,Smart Watch,retail,4,174.66,0.05,663.71,Consumer,5.0
ORD-104540,2024-10-13,North America,United States,Sports,Carbon Racket,web,3,271.82,0.1,733.91,Consumer,2.0
ORD-100804,2024-10-14,LATAM,Argentina,Electronics,Laptop Air 13,web,2,304.09,0.0,608.18,Consumer,9.0
ORD-100909,2024-10-14,APAC,Australia,Beauty,Matte Lipstick,marketplace,2,35.17,0.1,63.31,SMB,3.0
ORD-102312,2024-10-14,LATAM,Argentina,Sports,Carbon Racket,partner,3,96.31,0.1,260.04,Consumer,9.0
ORD-102604,2024-10-14,North America,Mexico,Electronics,Smart Watch,web,3,132.78,0.0,398.34,Consumer,1.0
ORD-103501,2024-10-14,APAC,India,Sports,Trail Runners,retail,3,125.11,0.1,337.8,Consumer,
ORD-103918,2024-10-14,North America,Canada,Beauty,Serum Vitamin C,web,2,40.15,0.1,72.27,SMB,4.0
ORD-104525,2024-10-14,EMEA,France,Home,Cotton Duvet,retail,2,78.58,0.0,157.16,Consumer,3.0
ORD-104596,2024-10-14,North America,Mexico,Grocery,Olive Oil 750ml,retail,3,33.22,0.0,99.66,Consumer,2.0
ORD-100370,2024-10-15,EMEA,France,Sports,Carbon Racket,retail,4,106.84,0.0,427.36,SMB,5.0
ORD-102715,2024-10-15,North America,United States,Grocery,Dark Chocolate 90%,retail,2,17.37,0.0,34.74,SMB,4.0
ORD-103476,2024-10-15,EMEA,Germany,Beauty,Serum Vitamin C,partner,3,38.13,0.0,114.39,Consumer,3.0
ORD-104957,2024-10-15,North America,Canada,Electronics,Laptop Air 13,web,3,153.15,0.0,459.45,Consumer,4.0
ORD-100588,2024-10-16,North America,Canada,Electronics,Laptop Air 13,web,2,373.37,0.2,597.39,Consumer,4.0
ORD-100718,2024-10-16,North America,United States,Sports,Yoga Mat Pro,retail,2,132.08,0.0,264.16,Consumer,1.0
ORD-101165,2024-10-16,North America,United States,Electronics,Smart Watch,web,2,501.53,0.1,902.75,SMB,6.0
ORD-102199,2024-10-16,EMEA,Italy,Sports,Carbon Racket,web,3,124.48,0.0,373.44,SMB,4.0
ORD-102713,2024-10-16,LATAM,Argentina,Grocery,Arabica Beans 1kg,marketplace,4,18.5,0.1,66.6,Enterprise,4.0
ORD-102877,2024-10-16,North America,Canada,Electronics,Noise Buds,web,7,260.24,0.15,1548.43,Consumer,2.0
ORD-103222,2024-10-16,North America,United States,Grocery,Arabica Beans 1kg,web,3,26.51,0.15,67.6,SMB,3.0
ORD-103834,2024-10-16,North America,Mexico,Electronics,4K Monitor,marketplace,5,198.89,0.05,944.73,SMB,3.0
ORD-100000,2024-10-17,EMEA,Germany,Electronics,Noise Buds,marketplace,3,294.79,0.2,707.5,SMB,7.0
ORD-101552,2024-10-17,EMEA,Spain,Beauty,Argan Shampoo,marketplace,4,47.48,0.05,180.42,SMB,6.0
ORD-103824,2024-10-17,EMEA,Germany,Grocery,Arabica Beans 1kg,web,2,17.02,0.05,32.34,SMB,7.0
ORD-104413,2024-10-17,EMEA,Italy,Beauty,Matte Lipstick,web,2,35.22,0.0,70.44,Consumer,4.0
ORD-104572,2024-10-17,North America,Mexico,Home,Cotton Duvet,web,7,49.13,0.1,309.52,Enterprise,1.0
ORD-104741,2024-10-17,North America,Canada,Grocery,Olive Oil 750ml,web,2,27.15,0.1,48.87,SMB,3.0
ORD-104994,2024-10-17,APAC,India,Beauty,Serum Vitamin C,web,2,47.28,0.0,94.56,Consumer,4.0
ORD-100371,2024-10-18,LATAM,Brazil,Beauty,Argan Shampoo,web,3,34.16,0.0,102.48,Consumer,9.0
ORD-100817,2024-10-18,North America,Canada,Home,Espresso Maker,partner,1,108.89,0.05,103.45,SMB,1.0
ORD-101001,2024-10-18,North America,Mexico,Sports,Yoga Mat Pro,retail,7,189.11,0.15,1125.2,Enterprise,4.0
ORD-101918,2024-10-18,APAC,India,Home,Cast Iron Pan,partner,5,48.05,0.1,216.22,Consumer,8.0
ORD-101951,2024-10-18,EMEA,Germany,Sports,Trail Runners,retail,5,230.92,0.2,923.68,Enterprise,3.0
ORD-102391,2024-10-18,North America,Mexico,Home,Cotton Duvet,marketplace,4,78.37,0.05,297.81,Consumer,1.0
ORD-102442,2024-10-18,North America,Canada,Grocery,Olive Oil 750ml,marketplace,4,16.31,0.05,61.98,Consumer,1.0
ORD-102738,2024-10-18,North America,United States,Beauty,Matte Lipstick,web,2,49.29,0.0,98.58,Consumer,2.0
ORD-103078,2024-10-18,EMEA,Spain,Beauty,Serum Vitamin C,partner,2,78.26,0.0,156.52,SMB,4.0
ORD-103494,2024-10-18,North America,United States,Home,Desk Lamp,retail,4,29.4,0.0,117.6,Enterprise,2.0
ORD-103663,2024-10-18,North America,Mexico,Home,Cast Iron Pan,retail,8,97.8,0.1,704.16,Enterprise,3.0
ORD-100517,2024-10-19,North America,Canada,Electronics,Laptop Air 13,marketplace,4,168.22,0.1,605.59,Consumer,3.0
ORD-101005,2024-10-19,North America,Mexico,Home,Cotton Duvet,web,1,136.13,0.05,129.32,Consumer,3.0
ORD-102886,2024-10-19,North America,United States,Grocery,Dark Chocolate 90%,web,3,16.24,0.0,48.72,Consumer,3.0
ORD-100625,2024-10-20,North America,United States,Sports,Carbon Racket,web,3,88.48,0.05,252.17,Consumer,4.0
ORD-101306,2024-10-20,APAC,Japan,Home,Cotton Duvet,retail,2,66.71,0.0,133.42,Consumer,4.0
ORD-101311,2024-10-20,EMEA,Italy,Home,Espresso Maker,partner,4,104.61,0.0,418.44,Consumer,3.0
ORD-102666,2024-10-20,EMEA,Germany,Electronics,4K Monitor,marketplace,3,107.18,0.0,321.54,SMB,5.0
ORD-102869,2024-10-20,North America,United States,Beauty,Matte Lipstick,partner,2,75.16,0.15,127.77,Consumer,1.0
ORD-103050,2024-10-20,North America,Canada,Home,Cotton Duvet,retail,4,109.2,0.0,436.8,Consumer,2.0
ORD-103576,2024-10-20,North America,United States,Electronics,Laptop Air 13,web,4,220.04,0.1,792.14,Consumer,2.0
ORD-103737,2024-10-20,EMEA,Germany,Sports,Trail Runners,web,4,163.38,0.0,653.52,Consumer,2.0
ORD-103877,2024-10-20,LATAM,Argentina,Home,Cotton Duvet,marketplace,11,147.5,0.1,1460.25,Enterprise,4.0
ORD-104053,2024-10-20,APAC,Singapore,Grocery,Olive Oil 750ml,marketplace,2,35.21,0.05,66.9,Consumer,5.0
ORD-104139,2024-10-20,North America,Mexico,Beauty,Argan Shampoo,retail,2,72.28,0.1,130.1,Consumer,2.0
ORD-104726,2024-10-20,North America,Canada,Electronics,Laptop Air 13,marketplace,7,179.73,0.15,1069.39,Enterprise,2.0
ORD-100028,2024-10-21,APAC,Japan,Grocery,Olive Oil 750ml,web,5,21.34,0.0,106.7,Consumer,6.0
ORD-101221,2024-10-21,North America,Mexico,Beauty,Argan Shampoo,web,8,26.45,0.0,211.6,Enterprise,4.0
ORD-102187,2024-10-21,EMEA,Spain,Electronics,Noise Buds,web,4,164.51,0.0,658.04,Enterprise,4.0
ORD-102378,2024-10-21,North America,Mexico,Sports,Yoga Mat Pro,marketplace,3,88.94,0.05,253.48,SMB,3.0
ORD-102431,2024-10-21,EMEA,France,Sports,Yoga Mat Pro,partner,2,166.89,0.2,267.02,SMB,6.0
ORD-104736,2024-10-21,North America,Canada,Sports,Yoga Mat Pro,web,13,137.08,0.05,1692.94,Enterprise,4.0
ORD-100152,2024-10-22,LATAM,Argentina,Grocery,Olive Oil 750ml,retail,3,21.58,0.0,64.74,SMB,9.0
ORD-100745,2024-10-22,LATAM,Chile,Home,Desk Lamp,web,3,110.37,0.05,314.55,Consumer,6.0
ORD-101246,2024-10-22,EMEA,Italy,Home,Cast Iron Pan,marketplace,4,52.56,0.3,147.17,Enterprise,4.0
ORD-102193,2024-10-22,EMEA,France,Home,Desk Lamp,retail,2,96.48,0.05,183.31,SMB,
ORD-102215,2024-10-22,North America,Mexico,Sports,Yoga Mat Pro,retail,3,114.63,0.15,292.31,Consumer,3.0
ORD-103240,2024-10-22,APAC,Australia,Beauty,Argan Shampoo,marketplace,1,26.35,0.0,26.35,Consumer,5.0
ORD-104065,2024-10-22,APAC,Japan,Beauty,Matte Lipstick,retail,4,40.37,0.05,153.41,Consumer,3.0
ORD-104814,2024-10-22,LATAM,Argentina,Electronics,Noise Buds,web,1,96.31,0.0,96.31,Consumer,15.0
ORD-100941,2024-10-23,EMEA,United Kingdom,Home,Desk Lamp,marketplace,4,130.49,0.15,443.67,Consumer,4.0
ORD-102496,2024-10-23,North America,Canada,Home,Cast Iron Pan,web,1,100.79,0.05,95.75,SMB,6.0
ORD-102641,2024-10-23,North America,United States,Grocery,Olive Oil 750ml,marketplace,1,19.31,0.05,18.34,Consumer,3.0
ORD-102965,2024-10-23,APAC,Singapore,Sports,Carbon Racket,partner,3,139.87,0.0,419.61,Consumer,7.0
ORD-103439,2024-10-23,EMEA,France,Grocery,Dark Chocolate 90%,web,2,21.73,0.05,41.29,Consumer,9.0
ORD-104378,2024-10-23,APAC,India,Home,Espresso Maker,web,3,62.91,0.0,188.73,Consumer,5.0
ORD-104384,2024-10-23,LATAM,Argentina,Grocery,Arabica Beans 1kg,marketplace,7,17.0,0.15,101.15,Enterprise,5.0
ORD-104919,2024-10-23,APAC,Japan,Home,Cotton Duvet,marketplace,2,99.73,0.0,199.46,Consumer,14.0
ORD-101496,2024-10-24,EMEA,Spain,Electronics,Smart Watch,web,3,94.75,0.1,255.82,SMB,5.0
ORD-101759,2024-10-24,North America,United States,Grocery,Dark Chocolate 90%,web,3,12.34,0.05,35.17,SMB,1.0
ORD-101835,2024-10-24,North America,Canada,Sports,Trail Runners,marketplace,4,118.78,0.0,475.12,Consumer,3.0
ORD-101921,2024-10-24,APAC,Singapore,Beauty,Serum Vitamin C,web,2,29.79,0.0,59.58,SMB,8.0
ORD-101952,2024-10-24,APAC,Japan,Electronics,Noise Buds,partner,3,332.07,0.1,896.59,SMB,8.0
ORD-102397,2024-10-24,North America,Mexico,Electronics,Smart Watch,marketplace,2,86.89,0.05,165.09,Consumer,3.0
ORD-102781,2024-10-24,EMEA,United Kingdom,Home,Espresso Maker,web,2,108.06,0.0,216.12,Consumer,3.0
ORD-102849,2024-10-24,North America,United States,Home,Espresso Maker,web,1,100.94,0.0,100.94,Consumer,2.0
ORD-103448,2024-10-24,North America,United States,Home,Espresso Maker,web,1,161.84,0.15,137.56,Consumer,3.0
ORD-103454,2024-10-24,APAC,Australia,Home,Cotton Duvet,partner,3,84.08,0.1,227.02,SMB,6.0
ORD-104081,2024-10-24,North America,Canada,Home,Cast Iron Pan,web,2,180.52,0.05,342.99,Consumer,8.0
ORD-104956,2024-10-24,EMEA,France,Beauty,Matte Lipstick,retail,2,47.85,0.1,86.13,SMB,4.0
ORD-100631,2024-10-25,LATAM,Chile,Home,Espresso Maker,web,5,96.09,0.3,336.32,Enterprise,10.0
ORD-101286,2024-10-25,EMEA,Spain,Home,Espresso Maker,web,2,43.66,0.15,74.22,SMB,4.0
ORD-101466,2024-10-25,LATAM,Brazil,Home,Espresso Maker,web,3,122.3,0.05,348.55,SMB,10.0
ORD-102111,2024-10-25,EMEA,United Kingdom,Beauty,Argan Shampoo,retail,3,44.24,0.1,119.45,Consumer,3.0
ORD-102148,2024-10-25,North America,Canada,Home,Cotton Duvet,web,2,105.32,0.0,210.64,Consumer,4.0
ORD-103270,2024-10-25,North America,United States,Grocery,Olive Oil 750ml,web,3,15.96,0.0,47.88,Consumer,5.0
ORD-103408,2024-10-25,North America,United States,Electronics,Laptop Air 13,retail,6,86.06,0.0,516.36,SMB,2.0
ORD-104165,2024-10-25,EMEA,United Kingdom,Home,Desk Lamp,web,2,77.79,0.1,140.02,SMB,4.0
ORD-104642,2024-10-25,EMEA,United Kingdom,Beauty,Argan Shampoo,web,1,25.55,0.1,23.0,Consumer,2.0
ORD-100015,2024-10-26,EMEA,United Kingdom,Beauty,Matte Lipstick,web,3,26.03,0.15,66.38,Consumer,3.0
ORD-100309,2024-10-26,North America,United States,Home,Espresso Maker,retail,4,117.48,0.05,446.42,Consumer,5.0
ORD-101826,2024-10-26,North America,United States,Grocery,Dark Chocolate 90%,marketplace,3,25.34,0.0,76.02,Consumer,4.0
ORD-102790,2024-10-26,EMEA,Italy,Beauty,Serum Vitamin C,web,3,54.09,0.05,154.16,Consumer,2.0
ORD-103170,2024-10-26,North America,Canada,Grocery,Arabica Beans 1kg,marketplace,2,16.28,0.0,32.56,SMB,6.0
ORD-103947,2024-10-26,EMEA,Spain,Home,Espresso Maker,retail,1,71.52,0.0,71.52,Consumer,6.0
ORD-104687,2024-10-26,EMEA,Italy,Grocery,Dark Chocolate 90%,web,1,20.11,0.1,18.1,Consumer,3.0
ORD-104982,2024-10-26,EMEA,France,Grocery,Arabica Beans 1kg,web,4,28.83,0.1,103.79,Consumer,7.0
ORD-100764,2024-10-27,LATAM,Chile,Electronics,Smart Watch,retail,2,261.04,0.1,469.87,Consumer,8.0
ORD-101204,2024-10-27,LATAM,Brazil,Electronics,4K Monitor,marketplace,3,194.67,0.05,554.81,Consumer,6.0
ORD-101770,2024-10-27,North America,Canada,Electronics,Smart Watch,web,2,667.25,0.0,1334.5,Enterprise,2.0
ORD-101810,2024-10-27,North America,Canada,Home,Espresso Maker,web,3,162.0,0.0,486.0,Consumer,4.0
ORD-103462,2024-10-27,North America,United States,Electronics,Noise Buds,web,2,178.57,0.0,357.14,SMB,3.0
ORD-103647,2024-10-27,EMEA,Italy,Electronics,Laptop Air 13,web,4,422.38,0.05,1605.04,SMB,4.0
ORD-103927,2024-10-27,EMEA,France,Grocery,Olive Oil 750ml,retail,2,27.61,0.0,55.22,Consumer,4.0
ORD-103963,2024-10-27,North America,United States,Home,Cotton Duvet,web,4,187.93,0.05,714.13,Consumer,3.0
ORD-100031,2024-10-28,North America,Mexico,Electronics,Laptop Air 13,web,3,126.66,0.0,379.98,Consumer,1.0
ORD-101241,2024-10-28,EMEA,Germany,Electronics,Laptop Air 13,marketplace,9,277.75,0.1,2249.78,Enterprise,5.0
ORD-101767,2024-10-28,North America,United States,Beauty,Argan Shampoo,marketplace,3,41.1,0.0,123.3,Consumer,2.0
ORD-102051,2024-10-28,APAC,Singapore,Home,Espresso Maker,web,3,43.08,0.0,129.24,Consumer,12.0
ORD-102693,2024-10-28,APAC,India,Home,Cotton Duvet,retail,12,78.3,0.2,751.68,Enterprise,4.0
ORD-103819,2024-10-28,EMEA,Italy,Home,Espresso Maker,web,6,89.99,0.05,512.94,SMB,3.0
ORD-103854,2024-10-28,APAC,India,Home,Espresso Maker,retail,8,53.32,0.05,405.23,Enterprise,7.0
ORD-104438,2024-10-28,EMEA,Spain,Beauty,Serum Vitamin C,retail,3,70.77,0.0,212.31,SMB,7.0
ORD-104595,2024-10-28,APAC,India,Beauty,Argan Shampoo,marketplace,4,64.39,0.0,257.56,SMB,5.0
ORD-100023,2024-10-29,North America,Canada,Sports,Trail Runners,retail,2,132.53,0.0,265.06,Consumer,
ORD-100940,2024-10-29,North America,Canada,Grocery,Arabica Beans 1kg,partner,2,31.81,0.0,63.62,SMB,2.0
ORD-101276,2024-10-29,APAC,Australia,Grocery,Arabica Beans 1kg,partner,6,31.96,0.0,191.76,Consumer,5.0
ORD-101393,2024-10-29,EMEA,France,Sports,Yoga Mat Pro,partner,2,180.08,0.1,324.14,SMB,5.0
ORD-101865,2024-10-29,APAC,Singapore,Home,Desk Lamp,retail,4,66.58,0.05,253.0,Consumer,7.0
ORD-102589,2024-10-29,APAC,Australia,Beauty,Serum Vitamin C,web,2,35.97,0.0,71.94,Consumer,4.0
ORD-103587,2024-10-29,North America,Canada,Sports,Carbon Racket,web,2,287.52,0.0,575.04,Consumer,2.0
ORD-103630,2024-10-29,EMEA,Germany,Beauty,Argan Shampoo,marketplace,8,33.62,0.2,215.17,Enterprise,2.0
ORD-103763,2024-10-29,APAC,India,Grocery,Arabica Beans 1kg,retail,1,13.52,0.05,12.84,SMB,3.0
ORD-101862,2024-10-30,North America,United States,Home,Desk Lamp,marketplace,5,76.89,0.05,365.23,Enterprise,7.0
ORD-102044,2024-10-30,APAC,India,Home,Cast Iron Pan,retail,2,89.28,0.1,160.7,Consumer,4.0
ORD-102409,2024-10-30,EMEA,France,Electronics,Smart Watch,marketplace,2,288.93,0.05,548.97,SMB,2.0
ORD-100108,2024-10-31,APAC,Japan,Electronics,Noise Buds,marketplace,9,188.93,0.1,1530.33,Enterprise,5.0
ORD-103610,2024-10-31,North America,United States,Beauty,Serum Vitamin C,web,2,20.93,0.05,39.77,SMB,3.0
ORD-103917,2024-10-31,EMEA,Italy,Home,Cast Iron Pan,web,5,110.08,0.05,522.88,Consumer,6.0
ORD-104029,2024-10-31,EMEA,Germany,Home,Espresso Maker,web,8,125.21,0.15,851.43,Enterprise,4.0
ORD-104068,2024-10-31,APAC,Singapore,Sports,Carbon Racket,partner,1,122.5,0.15,104.12,Consumer,4.0
ORD-104195,2024-10-31,EMEA,Spain,Home,Cast Iron Pan,web,1,50.32,0.15,42.77,SMB,2.0
ORD-104279,2024-10-31,North America,Canada,Beauty,Serum Vitamin C,web,2,56.22,0.15,95.57,SMB,5.0
ORD-100314,2024-11-01,North America,Canada,Electronics,Noise Buds,web,3,203.71,0.0,611.13,Consumer,2.0
ORD-100380,2024-11-01,APAC,Australia,Beauty,Argan Shampoo,marketplace,2,24.18,0.0,48.36,Consumer,5.0
ORD-101419,2024-11-01,North America,Mexico,Electronics,Laptop Air 13,web,2,191.64,0.0,383.28,SMB,5.0
ORD-101472,2024-11-01,APAC,Australia,Electronics,Noise Buds,retail,2,201.58,0.0,403.16,Consumer,7.0
ORD-101620,2024-11-01,EMEA,Germany,Home,Cast Iron Pan,marketplace,3,84.68,0.05,241.34,SMB,4.0
ORD-102347,2024-11-01,North America,Mexico,Sports,Yoga Mat Pro,marketplace,3,102.67,0.0,308.01,Consumer,4.0
ORD-104049,2024-11-01,EMEA,Germany,Grocery,Arabica Beans 1kg,marketplace,5,14.03,0.05,66.64,Consumer,1.0
ORD-104466,2024-11-01,North America,United States,Home,Cast Iron Pan,marketplace,6,88.47,0.0,530.82,Consumer,4.0
ORD-104976,2024-11-01,North America,Canada,Grocery,Arabica Beans 1kg,web,1,20.48,0.0,20.48,Consumer,3.0
ORD-100033,2024-11-02,North America,United States,Sports,Trail Runners,web,3,239.35,0.05,682.15,Consumer,3.0
ORD-100725,2024-11-02,APAC,Australia,Sports,Carbon Racket,marketplace,2,34.21,0.1,61.58,Consumer,6.0
ORD-101123,2024-11-02,North America,Mexico,Electronics,Laptop Air 13,marketplace,3,145.91,0.0,437.73,Consumer,2.0
ORD-101489,2024-11-02,North America,United States,Home,Espresso Maker,web,5,86.08,0.15,365.84,SMB,7.0
ORD-101601,2024-11-02,EMEA,United Kingdom,Sports,Trail Runners,marketplace,3,117.33,0.1,316.79,SMB,8.0
ORD-101811,2024-11-02,EMEA,Italy,Electronics,Noise Buds,marketplace,10,159.34,0.2,1274.72,Enterprise,8.0
ORD-103661,2024-11-02,North America,United States,Electronics,Smart Watch,marketplace,3,194.43,0.0,583.29,Consumer,4.0
ORD-103674,2024-11-02,APAC,Singapore,Home,Cast Iron Pan,web,1,83.83,0.0,83.83,Consumer,12.0
ORD-100014,2024-11-03,EMEA,United Kingdom,Home,Cast Iron Pan,web,3,168.12,0.15,428.71,Consumer,
ORD-100983,2024-11-03,APAC,India,Beauty,Argan Shampoo,marketplace,2,42.72,0.15,72.62,Consumer,4.0
ORD-101334,2024-11-03,North America,Canada,Electronics,Noise Buds,partner,2,129.07,0.0,258.14,SMB,3.0
ORD-102082,2024-11-03,EMEA,United Kingdom,Home,Cotton Duvet,web,1,137.21,0.1,123.49,SMB,7.0
ORD-102515,2024-11-03,EMEA,Spain,Electronics,Noise Buds,retail,2,88.42,0.0,176.84,SMB,
ORD-102754,2024-11-03,LATAM,Brazil,Home,Desk Lamp,web,2,85.6,0.1,154.08,Consumer,5.0
ORD-103612,2024-11-03,EMEA,Italy,Home,Cast Iron Pan,retail,4,120.96,0.05,459.65,SMB,7.0
ORD-104201,2024-11-03,EMEA,Italy,Home,Cast Iron Pan,web,2,59.22,0.05,112.52,Consumer,3.0
ORD-104242,2024-11-03,North America,Canada,Sports,Trail Runners,retail,3,109.02,0.15,278.0,Consumer,2.0
ORD-104520,2024-11-03,North America,Canada,Beauty,Serum Vitamin C,web,3,34.08,0.0,102.24,Consumer,3.0
ORD-104920,2024-11-03,North America,Mexico,Beauty,Matte Lipstick,web,2,30.33,0.1,54.59,Consumer,2.0
ORD-101684,2024-11-04,LATAM,Brazil,Grocery,Dark Chocolate 90%,web,4,22.35,0.05,84.93,Consumer,6.0
ORD-102253,2024-11-04,North America,United States,Beauty,Serum Vitamin C,web,7,46.39,0.1,292.26,SMB,3.0
ORD-102475,2024-11-04,EMEA,Germany,Home,Cotton Duvet,retail,2,84.62,0.0,169.24,SMB,8.0
ORD-103040,2024-11-04,EMEA,France,Electronics,Noise Buds,web,3,229.62,0.2,551.09,SMB,5.0
ORD-103445,2024-11-04,EMEA,France,Home,Cotton Duvet,retail,3,108.08,0.0,324.24,Consumer,3.0
ORD-103468,2024-11-04,EMEA,Spain,Sports,Yoga Mat Pro,web,1,102.45,0.0,102.45,Consumer,2.0
ORD-103935,2024-11-04,APAC,Japan,Electronics,Smart Watch,retail,1,128.9,0.0,128.9,Consumer,5.0
ORD-104296,2024-11-04,EMEA,United Kingdom,Grocery,Arabica Beans 1kg,marketplace,5,29.18,0.1,131.31,SMB,4.0
ORD-100051,2024-11-05,North America,United States,Grocery,Olive Oil 750ml,marketplace,2,16.03,0.1,28.85,SMB,2.0
ORD-100280,2024-11-05,APAC,Japan,Sports,Carbon Racket,web,4,186.95,0.0,747.8,Consumer,10.0
ORD-100298,2024-11-05,North America,Canada,Grocery,Olive Oil 750ml,web,6,33.47,0.1,180.74,SMB,2.0
ORD-102257,2024-11-05,EMEA,Italy,Sports,Carbon Racket,web,10,120.82,0.0,1208.2,Enterprise,5.0
ORD-102321,2024-11-05,EMEA,France,Electronics,Noise Buds,web,2,309.81,0.0,619.62,Consumer,3.0
ORD-103830,2024-11-05,APAC,Australia,Home,Espresso Maker,marketplace,2,161.5,0.0,323.0,SMB,7.0
ORD-104353,2024-11-05,North America,United States,Home,Cotton Duvet,web,4,131.43,0.15,446.86,Enterprise,3.0
ORD-100252,2024-11-06,North America,Canada,Beauty,Argan Shampoo,partner,4,38.65,0.2,123.68,Consumer,4.0
ORD-100958,2024-11-06,North America,United States,Sports,Yoga Mat Pro,web,2,163.57,0.05,310.78,Consumer,2.0
ORD-101273,2024-11-06,North America,Mexico,Home,Desk Lamp,marketplace,2,56.6,0.0,113.2,SMB,1.0
ORD-101711,2024-11-06,North America,United States,Sports,Yoga Mat Pro,marketplace,6,44.54,0.0,267.24,SMB,1.0
ORD-102227,2024-11-06,EMEA,Spain,Home,Espresso Maker,web,5,69.59,0.15,295.76,Consumer,6.0
ORD-102647,2024-11-06,North America,Mexico,Grocery,Olive Oil 750ml,marketplace,1,18.83,0.0,18.83,Consumer,2.0
ORD-102745,2024-11-06,North America,United States,Electronics,Noise Buds,retail,8,447.22,0.15,3041.1,Enterprise,3.0
ORD-103497,2024-11-06,EMEA,United Kingdom,Electronics,Noise Buds,retail,8,114.63,0.15,779.48,Enterprise,2.0
ORD-100087,2024-11-07,APAC,Japan,Home,Espresso Maker,web,1,58.28,0.0,58.28,Consumer,5.0
ORD-100508,2024-11-07,North America,Canada,Beauty,Matte Lipstick,web,2,34.49,0.0,68.98,Consumer,1.0
ORD-100755,2024-11-07,EMEA,Spain,Beauty,Argan Shampoo,marketplace,2,40.13,0.1,72.23,Consumer,3.0
ORD-100843,2024-11-07,APAC,Australia,Home,Cast Iron Pan,marketplace,6,74.13,0.0,444.78,Consumer,4.0
ORD-101373,2024-11-07,EMEA,United Kingdom,Home,Cast Iron Pan,partner,2,76.94,0.0,153.88,Consumer,4.0
ORD-101712,2024-11-07,EMEA,Spain,Electronics,Smart Watch,marketplace,4,135.89,0.0,543.56,Consumer,5.0
ORD-101926,2024-11-07,LATAM,Argentina,Grocery,Dark Chocolate 90%,web,1,29.66,0.05,28.18,Consumer,5.0
ORD-102620,2024-11-07,North America,United States,Sports,Yoga Mat Pro,web,4,102.4,0.3,286.72,Enterprise,2.0
ORD-103589,2024-11-07,APAC,Japan,Sports,Trail Runners,partner,4,71.88,0.05,273.14,SMB,7.0
ORD-104425,2024-11-07,North America,Canada,Sports,Carbon Racket,retail,2,188.28,0.05,357.73,SMB,1.0
ORD-100397,2024-11-08,North America,United States,Grocery,Dark Chocolate 90%,retail,5,44.98,0.0,224.9,SMB,1.0
ORD-100567,2024-11-08,North America,United States,Electronics,Noise Buds,marketplace,10,543.54,0.1,4891.86,Enterprise,1.0
ORD-100603,2024-11-08,North America,Canada,Sports,Trail Runners,partner,5,54.16,0.1,243.72,Consumer,5.0
ORD-100711,2024-11-08,North America,Mexico,Electronics,Noise Buds,web,2,165.49,0.0,330.98,Consumer,2.0
ORD-101212,2024-11-08,North America,Mexico,Sports,Trail Runners,web,1,142.7,0.2,114.16,SMB,3.0
ORD-101367,2024-11-08,EMEA,Germany,Electronics,Noise Buds,web,2,209.51,0.0,419.02,Consumer,3.0
ORD-102096,2024-11-08,EMEA,Spain,Sports,Trail Runners,partner,1,212.72,0.05,202.08,Consumer,7.0
ORD-102237,2024-11-08,North America,Canada,Sports,Trail Runners,web,9,263.25,0.05,2250.79,Enterprise,5.0
ORD-102293,2024-11-08,APAC,Singapore,Electronics,Noise Buds,web,2,366.25,0.0,732.5,Consumer,8.0
ORD-102381,2024-11-08,EMEA,United Kingdom,Electronics,Laptop Air 13,marketplace,2,386.41,0.1,695.54,Consumer,8.0
ORD-103217,2024-11-08,APAC,India,Beauty,Argan Shampoo,web,4,53.98,0.0,215.92,Consumer,9.0
ORD-103580,2024-11-08,North America,United States,Home,Espresso Maker,web,2,138.31,0.1,248.96,Consumer,5.0
ORD-103790,2024-11-08,North America,Mexico,Grocery,Dark Chocolate 90%,retail,1,23.43,0.15,19.92,SMB,3.0
ORD-104218,2024-11-08,EMEA,United Kingdom,Electronics,Noise Buds,web,13,318.6,0.2,3313.44,Enterprise,2.0
ORD-104780,2024-11-08,APAC,Australia,Beauty,Serum Vitamin C,marketplace,3,48.25,0.05,137.51,SMB,10.0
ORD-100050,2024-11-09,North America,Mexico,Sports,Trail Runners,marketplace,1,89.86,0.0,89.86,Consumer,5.0
ORD-100758,2024-11-09,EMEA,Italy,Grocery,Arabica Beans 1kg,web,1,22.6,0.0,22.6,SMB,3.0
ORD-101186,2024-11-09,North America,United States,Grocery,Dark Chocolate 90%,web,3,14.96,0.0,44.88,SMB,3.0
ORD-101216,2024-11-09,APAC,Australia,Electronics,Laptop Air 13,web,8,630.97,0.0,5047.76,Enterprise,7.0
ORD-101746,2024-11-09,North America,Mexico,Home,Cotton Duvet,marketplace,2,122.97,0.0,245.94,Consumer,7.0
ORD-102169,2024-11-09,EMEA,United Kingdom,Sports,Carbon Racket,partner,1,137.33,0.0,137.33,Consumer,6.0
ORD-102340,2024-11-09,North America,United States,Electronics,Smart Watch,partner,2,418.85,0.1,753.93,Consumer,2.0
ORD-103302,2024-11-09,North America,Canada,Grocery,Olive Oil 750ml,marketplace,3,37.25,0.0,111.75,Consumer,1.0
ORD-103629,2024-11-09,North America,Mexico,Home,Cotton Duvet,retail,2,205.54,0.1,369.97,Consumer,3.0
ORD-101560,2024-11-10,North America,United States,Grocery,Dark Chocolate 90%,partner,4,20.97,0.15,71.3,SMB,7.0
ORD-101587,2024-11-10,APAC,India,Grocery,Arabica Beans 1kg,web,2,22.98,0.15,39.07,Consumer,5.0
ORD-102201,2024-11-10,North America,Canada,Sports,Trail Runners,partner,6,99.12,0.1,535.25,Consumer,5.0
ORD-102558,2024-11-10,EMEA,United Kingdom,Grocery,Olive Oil 750ml,marketplace,4,14.67,0.0,58.68,Consumer,5.0
ORD-102667,2024-11-10,LATAM,Argentina,Home,Cotton Duvet,web,3,89.31,0.0,267.93,SMB,15.0
ORD-103450,2024-11-10,North America,United States,Grocery,Arabica Beans 1kg,marketplace,5,21.85,0.05,103.79,SMB,2.0
ORD-100682,2024-11-11,LATAM,Argentina,Sports,Carbon Racket,partner,2,56.62,0.0,113.24,SMB,5.0
ORD-100969,2024-11-11,APAC,Singapore,Grocery,Olive Oil 750ml,retail,2,18.65,0.1,33.57,Consumer,4.0
ORD-101043,2024-11-11,EMEA,Spain,Beauty,Serum Vitamin C,web,1,63.43,0.05,60.26,Consumer,4.0
ORD-101490,2024-11-11,LATAM,Argentina,Grocery,Dark Chocolate 90%,web,3,31.19,0.15,79.53,Consumer,10.0
ORD-101720,2024-11-11,North America,Mexico,Grocery,Dark Chocolate 90%,retail,3,19.51,0.15,49.75,SMB,3.0
ORD-101782,2024-11-11,North America,Mexico,Grocery,Dark Chocolate 90%,web,1,12.44,0.0,12.44,Consumer,3.0
ORD-101843,2024-11-11,APAC,Japan,Electronics,4K Monitor,web,1,588.11,0.0,588.11,SMB,3.0
ORD-101866,2024-11-11,EMEA,Germany,Home,Cotton Duvet,web,5,97.6,0.1,439.2,Consumer,4.0
ORD-102245,2024-11-11,EMEA,United Kingdom,Sports,Trail Runners,web,3,129.47,0.05,368.99,Consumer,3.0
ORD-102455,2024-11-11,North America,United States,Home,Desk Lamp,marketplace,2,104.31,0.1,187.76,Consumer,3.0
ORD-102652,2024-11-11,EMEA,Italy,Electronics,Smart Watch,marketplace,2,141.28,0.05,268.43,Consumer,4.0
ORD-102855,2024-11-11,EMEA,France,Home,Cotton Duvet,partner,1,56.98,0.0,56.98,Consumer,4.0
ORD-103256,2024-11-11,North America,Canada,Electronics,Laptop Air 13,marketplace,1,195.6,0.05,185.82,Consumer,1.0
ORD-103567,2024-11-11,EMEA,United Kingdom,Electronics,Smart Watch,marketplace,1,146.8,0.3,102.76,Consumer,7.0
ORD-103639,2024-11-11,North America,United States,Grocery,Dark Chocolate 90%,web,1,22.18,0.1,19.96,Consumer,4.0
ORD-104186,2024-11-11,EMEA,Germany,Electronics,4K Monitor,partner,2,414.56,0.0,829.12,Consumer,1.0
ORD-104368,2024-11-11,EMEA,Italy,Sports,Trail Runners,marketplace,4,212.12,0.2,678.78,Consumer,2.0
ORD-104818,2024-11-11,North America,Mexico,Beauty,Argan Shampoo,web,1,53.74,0.0,53.74,Consumer,2.0
ORD-100185,2024-11-12,EMEA,Spain,Beauty,Serum Vitamin C,marketplace,1,45.82,0.1,41.24,Consumer,5.0
ORD-100238,2024-11-12,North America,Mexico,Grocery,Arabica Beans 1kg,partner,2,24.44,0.0,48.88,Consumer,4.0
ORD-101586,2024-11-12,LATAM,Argentina,Electronics,Smart Watch,web,3,156.03,0.0,468.09,Consumer,7.0
ORD-101652,2024-11-12,EMEA,France,Beauty,Argan Shampoo,web,4,53.87,0.0,215.48,SMB,1.0
ORD-102229,2024-11-12,North America,Canada,Electronics,Laptop Air 13,web,2,361.3,0.15,614.21,SMB,3.0
ORD-103365,2024-11-12,EMEA,Germany,Home,Espresso Maker,partner,7,137.52,0.1,866.38,Enterprise,2.0
ORD-103735,2024-11-12,APAC,India,Home,Espresso Maker,marketplace,5,113.81,0.0,569.05,Consumer,4.0
ORD-104128,2024-11-12,LATAM,Chile,Grocery,Olive Oil 750ml,partner,1,22.41,0.1,20.17,SMB,5.0
ORD-104370,2024-11-12,EMEA,Spain,Grocery,Olive Oil 750ml,retail,5,16.27,0.0,81.35,Enterprise,4.0
ORD-104436,2024-11-12,EMEA,Italy,Electronics,Noise Buds,web,2,128.69,0.1,231.64,SMB,3.0
ORD-104592,2024-11-12,APAC,Japan,Grocery,Dark Chocolate 90%,marketplace,2,13.27,0.0,26.54,Consumer,9.0
ORD-100744,2024-11-13,North America,United States,Electronics,4K Monitor,web,3,317.83,0.2,762.79,SMB,4.0
ORD-101074,2024-11-13,North America,Mexico,Home,Espresso Maker,marketplace,3,99.3,0.0,297.9,Consumer,2.0
ORD-101349,2024-11-13,LATAM,Brazil,Home,Espresso Maker,web,4,73.1,0.0,292.4,Consumer,6.0
ORD-101783,2024-11-13,North America,Canada,Home,Espresso Maker,retail,4,74.27,0.05,282.23,Enterprise,1.0
ORD-101980,2024-11-13,APAC,Singapore,Electronics,4K Monitor,partner,7,258.85,0.05,1721.35,Enterprise,10.0
ORD-102412,2024-11-13,APAC,Australia,Electronics,Smart Watch,web,7,117.64,0.0,823.48,Consumer,6.0
ORD-102608,2024-11-13,APAC,Japan,Grocery,Dark Chocolate 90%,partner,3,28.51,0.0,85.53,Consumer,4.0
ORD-104641,2024-11-13,EMEA,Italy,Electronics,Laptop Air 13,web,3,191.86,0.05,546.8,Consumer,3.0
ORD-104788,2024-11-13,LATAM,Chile,Electronics,4K Monitor,web,3,272.17,0.0,816.51,Consumer,10.0
ORD-100096,2024-11-14,APAC,Japan,Grocery,Olive Oil 750ml,web,2,21.28,0.1,38.3,SMB,6.0
ORD-100339,2024-11-14,APAC,Japan,Grocery,Arabica Beans 1kg,web,1,26.31,0.05,24.99,Consumer,10.0
ORD-100877,2024-11-14,North America,Mexico,Grocery,Dark Chocolate 90%,web,4,45.31,0.0,181.24,Consumer,3.0
ORD-101260,2024-11-14,North America,Mexico,Electronics,Laptop Air 13,marketplace,2,326.0,0.1,586.8,Consumer,4.0
ORD-102103,2024-11-14,EMEA,Germany,Beauty,Matte Lipstick,partner,2,40.05,0.15,68.08,SMB,1.0
ORD-102129,2024-11-14,EMEA,Spain,Home,Desk Lamp,web,3,84.68,0.0,254.04,SMB,4.0
ORD-102707,2024-11-14,North America,Canada,Electronics,4K Monitor,marketplace,3,151.61,0.0,454.83,Consumer,5.0
ORD-103105,2024-11-14,EMEA,Spain,Home,Cotton Duvet,marketplace,1,177.54,0.0,177.54,Consumer,1.0
ORD-103304,2024-11-14,EMEA,Spain,Home,Espresso Maker,marketplace,5,98.98,0.2,395.92,Enterprise,2.0
ORD-103855,2024-11-14,North America,Mexico,Beauty,Argan Shampoo,retail,1,46.6,0.1,41.94,SMB,4.0
ORD-104355,2024-11-14,EMEA,France,Home,Cotton Duvet,marketplace,3,114.15,0.2,273.96,SMB,4.0
ORD-100885,2024-11-15,APAC,India,Home,Cotton Duvet,web,3,57.0,0.1,153.9,Consumer,4.0
ORD-101229,2024-11-15,North America,Mexico,Home,Cast Iron Pan,partner,2,31.91,0.0,63.82,Consumer,3.0
ORD-102097,2024-11-15,North America,Mexico,Beauty,Matte Lipstick,marketplace,5,34.79,0.0,173.95,SMB,5.0
ORD-102582,2024-11-15,North America,Canada,Home,Espresso Maker,web,4,63.79,0.05,242.4,SMB,1.0
ORD-102843,2024-11-15,North America,United States,Home,Cotton Duvet,web,7,108.5,0.0,759.5,Consumer,5.0
ORD-103461,2024-11-15,APAC,Singapore,Home,Cotton Duvet,web,3,55.88,0.0,167.64,Consumer,6.0
ORD-103901,2024-11-15,North America,Mexico,Grocery,Dark Chocolate 90%,marketplace,2,11.61,0.0,23.22,Consumer,6.0
ORD-104263,2024-11-15,LATAM,Argentina,Home,Desk Lamp,retail,2,124.01,0.1,223.22,Consumer,11.0
ORD-104304,2024-11-15,APAC,India,Electronics,Smart Watch,web,6,233.45,0.0,1400.7,Consumer,4.0
ORD-104381,2024-11-15,EMEA,Spain,Home,Cast Iron Pan,marketplace,2,166.15,0.1,299.07,Consumer,4.0
ORD-104449,2024-11-15,LATAM,Chile,Beauty,Argan Shampoo,partner,1,65.07,0.0,65.07,Consumer,8.0
ORD-104761,2024-11-15,North America,United States,Electronics,4K Monitor,partner,2,253.33,0.05,481.33,Enterprise,1.0
ORD-100394,2024-11-16,North America,Mexico,Grocery,Olive Oil 750ml,web,1,23.19,0.1,20.87,Consumer,4.0
ORD-100497,2024-11-16,North America,United States,Electronics,Smart Watch,web,4,247.91,0.15,842.89,SMB,2.0
ORD-101351,2024-11-16,North America,United States,Beauty,Serum Vitamin C,marketplace,1,51.91,0.0,51.91,SMB,3.0
ORD-101430,2024-11-16,LATAM,Chile,Beauty,Matte Lipstick,retail,2,42.19,0.05,80.16,SMB,6.0
ORD-102211,2024-11-16,North America,Mexico,Beauty,Matte Lipstick,web,2,113.5,0.0,227.0,Consumer,
ORD-103552,2024-11-16,EMEA,France,Grocery,Arabica Beans 1kg,web,3,23.45,0.05,66.83,SMB,4.0
ORD-103788,2024-11-16,EMEA,France,Home,Cotton Duvet,web,4,136.38,0.0,545.52,SMB,3.0
ORD-101272,2024-11-17,North America,Mexico,Beauty,Serum Vitamin C,partner,5,66.51,0.0,332.55,SMB,2.0
ORD-102755,2024-11-17,APAC,Australia,Sports,Yoga Mat Pro,retail,5,69.13,0.0,345.65,Enterprise,8.0
ORD-103286,2024-11-17,LATAM,Argentina,Electronics,4K Monitor,marketplace,3,260.65,0.0,781.95,Consumer,12.0
ORD-104612,2024-11-17,LATAM,Brazil,Sports,Yoga Mat Pro,marketplace,1,129.27,0.0,129.27,Consumer,12.0
ORD-104767,2024-11-17,North America,Mexico,Electronics,Noise Buds,web,2,254.25,0.0,508.5,Consumer,
ORD-104834,2024-11-17,North America,United States,Sports,Trail Runners,marketplace,2,100.4,0.1,180.72,SMB,2.0
ORD-104932,2024-11-17,LATAM,Chile,Electronics,Smart Watch,web,3,232.96,0.3,489.22,SMB,5.0
ORD-104974,2024-11-17,APAC,India,Electronics,Smart Watch,web,2,329.18,0.0,658.36,Consumer,5.0
ORD-100080,2024-11-18,EMEA,Germany,Electronics,Noise Buds,marketplace,1,217.89,0.0,217.89,Consumer,5.0
ORD-100083,2024-11-18,North America,Canada,Beauty,Argan Shampoo,web,2,55.95,0.1,100.71,SMB,1.0
ORD-100197,2024-11-18,North America,Mexico,Home,Cotton Duvet,retail,5,173.55,0.0,867.75,Consumer,6.0
ORD-100355,2024-11-18,EMEA,United Kingdom,Sports,Carbon Racket,retail,4,73.22,0.05,278.24,Consumer,6.0
ORD-100622,2024-11-18,LATAM,Argentina,Beauty,Matte Lipstick,marketplace,1,81.24,0.15,69.05,Consumer,3.0
ORD-101024,2024-11-18,North America,Canada,Electronics,Noise Buds,partner,5,196.19,0.0,980.95,Consumer,5.0
ORD-101797,2024-11-18,North America,Canada,Sports,Trail Runners,retail,1,147.64,0.0,147.64,SMB,7.0
ORD-101958,2024-11-18,EMEA,Italy,Grocery,Dark Chocolate 90%,web,2,31.29,0.1,56.32,Consumer,5.0
ORD-102617,2024-11-18,North America,Mexico,Grocery,Arabica Beans 1kg,marketplace,3,27.59,0.1,74.49,Consumer,
ORD-102633,2024-11-18,North America,Mexico,Electronics,Laptop Air 13,web,1,456.1,0.15,387.68,Consumer,1.0
ORD-102747,2024-11-18,EMEA,Germany,Sports,Yoga Mat Pro,web,2,39.47,0.0,78.94,SMB,3.0
ORD-102880,2024-11-18,EMEA,Germany,Electronics,Smart Watch,web,3,180.52,0.0,541.56,Consumer,4.0
ORD-102916,2024-11-18,EMEA,France,Home,Cotton Duvet,marketplace,8,56.16,0.1,404.35,Enterprise,1.0
ORD-103415,2024-11-18,North America,Mexico,Beauty,Argan Shampoo,partner,3,34.7,0.05,98.9,Consumer,2.0
ORD-103424,2024-11-18,North America,Mexico,Beauty,Serum Vitamin C,marketplace,6,46.86,0.05,267.1,Consumer,4.0
ORD-103767,2024-11-18,North America,Canada,Sports,Carbon Racket,marketplace,7,68.5,0.1,431.55,Enterprise,1.0
ORD-104034,2024-11-18,APAC,India,Electronics,Smart Watch,web,3,218.35,0.1,589.54,Consumer,7.0
ORD-104042,2024-11-18,North America,Canada,Electronics,4K Monitor,web,2,231.9,0.0,463.8,Consumer,4.0
ORD-104262,2024-11-18,North America,Canada,Beauty,Serum Vitamin C,web,3,96.7,0.0,290.1,Consumer,4.0
ORD-100345,2024-11-19,North America,Mexico,Beauty,Matte Lipstick,web,2,39.16,0.15,66.57,SMB,3.0
ORD-100915,2024-11-19,EMEA,Germany,Electronics,Laptop Air 13,web,3,178.77,0.0,536.31,Consumer,3.0
ORD-102931,2024-11-19,North America,Mexico,Electronics,Smart Watch,retail,6,131.78,0.15,672.08,Enterprise,1.0
ORD-103033,2024-11-19,North America,Canada,Grocery,Arabica Beans 1kg,web,2,24.23,0.0,48.46,Consumer,5.0
ORD-103231,2024-11-19,EMEA,Spain,Electronics,Noise Buds,web,4,570.79,0.0,2283.16,SMB,4.0
ORD-104166,2024-11-19,EMEA,France,Electronics,Smart Watch,retail,5,214.39,0.3,750.36,SMB,5.0
ORD-104213,2024-11-19,LATAM,Chile,Grocery,Arabica Beans 1kg,marketplace,2,20.92,0.0,41.84,Consumer,7.0
ORD-104247,2024-11-19,North America,Canada,Sports,Yoga Mat Pro,retail,4,194.46,0.1,700.06,SMB,7.0
ORD-104357,2024-11-19,APAC,Singapore,Grocery,Arabica Beans 1kg,web,3,29.97,0.0,89.91,Consumer,7.0
ORD-100406,2024-11-20,LATAM,Chile,Electronics,Noise Buds,partner,6,145.56,0.15,742.36,Enterprise,10.0
ORD-100612,2024-11-20,EMEA,Italy,Beauty,Serum Vitamin C,partner,3,59.41,0.0,178.23,Consumer,2.0
ORD-100951,2024-11-20,APAC,India,Electronics,4K Monitor,partner,2,323.62,0.1,582.52,Consumer,7.0
ORD-100970,2024-11-20,North America,Canada,Electronics,Laptop Air 13,retail,3,234.36,0.0,703.08,Consumer,5.0
ORD-101027,2024-11-20,LATAM,Argentina,Electronics,Laptop Air 13,marketplace,1,318.47,0.1,286.62,Consumer,11.0
ORD-101391,2024-11-20,North America,United States,Electronics,4K Monitor,partner,3,240.35,0.15,612.89,Consumer,4.0
ORD-102063,2024-11-20,North America,Mexico,Sports,Carbon Racket,web,1,145.54,0.05,138.26,SMB,5.0
ORD-103186,2024-11-20,LATAM,Brazil,Sports,Trail Runners,retail,2,162.38,0.05,308.52,SMB,12.0
ORD-103282,2024-11-20,APAC,India,Beauty,Matte Lipstick,retail,6,60.85,0.1,328.59,SMB,11.0
ORD-103638,2024-11-20,EMEA,Germany,Electronics,Laptop Air 13,marketplace,3,341.15,0.0,1023.45,Consumer,4.0
ORD-104524,2024-11-20,EMEA,Italy,Grocery,Arabica Beans 1kg,web,3,18.66,0.0,55.98,Consumer,3.0
ORD-104605,2024-11-20,EMEA,Italy,Home,Cast Iron Pan,marketplace,2,112.09,0.0,224.18,Consumer,3.0
ORD-104817,2024-11-20,EMEA,United Kingdom,Home,Cast Iron Pan,retail,5,63.21,0.1,284.44,Consumer,7.0
ORD-104908,2024-11-20,North America,United States,Beauty,Matte Lipstick,web,2,82.41,0.0,164.82,SMB,3.0
ORD-100039,2024-11-21,APAC,India,Electronics,4K Monitor,retail,1,83.34,0.1,75.01,SMB,8.0
ORD-101806,2024-11-21,APAC,Singapore,Electronics,Laptop Air 13,retail,4,238.46,0.0,953.84,Consumer,
ORD-102740,2024-11-21,North America,Mexico,Grocery,Dark Chocolate 90%,retail,4,28.35,0.15,96.39,Consumer,2.0
ORD-102825,2024-11-21,North America,Mexico,Electronics,Smart Watch,retail,2,201.5,0.0,403.0,Consumer,3.0
ORD-104127,2024-11-21,APAC,Singapore,Sports,Yoga Mat Pro,marketplace,4,159.79,0.05,607.2,Consumer,8.0
ORD-104727,2024-11-21,North America,Mexico,Electronics,4K Monitor,web,1,169.52,0.0,169.52,Consumer,1.0
ORD-100375,2024-11-22,EMEA,Italy,Home,Cast Iron Pan,web,1,115.13,0.15,97.86,Enterprise,4.0
ORD-100809,2024-11-22,North America,Canada,Electronics,Smart Watch,partner,2,225.49,0.15,383.33,SMB,3.0
ORD-101023,2024-11-22,APAC,Australia,Home,Cotton Duvet,web,5,64.24,0.0,321.2,Consumer,7.0
ORD-101063,2024-11-22,North America,Canada,Electronics,Laptop Air 13,web,2,311.01,0.1,559.82,Consumer,2.0
ORD-101210,2024-11-22,APAC,Japan,Sports,Carbon Racket,partner,7,90.98,0.1,573.17,Enterprise,9.0
ORD-101356,2024-11-22,APAC,India,Sports,Trail Runners,marketplace,2,61.34,0.15,104.28,SMB,7.0
ORD-102307,2024-11-22,EMEA,Spain,Home,Cast Iron Pan,retail,3,52.7,0.0,158.1,Consumer,8.0
ORD-102930,2024-11-22,EMEA,Germany,Electronics,Smart Watch,marketplace,2,138.54,0.0,277.08,Consumer,7.0
ORD-102988,2024-11-22,APAC,Australia,Sports,Trail Runners,web,3,90.17,0.05,256.98,Consumer,3.0
ORD-103083,2024-11-22,EMEA,Germany,Electronics,4K Monitor,web,1,500.05,0.0,500.05,SMB,7.0
ORD-103496,2024-11-22,APAC,Japan,Sports,Yoga Mat Pro,retail,2,75.03,0.2,120.05,Consumer,5.0
ORD-103631,2024-11-22,APAC,Singapore,Beauty,Argan Shampoo,web,2,54.85,0.05,104.22,Consumer,5.0
ORD-104203,2024-11-22,EMEA,United Kingdom,Home,Cast Iron Pan,marketplace,2,109.51,0.05,208.07,Consumer,8.0
ORD-104679,2024-11-22,APAC,Japan,Home,Cotton Duvet,retail,2,95.53,0.0,191.06,Consumer,6.0
ORD-104823,2024-11-22,EMEA,United Kingdom,Sports,Trail Runners,marketplace,6,175.08,0.05,997.96,Enterprise,4.0
ORD-100756,2024-11-23,North America,Canada,Home,Cast Iron Pan,web,1,80.15,0.0,80.15,SMB,2.0
ORD-102439,2024-11-23,APAC,Australia,Beauty,Matte Lipstick,marketplace,4,91.61,0.1,329.8,Consumer,9.0
ORD-100499,2024-11-24,North America,United States,Grocery,Dark Chocolate 90%,marketplace,4,25.55,0.0,102.2,Consumer,4.0
ORD-102488,2024-11-24,EMEA,France,Sports,Trail Runners,partner,3,82.41,0.0,247.23,Consumer,4.0
ORD-102639,2024-11-24,EMEA,United Kingdom,Sports,Yoga Mat Pro,web,8,163.16,0.05,1240.02,Enterprise,7.0
ORD-102853,2024-11-24,EMEA,Germany,Beauty,Matte Lipstick,partner,6,19.49,0.15,99.4,Enterprise,3.0
ORD-103840,2024-11-24,LATAM,Brazil,Grocery,Olive Oil 750ml,marketplace,3,23.47,0.05,66.89,SMB,11.0
ORD-100263,2024-11-25,APAC,Japan,Grocery,Dark Chocolate 90%,partner,3,28.52,0.3,59.89,Consumer,10.0
ORD-100312,2024-11-25,North America,Canada,Home,Espresso Maker,marketplace,3,184.24,0.0,552.72,Consumer,2.0
ORD-101534,2024-11-25,North America,United States,Beauty,Matte Lipstick,marketplace,5,95.89,0.05,455.48,Consumer,1.0
ORD-102318,2024-11-25,North America,Mexico,Electronics,Noise Buds,marketplace,2,338.02,0.0,676.04,Consumer,3.0
ORD-102924,2024-11-25,North America,Mexico,Beauty,Serum Vitamin C,marketplace,3,54.96,0.1,148.39,Consumer,2.0
ORD-104205,2024-11-25,EMEA,Germany,Grocery,Olive Oil 750ml,web,3,38.89,0.2,93.34,SMB,5.0
ORD-104547,2024-11-25,APAC,Japan,Sports,Carbon Racket,web,2,153.15,0.0,306.3,SMB,5.0
ORD-104594,2024-11-25,APAC,Singapore,Home,Desk Lamp,web,2,79.75,0.05,151.52,Consumer,5.0
ORD-100222,2024-11-26,North America,Canada,Beauty,Argan Shampoo,web,3,28.64,0.0,85.92,Consumer,3.0
ORD-100239,2024-11-26,North America,United States,Electronics,Smart Watch,web,5,232.81,0.05,1105.85,Consumer,1.0
ORD-101733,2024-11-26,North America,Canada,Electronics,Laptop Air 13,web,1,148.57,0.1,133.71,Consumer,
ORD-101858,2024-11-26,EMEA,United Kingdom,Home,Espresso Maker,web,3,40.19,0.0,120.57,Consumer,6.0
ORD-101967,2024-11-26,North America,Canada,Beauty,Serum Vitamin C,marketplace,4,41.58,0.15,141.37,SMB,2.0
ORD-102011,2024-11-26,North America,Canada,Home,Cast Iron Pan,partner,3,67.0,0.15,170.85,SMB,3.0
ORD-102721,2024-11-26,APAC,Japan,Beauty,Matte Lipstick,marketplace,6,46.68,0.0,280.08,Consumer,5.0
ORD-102765,2024-11-26,EMEA,Germany,Grocery,Dark Chocolate 90%,retail,3,39.68,0.0,119.04,Consumer,2.0
ORD-103002,2024-11-26,North America,United States,Home,Desk Lamp,web,2,103.41,0.0,206.82,Consumer,5.0
ORD-104272,2024-11-26,North America,Canada,Home,Cotton Duvet,marketplace,1,48.09,0.1,43.28,Consumer,3.0
ORD-104331,2024-11-26,LATAM,Brazil,Electronics,Smart Watch,web,2,210.62,0.15,358.05,Consumer,6.0
ORD-104454,2024-11-26,EMEA,Spain,Sports,Yoga Mat Pro,web,4,78.52,0.2,251.26,Consumer,3.0
ORD-104570,2024-11-26,EMEA,United Kingdom,Beauty,Argan Shampoo,partner,2,29.85,0.0,59.7,Consumer,5.0
ORD-104579,2024-11-26,EMEA,France,Beauty,Serum Vitamin C,marketplace,4,75.18,0.0,300.72,SMB,6.0
ORD-104798,2024-11-26,LATAM,Chile,Grocery,Dark Chocolate 90%,web,4,33.37,0.1,120.13,Consumer,10.0
ORD-100126,2024-11-27,APAC,Japan,Sports,Carbon Racket,web,7,90.17,0.0,631.19,Enterprise,3.0
ORD-100474,2024-11-27,APAC,Australia,Sports,Trail Runners,web,3,108.77,0.0,326.31,Consumer,4.0
ORD-100511,2024-11-27,APAC,Singapore,Electronics,Laptop Air 13,retail,3,243.95,0.15,622.07,Consumer,7.0
ORD-101646,2024-11-27,North America,Mexico,Electronics,Noise Buds,marketplace,7,89.86,0.0,629.02,Enterprise,4.0
ORD-102941,2024-11-27,APAC,Japan,Electronics,Noise Buds,partner,1,405.66,0.0,405.66,Consumer,9.0
ORD-103299,2024-11-27,North America,United States,Home,Cast Iron Pan,partner,3,120.96,0.15,308.45,SMB,7.0
ORD-103391,2024-11-27,APAC,Singapore,Grocery,Arabica Beans 1kg,web,4,20.58,0.0,82.32,Consumer,6.0
ORD-103792,2024-11-27,APAC,India,Sports,Yoga Mat Pro,marketplace,1,94.32,0.0,94.32,Consumer,13.0
ORD-103857,2024-11-27,EMEA,France,Electronics,Noise Buds,web,1,245.82,0.0,245.82,SMB,3.0
ORD-104282,2024-11-27,EMEA,Germany,Home,Cotton Duvet,web,4,64.66,0.0,258.64,Consumer,2.0
ORD-104496,2024-11-27,North America,Mexico,Grocery,Arabica Beans 1kg,web,1,22.93,0.2,18.34,SMB,3.0
ORD-100063,2024-11-28,EMEA,Spain,Beauty,Matte Lipstick,marketplace,2,34.14,0.0,68.28,Consumer,4.0
ORD-100290,2024-11-28,LATAM,Brazil,Home,Cotton Duvet,partner,2,58.9,0.05,111.91,Consumer,11.0
ORD-101189,2024-11-28,EMEA,France,Electronics,Laptop Air 13,retail,6,436.49,0.1,2357.05,Enterprise,5.0
ORD-101238,2024-11-28,EMEA,Germany,Home,Espresso Maker,marketplace,1,86.79,0.05,82.45,Consumer,7.0
ORD-101555,2024-11-28,North America,Canada,Home,Desk Lamp,partner,1,129.2,0.05,122.74,Consumer,1.0
ORD-101898,2024-11-28,EMEA,United Kingdom,Grocery,Olive Oil 750ml,web,8,26.2,0.1,188.64,Enterprise,4.0
ORD-101900,2024-11-28,North America,Canada,Electronics,Noise Buds,retail,2,278.77,0.0,557.54,Consumer,2.0
ORD-102220,2024-11-28,North America,United States,Home,Espresso Maker,web,3,151.05,0.05,430.49,Consumer,3.0
ORD-102723,2024-11-28,EMEA,Germany,Beauty,Argan Shampoo,web,2,52.85,0.0,105.7,Consumer,4.0
ORD-102901,2024-11-28,EMEA,Germany,Electronics,Laptop Air 13,web,3,116.3,0.2,279.12,SMB,6.0
ORD-103724,2024-11-28,North America,Mexico,Grocery,Olive Oil 750ml,web,3,27.34,0.15,69.72,Consumer,1.0
ORD-100032,2024-11-29,North America,United States,Electronics,Laptop Air 13,marketplace,16,271.73,0.1,3912.91,Enterprise,3.0
ORD-100088,2024-11-29,APAC,India,Home,Desk Lamp,web,1,73.53,0.1,66.18,Consumer,9.0
ORD-100172,2024-11-29,APAC,Singapore,Electronics,Smart Watch,marketplace,2,86.3,0.1,155.34,Consumer,5.0
ORD-100391,2024-11-29,LATAM,Brazil,Electronics,Smart Watch,web,2,258.18,0.05,490.54,SMB,9.0
ORD-100730,2024-11-29,APAC,India,Beauty,Serum Vitamin C,marketplace,6,41.48,0.05,236.44,Consumer,7.0
ORD-101067,2024-11-29,LATAM,Chile,Grocery,Arabica Beans 1kg,web,2,15.52,0.0,31.04,Consumer,7.0
ORD-102375,2024-11-29,North America,Mexico,Sports,Carbon Racket,retail,2,121.22,0.0,242.44,SMB,4.0
ORD-102437,2024-11-29,EMEA,Spain,Beauty,Argan Shampoo,web,3,33.77,0.1,91.18,SMB,7.0
ORD-103274,2024-11-29,EMEA,United Kingdom,Grocery,Dark Chocolate 90%,web,1,31.71,0.05,30.12,Consumer,4.0
ORD-103337,2024-11-29,APAC,Singapore,Home,Cotton Duvet,retail,3,67.84,0.0,203.52,Consumer,7.0
ORD-103529,2024-11-29,North America,Canada,Beauty,Argan Shampoo,retail,2,93.15,0.1,167.67,Consumer,1.0
ORD-103873,2024-11-29,EMEA,France,Electronics,Smart Watch,retail,3,202.89,0.0,608.67,SMB,3.0
ORD-104147,2024-11-29,EMEA,Italy,Grocery,Dark Chocolate 90%,web,1,22.86,0.05,21.72,Consumer,7.0
ORD-104254,2024-11-29,APAC,Singapore,Home,Cotton Duvet,retail,2,75.75,0.1,136.35,SMB,7.0
ORD-104778,2024-11-29,APAC,Singapore,Grocery,Dark Chocolate 90%,web,3,27.91,0.0,83.73,Consumer,8.0
ORD-101309,2024-11-30,APAC,Singapore,Grocery,Arabica Beans 1kg,web,3,25.25,0.05,71.96,Consumer,4.0
ORD-101549,2024-11-30,EMEA,United Kingdom,Sports,Trail Runners,marketplace,3,86.19,0.15,219.78,Enterprise,5.0
ORD-102258,2024-11-30,EMEA,Italy,Sports,Trail Runners,web,2,98.59,0.05,187.32,Consumer,5.0
ORD-102327,2024-11-30,North America,Mexico,Electronics,4K Monitor,web,2,544.33,0.0,1088.66,Consumer,4.0
ORD-102612,2024-11-30,EMEA,France,Beauty,Matte Lipstick,retail,1,60.81,0.2,48.65,Consumer,4.0
ORD-102866,2024-11-30,North America,United States,Sports,Carbon Racket,web,3,124.24,0.0,372.72,Consumer,2.0
ORD-104573,2024-11-30,LATAM,Brazil,Home,Cast Iron Pan,marketplace,1,41.97,0.2,33.58,Consumer,3.0
ORD-104800,2024-11-30,EMEA,France,Electronics,Noise Buds,marketplace,2,304.03,0.0,608.06,Consumer,4.0
ORD-100456,2024-12-01,EMEA,Spain,Electronics,Laptop Air 13,web,2,169.71,0.05,322.45,SMB,6.0
ORD-100506,2024-12-01,LATAM,Chile,Electronics,Laptop Air 13,marketplace,5,421.06,0.0,2105.3,Consumer,10.0
ORD-100797,2024-12-01,North America,Mexico,Electronics,4K Monitor,web,1,265.21,0.0,265.21,Consumer,2.0
ORD-100883,2024-12-01,North America,United States,Beauty,Matte Lipstick,retail,3,92.35,0.05,263.2,Consumer,1.0
ORD-100897,2024-12-01,EMEA,France,Sports,Carbon Racket,web,1,287.19,0.0,287.19,SMB,6.0
ORD-101244,2024-12-01,North America,United States,Electronics,4K Monitor,web,7,187.84,0.2,1051.9,Enterprise,3.0
ORD-102451,2024-12-01,EMEA,Italy,Home,Cast Iron Pan,partner,9,97.53,0.05,833.88,Enterprise,4.0
ORD-103327,2024-12-01,EMEA,Italy,Electronics,Laptop Air 13,retail,12,206.11,0.3,1731.32,Enterprise,1.0
ORD-100548,2024-12-02,EMEA,France,Electronics,Noise Buds,web,1,133.39,0.1,120.05,SMB,7.0
ORD-100713,2024-12-02,APAC,India,Home,Cotton Duvet,marketplace,2,37.96,0.0,75.92,Consumer,1.0
ORD-100732,2024-12-02,North America,Canada,Beauty,Matte Lipstick,web,2,79.99,0.0,159.98,Consumer,2.0
ORD-100924,2024-12-02,North America,Canada,Grocery,Arabica Beans 1kg,marketplace,2,31.52,0.1,56.74,Consumer,4.0
ORD-100944,2024-12-02,North America,United States,Beauty,Serum Vitamin C,web,1,41.18,0.05,39.12,SMB,3.0
ORD-100997,2024-12-02,APAC,Australia,Sports,Trail Runners,marketplace,3,64.27,0.0,192.81,Consumer,7.0
ORD-101950,2024-12-02,North America,Mexico,Beauty,Serum Vitamin C,marketplace,3,72.95,0.1,196.97,Consumer,5.0
ORD-102090,2024-12-02,North America,Canada,Grocery,Arabica Beans 1kg,partner,2,25.92,0.0,51.84,Consumer,3.0
ORD-102689,2024-12-02,North America,Canada,Home,Cotton Duvet,web,3,108.92,0.0,326.76,Consumer,1.0
ORD-103192,2024-12-02,LATAM,Chile,Sports,Trail Runners,retail,4,82.11,0.0,328.44,Consumer,4.0
ORD-103262,2024-12-02,North America,United States,Sports,Yoga Mat Pro,partner,2,117.93,0.1,212.27,Consumer,6.0
ORD-103782,2024-12-02,EMEA,United Kingdom,Sports,Yoga Mat Pro,partner,3,99.08,0.0,297.24,Consumer,7.0
ORD-104238,2024-12-02,LATAM,Argentina,Home,Espresso Maker,marketplace,3,85.81,0.0,257.43,Consumer,9.0
ORD-100531,2024-12-03,North America,Mexico,Electronics,Smart Watch,retail,3,115.76,0.3,243.1,SMB,1.0
ORD-100892,2024-12-03,North America,Canada,Beauty,Argan Shampoo,partner,3,28.63,0.05,81.6,Consumer,3.0
ORD-101570,2024-12-03,North America,Mexico,Electronics,Smart Watch,retail,6,478.18,0.0,2869.08,Enterprise,4.0
ORD-102038,2024-12-03,APAC,Singapore,Grocery,Dark Chocolate 90%,marketplace,2,14.52,0.0,29.04,SMB,5.0
ORD-102401,2024-12-03,EMEA,Spain,Sports,Trail Runners,web,1,114.82,0.0,114.82,Consumer,6.0
ORD-102607,2024-12-03,North America,United States,Electronics,Laptop Air 13,web,3,299.79,0.0,899.37,SMB,2.0
ORD-104015,2024-12-03,APAC,Australia,Sports,Yoga Mat Pro,web,2,322.2,0.0,644.4,Consumer,6.0
ORD-104126,2024-12-03,North America,United States,Home,Cotton Duvet,marketplace,4,226.25,0.0,905.0,Consumer,3.0
ORD-100247,2024-12-04,EMEA,Germany,Grocery,Arabica Beans 1kg,marketplace,1,19.55,0.05,18.57,Consumer,4.0
ORD-100334,2024-12-04,North America,Canada,Beauty,Serum Vitamin C,web,1,36.79,0.0,36.79,SMB,3.0
ORD-100702,2024-12-04,North America,Canada,Sports,Trail Runners,web,3,111.05,0.0,333.15,SMB,1.0
ORD-100823,2024-12-04,EMEA,United Kingdom,Beauty,Argan Shampoo,web,3,44.03,0.0,132.09,Consumer,4.0
ORD-100870,2024-12-04,North America,United States,Home,Desk Lamp,retail,3,100.7,0.05,287.0,Consumer,2.0
ORD-102178,2024-12-04,North America,United States,Electronics,Noise Buds,retail,3,276.17,0.0,828.51,SMB,2.0
ORD-102838,2024-12-04,EMEA,Italy,Grocery,Arabica Beans 1kg,marketplace,3,27.63,0.1,74.6,Consumer,1.0
ORD-102996,2024-12-04,North America,United States,Sports,Trail Runners,web,1,275.96,0.0,275.96,Consumer,3.0
ORD-103200,2024-12-04,LATAM,Argentina,Sports,Trail Runners,retail,2,200.02,0.1,360.04,Consumer,6.0
ORD-103266,2024-12-04,North America,Mexico,Beauty,Serum Vitamin C,retail,1,31.71,0.1,28.54,SMB,6.0
ORD-103882,2024-12-04,APAC,India,Electronics,Noise Buds,marketplace,2,243.63,0.05,462.9,Consumer,
ORD-104293,2024-12-04,EMEA,Germany,Home,Cast Iron Pan,web,3,101.04,0.0,303.12,SMB,1.0
ORD-104826,2024-12-04,North America,Canada,Electronics,Smart Watch,retail,5,200.97,0.05,954.61,Consumer,4.0
ORD-100470,2024-12-05,North America,Mexico,Electronics,4K Monitor,web,1,145.16,0.05,137.9,Consumer,1.0
ORD-100896,2024-12-05,North America,Mexico,Electronics,Laptop Air 13,retail,4,234.31,0.0,937.24,SMB,5.0
ORD-100900,2024-12-05,EMEA,United Kingdom,Grocery,Olive Oil 750ml,web,8,40.53,0.0,324.24,Enterprise,3.0
ORD-101081,2024-12-05,North America,United States,Grocery,Olive Oil 750ml,web,2,26.03,0.0,52.06,Consumer,4.0
ORD-101902,2024-12-05,EMEA,Spain,Home,Desk Lamp,web,2,75.65,0.1,136.17,SMB,2.0
ORD-102255,2024-12-05,North America,Mexico,Home,Espresso Maker,web,3,49.68,0.0,149.04,Consumer,3.0
ORD-102380,2024-12-05,North America,Mexico,Grocery,Dark Chocolate 90%,retail,3,23.4,0.05,66.69,Consumer,1.0
ORD-102862,2024-12-05,EMEA,United Kingdom,Grocery,Arabica Beans 1kg,web,1,18.5,0.15,15.72,Consumer,4.0
ORD-103488,2024-12-05,EMEA,Germany,Electronics,Laptop Air 13,marketplace,5,317.03,0.0,1585.15,SMB,4.0
ORD-103992,2024-12-05,North America,United States,Electronics,4K Monitor,web,3,160.31,0.0,480.93,Consumer,
ORD-104058,2024-12-05,North America,Mexico,Beauty,Matte Lipstick,partner,4,45.68,0.0,182.72,SMB,8.0
ORD-104772,2024-12-05,APAC,Japan,Sports,Carbon Racket,web,3,126.36,0.1,341.17,Consumer,5.0
ORD-104833,2024-12-05,LATAM,Chile,Electronics,Smart Watch,web,2,234.6,0.0,469.2,Consumer,7.0
ORD-100021,2024-12-06,EMEA,Spain,Electronics,4K Monitor,marketplace,3,360.39,0.0,1081.17,Consumer,3.0
ORD-100310,2024-12-06,North America,United States,Sports,Yoga Mat Pro,retail,2,42.9,0.1,77.22,Consumer,1.0
ORD-100484,2024-12-06,North America,United States,Home,Desk Lamp,marketplace,1,132.61,0.2,106.09,Consumer,3.0
ORD-100977,2024-12-06,North America,Canada,Home,Cast Iron Pan,partner,1,157.74,0.05,149.85,Consumer,3.0
ORD-102137,2024-12-06,North America,Canada,Home,Cotton Duvet,partner,2,95.24,0.1,171.43,Consumer,1.0
ORD-103097,2024-12-06,APAC,Australia,Beauty,Serum Vitamin C,retail,3,41.11,0.0,123.33,Consumer,7.0
ORD-103659,2024-12-06,EMEA,Germany,Electronics,4K Monitor,web,3,429.28,0.05,1223.45,Consumer,2.0
ORD-103705,2024-12-06,North America,Mexico,Home,Cotton Duvet,marketplace,1,1452.4,0.0,1452.4,Consumer,1.0
ORD-103744,2024-12-06,APAC,Australia,Home,Espresso Maker,web,5,110.09,0.0,550.45,Consumer,7.0
ORD-104178,2024-12-06,APAC,India,Home,Cast Iron Pan,marketplace,2,89.83,0.0,179.66,Consumer,10.0
ORD-100753,2024-12-07,EMEA,United Kingdom,Sports,Yoga Mat Pro,retail,2,61.08,0.1,109.94,Consumer,1.0
ORD-101674,2024-12-07,EMEA,Spain,Beauty,Serum Vitamin C,partner,2,61.49,0.0,122.98,Consumer,6.0
ORD-102697,2024-12-07,North America,United States,Sports,Trail Runners,marketplace,2,94.15,0.15,160.06,SMB,2.0
ORD-102856,2024-12-07,EMEA,France,Home,Cast Iron Pan,retail,3,163.58,0.0,490.74,Consumer,5.0
ORD-103173,2024-12-07,North America,Canada,Sports,Carbon Racket,marketplace,2,116.79,0.05,221.9,Consumer,1.0
ORD-100042,2024-12-08,APAC,India,Sports,Carbon Racket,marketplace,3,154.22,0.05,439.53,SMB,3.0
ORD-100793,2024-12-08,APAC,Japan,Beauty,Matte Lipstick,partner,7,83.7,0.1,527.31,Enterprise,
ORD-101485,2024-12-08,EMEA,United Kingdom,Home,Cotton Duvet,retail,3,110.62,0.0,331.86,Consumer,5.0
ORD-102060,2024-12-08,North America,United States,Grocery,Dark Chocolate 90%,web,1,15.43,0.15,13.12,SMB,1.0
ORD-102551,2024-12-08,North America,Canada,Sports,Carbon Racket,web,4,171.79,0.2,549.73,SMB,3.0
ORD-103076,2024-12-08,APAC,Australia,Beauty,Serum Vitamin C,web,2,29.1,0.1,52.38,SMB,6.0
ORD-103147,2024-12-08,North America,Mexico,Beauty,Matte Lipstick,retail,5,49.11,0.05,233.27,Consumer,2.0
ORD-104949,2024-12-08,APAC,Australia,Beauty,Argan Shampoo,web,4,37.5,0.05,142.5,SMB,10.0
ORD-100621,2024-12-09,North America,United States,Beauty,Matte Lipstick,web,1,72.96,0.05,69.31,SMB,3.0
ORD-100695,2024-12-09,EMEA,Italy,Grocery,Olive Oil 750ml,marketplace,10,19.6,0.1,176.4,Enterprise,8.0
ORD-100987,2024-12-09,APAC,Australia,Electronics,Laptop Air 13,marketplace,3,734.89,0.2,1763.74,Enterprise,9.0
ORD-101002,2024-12-09,North America,Mexico,Electronics,Laptop Air 13,web,2,325.62,0.0,651.24,Consumer,2.0
ORD-101285,2024-12-09,North America,United States,Electronics,Noise Buds,marketplace,9,315.12,0.05,2694.28,Enterprise,4.0
ORD-101337,2024-12-09,EMEA,Italy,Home,Espresso Maker,marketplace,2,129.86,0.05,246.73,Consumer,3.0
ORD-101864,2024-12-09,EMEA,France,Electronics,4K Monitor,web,4,95.46,0.15,324.56,Consumer,6.0
ORD-102900,2024-12-09,North America,Mexico,Electronics,Laptop Air 13,web,3,203.05,0.0,609.15,SMB,2.0
ORD-103058,2024-12-09,North America,United States,Electronics,Smart Watch,web,1,699.91,0.0,699.91,Consumer,6.0
ORD-103334,2024-12-09,LATAM,Brazil,Grocery,Dark Chocolate 90%,marketplace,2,31.09,0.15,52.85,Consumer,11.0
ORD-104705,2024-12-09,EMEA,United Kingdom,Beauty,Serum Vitamin C,marketplace,3,50.89,0.05,145.04,Consumer,3.0
ORD-104764,2024-12-09,North America,Canada,Sports,Carbon Racket,partner,1,289.06,0.0,289.06,Consumer,2.0
ORD-104869,2024-12-09,EMEA,Spain,Grocery,Olive Oil 750ml,partner,3,26.6,0.0,79.8,Consumer,5.0
ORD-100336,2024-12-10,North America,Canada,Electronics,Noise Buds,partner,3,282.92,0.1,763.88,SMB,4.0
ORD-100412,2024-12-10,LATAM,Brazil,Grocery,Olive Oil 750ml,web,2,17.26,0.0,34.52,Consumer,10.0
ORD-101617,2024-12-10,LATAM,Chile,Grocery,Dark Chocolate 90%,partner,1,22.94,0.2,18.35,Consumer,6.0
ORD-102700,2024-12-10,North America,Mexico,Home,Desk Lamp,web,1,37.1,0.1,33.39,SMB,1.0
ORD-103128,2024-12-10,EMEA,Germany,Electronics,Smart Watch,retail,4,389.37,0.0,1557.48,Consumer,3.0
ORD-103753,2024-12-10,APAC,Australia,Electronics,Smart Watch,web,2,196.32,0.0,392.64,Consumer,10.0
ORD-103831,2024-12-10,North America,Mexico,Electronics,Smart Watch,partner,3,380.1,0.0,1140.3,Consumer,3.0
ORD-104260,2024-12-10,North America,Canada,Sports,Yoga Mat Pro,web,2,102.86,0.0,205.72,Consumer,2.0
ORD-104280,2024-12-10,APAC,Singapore,Sports,Carbon Racket,marketplace,5,99.94,0.0,499.7,SMB,10.0
ORD-104455,2024-12-10,North America,Mexico,Home,Espresso Maker,retail,3,35.02,0.1,94.55,Consumer,1.0
ORD-104484,2024-12-10,North America,Canada,Beauty,Serum Vitamin C,web,4,37.39,0.05,142.08,SMB,1.0
ORD-104785,2024-12-10,North America,Mexico,Beauty,Serum Vitamin C,partner,2,35.65,0.2,57.04,Consumer,1.0
ORD-100202,2024-12-11,LATAM,Brazil,Beauty,Matte Lipstick,retail,2,26.73,0.05,50.79,Consumer,8.0
ORD-100760,2024-12-11,EMEA,Italy,Electronics,4K Monitor,marketplace,2,633.89,0.1,1141.0,Consumer,4.0
ORD-100820,2024-12-11,LATAM,Argentina,Home,Cast Iron Pan,partner,2,87.99,0.1,158.38,Consumer,10.0
ORD-100975,2024-12-11,North America,United States,Home,Desk Lamp,web,2,56.68,0.0,113.36,Consumer,2.0
ORD-101194,2024-12-11,North America,Mexico,Electronics,Laptop Air 13,marketplace,2,186.09,0.1,334.96,SMB,2.0
ORD-102704,2024-12-11,EMEA,France,Grocery,Arabica Beans 1kg,web,1,22.78,0.0,22.78,Consumer,5.0
ORD-102769,2024-12-11,North America,Mexico,Sports,Carbon Racket,retail,2,76.71,0.0,153.42,Consumer,6.0
ORD-103249,2024-12-11,APAC,Australia,Beauty,Matte Lipstick,retail,2,32.61,0.1,58.7,SMB,6.0
ORD-103294,2024-12-11,APAC,India,Electronics,4K Monitor,marketplace,2,320.67,0.2,513.07,SMB,3.0
ORD-103815,2024-12-11,North America,Canada,Grocery,Olive Oil 750ml,web,2,25.08,0.0,50.16,Consumer,2.0
ORD-103976,2024-12-11,EMEA,France,Grocery,Olive Oil 750ml,web,2,26.44,0.15,44.95,Consumer,2.0
ORD-104784,2024-12-11,EMEA,Spain,Grocery,Dark Chocolate 90%,marketplace,4,19.12,0.05,72.66,Consumer,1.0
ORD-100169,2024-12-12,APAC,Japan,Beauty,Argan Shampoo,retail,1,22.07,0.05,20.97,Consumer,10.0
ORD-100411,2024-12-12,North America,Canada,Home,Cast Iron Pan,marketplace,1,74.2,0.0,74.2,Consumer,3.0
ORD-100671,2024-12-12,North America,United States,Home,Cast Iron Pan,web,3,201.82,0.15,514.64,Consumer,2.0
ORD-101548,2024-12-12,North America,United States,Home,Espresso Maker,web,2,77.47,0.3,108.46,Consumer,4.0
ORD-103433,2024-12-12,EMEA,France,Electronics,Laptop Air 13,web,1,218.78,0.0,218.78,Consumer,4.0
ORD-103527,2024-12-12,EMEA,Italy,Sports,Carbon Racket,retail,1,119.91,0.0,119.91,Consumer,7.0
ORD-103590,2024-12-12,EMEA,France,Electronics,Noise Buds,partner,2,256.49,0.1,461.68,Consumer,2.0
ORD-103693,2024-12-12,North America,Mexico,Electronics,4K Monitor,partner,3,127.52,0.0,382.56,Consumer,2.0
ORD-103890,2024-12-12,EMEA,France,Electronics,Smart Watch,marketplace,4,711.61,0.0,2846.44,SMB,2.0
ORD-104320,2024-12-12,APAC,Japan,Grocery,Dark Chocolate 90%,partner,2,20.58,0.0,41.16,Consumer,6.0
ORD-104448,2024-12-12,EMEA,France,Sports,Trail Runners,partner,1,69.87,0.0,69.87,Consumer,3.0
ORD-104970,2024-12-12,LATAM,Brazil,Sports,Trail Runners,partner,8,74.58,0.1,536.98,Enterprise,12.0
ORD-100117,2024-12-13,North America,United States,Grocery,Dark Chocolate 90%,marketplace,3,28.51,0.1,76.98,Consumer,2.0
ORD-100689,2024-12-13,LATAM,Argentina,Home,Cast Iron Pan,retail,4,64.92,0.0,259.68,Consumer,10.0
ORD-100773,2024-12-13,EMEA,France,Beauty,Argan Shampoo,web,3,40.99,0.1,110.67,Consumer,4.0
ORD-100813,2024-12-13,North America,United States,Electronics,Laptop Air 13,web,1,158.45,0.05,150.53,Consumer,4.0
ORD-100832,2024-12-13,North America,United States,Home,Cast Iron Pan,web,3,237.07,0.0,711.21,Consumer,3.0
ORD-101076,2024-12-13,APAC,Australia,Home,Desk Lamp,retail,3,85.78,0.1,231.61,Consumer,6.0
ORD-101154,2024-12-13,North America,Mexico,Electronics,Noise Buds,retail,8,250.1,0.1,1800.72,Enterprise,3.0
ORD-102285,2024-12-13,EMEA,United Kingdom,Electronics,Noise Buds,marketplace,5,169.74,0.0,848.7,Consumer,1.0
ORD-102465,2024-12-13,APAC,Japan,Beauty,Argan Shampoo,web,1,82.01,0.1,73.81,SMB,7.0
ORD-102736,2024-12-13,North America,United States,Beauty,Argan Shampoo,retail,3,28.59,0.0,85.77,Consumer,3.0
ORD-103359,2024-12-13,North America,Canada,Sports,Yoga Mat Pro,web,6,101.75,0.1,549.45,Enterprise,5.0
ORD-104004,2024-12-13,EMEA,Spain,Electronics,4K Monitor,web,1,84.78,0.0,84.78,Consumer,3.0
ORD-104059,2024-12-13,EMEA,France,Sports,Trail Runners,web,5,61.45,0.0,307.25,Consumer,4.0
ORD-104064,2024-12-13,North America,Mexico,Sports,Yoga Mat Pro,web,1,72.23,0.0,72.23,Consumer,3.0
ORD-101064,2024-12-14,EMEA,Italy,Electronics,4K Monitor,web,4,325.09,0.1,1170.32,Consumer,1.0
ORD-101314,2024-12-14,North America,Canada,Home,Desk Lamp,web,2,86.55,0.1,155.79,Consumer,2.0
ORD-102186,2024-12-14,EMEA,Germany,Home,Desk Lamp,retail,4,65.82,0.05,250.12,Consumer,5.0
ORD-103678,2024-12-14,EMEA,United Kingdom,Electronics,Laptop Air 13,marketplace,12,235.45,0.1,2542.86,Enterprise,2.0
ORD-103891,2024-12-14,EMEA,Spain,Home,Desk Lamp,marketplace,2,61.59,0.0,123.18,Consumer,3.0
ORD-104001,2024-12-14,North America,Canada,Home,Cotton Duvet,web,3,148.76,0.05,423.97,Consumer,2.0
ORD-104120,2024-12-14,APAC,Japan,Home,Espresso Maker,partner,1,79.65,0.0,79.65,Consumer,7.0
ORD-104365,2024-12-14,EMEA,France,Electronics,4K Monitor,web,3,388.23,0.1,1048.22,SMB,3.0
ORD-104487,2024-12-14,EMEA,France,Electronics,Laptop Air 13,web,3,320.72,0.05,914.05,SMB,5.0
ORD-100302,2024-12-15,North America,Mexico,Electronics,Laptop Air 13,web,3,447.28,0.0,1341.84,Consumer,5.0
ORD-101960,2024-12-15,APAC,India,Electronics,Laptop Air 13,web,7,378.42,0.1,2384.05,Enterprise,6.0
ORD-102682,2024-12-15,North America,Canada,Sports,Carbon Racket,web,2,213.9,0.05,406.41,Consumer,5.0
ORD-103475,2024-12-15,APAC,Australia,Electronics,Laptop Air 13,retail,3,144.42,0.0,433.26,SMB,3.0
ORD-103986,2024-12-15,EMEA,United Kingdom,Grocery,Arabica Beans 1kg,web,7,22.34,0.1,140.74,Enterprise,5.0
ORD-104026,2024-12-15,APAC,Australia,Electronics,4K Monitor,partner,1,326.01,0.1,293.41,SMB,10.0
ORD-100429,2024-12-16,North America,Canada,Home,Espresso Maker,partner,5,90.04,0.05,427.69,Consumer,2.0
ORD-101976,2024-12-16,North America,United States,Grocery,Dark Chocolate 90%,retail,2,21.97,0.1,39.55,SMB,5.0
ORD-102297,2024-12-16,North America,Mexico,Sports,Carbon Racket,retail,1,83.47,0.0,83.47,SMB,
ORD-103123,2024-12-16,APAC,Singapore,Electronics,Noise Buds,web,2,188.83,0.0,377.66,Consumer,5.0
ORD-103248,2024-12-16,EMEA,Germany,Grocery,Olive Oil 750ml,web,5,15.65,0.05,74.34,Consumer,6.0
ORD-103412,2024-12-16,EMEA,Spain,Beauty,Serum Vitamin C,retail,2,40.73,0.0,81.46,Consumer,6.0
ORD-103704,2024-12-16,APAC,Australia,Sports,Yoga Mat Pro,partner,3,115.92,0.05,330.37,Consumer,10.0
ORD-100305,2024-12-17,EMEA,Germany,Grocery,Dark Chocolate 90%,partner,2,31.56,0.0,63.12,Consumer,5.0
ORD-100341,2024-12-17,LATAM,Brazil,Electronics,4K Monitor,retail,4,61.46,0.0,245.84,Consumer,4.0
ORD-100770,2024-12-17,North America,United States,Beauty,Argan Shampoo,retail,3,84.07,0.0,252.21,Consumer,5.0
ORD-101048,2024-12-17,EMEA,United Kingdom,Beauty,Argan Shampoo,web,2,38.22,0.15,64.97,SMB,2.0
ORD-101460,2024-12-17,EMEA,France,Grocery,Arabica Beans 1kg,partner,10,20.16,0.15,171.36,Enterprise,1.0
ORD-101576,2024-12-17,EMEA,Spain,Beauty,Argan Shampoo,marketplace,3,28.7,0.0,86.1,Consumer,5.0
ORD-101883,2024-12-17,EMEA,France,Electronics,Smart Watch,marketplace,5,662.12,0.0,3310.6,Consumer,
ORD-101996,2024-12-17,APAC,India,Electronics,Smart Watch,web,1,701.56,0.1,631.4,Consumer,3.0
ORD-102893,2024-12-17,North America,Mexico,Electronics,4K Monitor,web,3,525.57,0.0,1576.71,Consumer,3.0
ORD-103238,2024-12-17,APAC,India,Beauty,Serum Vitamin C,web,12,73.6,0.0,883.2,Enterprise,8.0
ORD-103392,2024-12-17,APAC,Japan,Electronics,Smart Watch,web,3,272.34,0.0,817.02,Consumer,
ORD-103627,2024-12-17,APAC,Japan,Grocery,Olive Oil 750ml,partner,2,43.03,0.0,86.06,Consumer,7.0
ORD-103707,2024-12-17,EMEA,Spain,Home,Cast Iron Pan,marketplace,5,80.63,0.1,362.84,Enterprise,1.0
ORD-103894,2024-12-17,North America,Canada,Sports,Trail Runners,marketplace,1,120.97,0.0,120.97,Consumer,2.0
ORD-103953,2024-12-17,EMEA,Spain,Home,Espresso Maker,web,1,180.3,0.05,171.28,Consumer,2.0
ORD-104555,2024-12-17,EMEA,United Kingdom,Sports,Yoga Mat Pro,retail,2,369.55,0.05,702.14,SMB,3.0
ORD-100128,2024-12-18,North America,United States,Home,Cotton Duvet,marketplace,2,156.19,0.0,312.38,Consumer,5.0
ORD-100253,2024-12-18,EMEA,Germany,Electronics,Smart Watch,web,1,275.24,0.0,275.24,Consumer,4.0
ORD-100787,2024-12-18,EMEA,United Kingdom,Sports,Trail Runners,web,4,125.79,0.0,503.16,Consumer,4.0
ORD-101395,2024-12-18,North America,Mexico,Grocery,Arabica Beans 1kg,retail,6,15.33,0.05,87.38,Enterprise,5.0
ORD-101520,2024-12-18,North America,United States,Electronics,4K Monitor,web,3,81.55,0.0,244.65,Consumer,4.0
ORD-101574,2024-12-18,EMEA,United Kingdom,Grocery,Olive Oil 750ml,web,2,9.19,0.05,17.46,Consumer,6.0
ORD-101627,2024-12-18,North America,United States,Beauty,Argan Shampoo,web,3,27.19,0.0,81.57,Consumer,3.0
ORD-101838,2024-12-18,LATAM,Brazil,Sports,Carbon Racket,marketplace,3,169.37,0.0,508.11,Consumer,8.0
ORD-101914,2024-12-18,APAC,Singapore,Electronics,Smart Watch,marketplace,3,194.23,0.0,582.69,Consumer,6.0
ORD-101981,2024-12-18,APAC,India,Home,Desk Lamp,retail,2,85.87,0.0,171.74,Consumer,6.0
ORD-104373,2024-12-18,APAC,Australia,Electronics,Smart Watch,marketplace,2,262.63,0.0,525.26,SMB,5.0
ORD-104866,2024-12-18,North America,Canada,Home,Cast Iron Pan,web,4,92.71,0.1,333.76,Consumer,3.0
ORD-100097,2024-12-19,LATAM,Brazil,Home,Cast Iron Pan,web,2,39.32,0.0,78.64,Consumer,6.0
ORD-100138,2024-12-19,North America,Mexico,Beauty,Argan Shampoo,web,3,45.91,0.05,130.84,SMB,2.0
ORD-100361,2024-12-19,North America,Canada,Electronics,Noise Buds,web,1,118.24,0.0,118.24,SMB,4.0
ORD-100642,2024-12-19,APAC,Australia,Beauty,Serum Vitamin C,marketplace,5,45.37,0.0,226.85,SMB,8.0
ORD-100966,2024-12-19,APAC,India,Electronics,Smart Watch,marketplace,2,255.15,0.1,459.27,SMB,3.0
ORD-101030,2024-12-19,EMEA,Spain,Sports,Trail Runners,retail,2,183.01,0.1,329.42,Consumer,3.0
ORD-101243,2024-12-19,North America,Canada,Beauty,Serum Vitamin C,retail,2,30.62,0.0,61.24,SMB,3.0
ORD-101399,2024-12-19,North America,Mexico,Home,Cotton Duvet,marketplace,2,99.31,0.05,188.69,Consumer,5.0
ORD-101533,2024-12-19,EMEA,Germany,Home,Desk Lamp,web,1,167.8,0.1,151.02,Consumer,2.0
ORD-101636,2024-12-19,EMEA,France,Beauty,Serum Vitamin C,retail,3,45.19,0.1,122.01,Consumer,3.0
ORD-101656,2024-12-19,North America,United States,Home,Desk Lamp,marketplace,5,63.57,0.2,254.28,Enterprise,1.0
ORD-101817,2024-12-19,EMEA,United Kingdom,Electronics,4K Monitor,marketplace,3,527.62,0.15,1345.43,Consumer,2.0
ORD-102189,2024-12-19,LATAM,Brazil,Grocery,Arabica Beans 1kg,web,5,22.59,0.1,101.66,Enterprise,5.0
ORD-102468,2024-12-19,APAC,Singapore,Beauty,Argan Shampoo,partner,4,27.51,0.0,110.04,Consumer,4.0
ORD-102540,2024-12-19,APAC,Japan,Beauty,Matte Lipstick,web,4,67.05,0.1,241.38,SMB,8.0
ORD-102554,2024-12-19,North America,United States,Home,Desk Lamp,marketplace,2,45.43,0.15,77.23,SMB,2.0
ORD-103124,2024-12-19,EMEA,Germany,Electronics,4K Monitor,web,5,234.95,0.3,822.32,Enterprise,7.0
ORD-103622,2024-12-19,North America,United States,Electronics,Laptop Air 13,marketplace,3,488.07,0.0,1464.21,Consumer,4.0
ORD-103798,2024-12-19,LATAM,Chile,Home,Espresso Maker,retail,2,55.25,0.05,104.98,Consumer,10.0
ORD-103919,2024-12-19,North America,Canada,Electronics,4K Monitor,retail,4,300.27,0.0,1201.08,Consumer,1.0
ORD-104227,2024-12-19,APAC,Singapore,Electronics,4K Monitor,retail,4,126.86,0.0,507.44,SMB,11.0
ORD-100256,2024-12-20,APAC,Australia,Home,Desk Lamp,web,2,32.77,0.0,65.54,Consumer,10.0
ORD-101579,2024-12-20,North America,United States,Beauty,Matte Lipstick,web,3,65.56,0.15,167.18,SMB,1.0
ORD-101654,2024-12-20,North America,United States,Beauty,Argan Shampoo,marketplace,9,28.0,0.1,226.8,Enterprise,1.0
ORD-102024,2024-12-20,North America,United States,Home,Cotton Duvet,marketplace,3,69.17,0.15,176.38,SMB,2.0
ORD-102703,2024-12-20,EMEA,Italy,Sports,Carbon Racket,web,3,76.38,0.0,229.14,Consumer,4.0
ORD-104402,2024-12-20,North America,Canada,Sports,Yoga Mat Pro,web,1,113.07,0.15,96.11,SMB,3.0
ORD-104944,2024-12-20,North America,Canada,Home,Cast Iron Pan,web,4,46.3,0.15,157.42,Enterprise,3.0
ORD-101789,2024-12-21,LATAM,Argentina,Home,Desk Lamp,retail,2,69.93,0.15,118.88,SMB,7.0
ORD-103746,2024-12-21,EMEA,Germany,Beauty,Matte Lipstick,web,1,20.63,0.1,18.57,SMB,3.0
ORD-103989,2024-12-21,LATAM,Argentina,Grocery,Arabica Beans 1kg,retail,3,28.49,0.15,72.65,Enterprise,7.0
ORD-100156,2024-12-22,North America,Canada,Grocery,Arabica Beans 1kg,partner,5,28.44,0.05,135.09,SMB,5.0
ORD-100407,2024-12-22,North America,Mexico,Grocery,Olive Oil 750ml,web,2,32.77,0.15,55.71,SMB,2.0
ORD-101139,2024-12-22,APAC,Australia,Home,Cotton Duvet,web,2,125.49,0.1,225.88,SMB,4.0
ORD-101473,2024-12-22,North America,Mexico,Home,Espresso Maker,web,1,66.22,0.0,66.22,Consumer,7.0
ORD-102462,2024-12-22,North America,Mexico,Home,Espresso Maker,marketplace,3,55.34,0.0,166.02,Consumer,2.0
ORD-102959,2024-12-22,North America,Canada,Home,Espresso Maker,web,4,102.77,0.05,390.53,Enterprise,2.0
ORD-102997,2024-12-22,APAC,Singapore,Electronics,4K Monitor,web,3,94.2,0.3,197.82,SMB,5.0
ORD-103144,2024-12-22,North America,United States,Grocery,Dark Chocolate 90%,web,3,14.46,0.05,41.21,SMB,3.0
ORD-104712,2024-12-22,APAC,Singapore,Beauty,Matte Lipstick,retail,2,35.58,0.0,71.16,Consumer,8.0
ORD-104990,2024-12-22,APAC,Japan,Home,Desk Lamp,web,2,62.96,0.0,125.92,Consumer,11.0
ORD-100628,2024-12-23,APAC,India,Beauty,Matte Lipstick,web,3,57.3,0.0,171.9,Consumer,6.0
ORD-100685,2024-12-23,APAC,Australia,Home,Desk Lamp,retail,2,83.3,0.0,166.6,Consumer,3.0
ORD-100947,2024-12-23,North America,United States,Grocery,Olive Oil 750ml,partner,3,27.28,0.05,77.75,SMB,2.0
ORD-101707,2024-12-23,North America,Canada,Sports,Yoga Mat Pro,retail,2,216.08,0.0,432.16,Consumer,2.0
ORD-102658,2024-12-23,North America,Mexico,Grocery,Arabica Beans 1kg,marketplace,4,17.96,0.0,71.84,Consumer,2.0
ORD-103843,2024-12-23,EMEA,United Kingdom,Beauty,Serum Vitamin C,web,5,36.68,0.05,174.23,Consumer,4.0
ORD-104271,2024-12-23,EMEA,Spain,Sports,Trail Runners,marketplace,3,228.17,0.1,616.06,SMB,2.0
ORD-104419,2024-12-23,EMEA,Germany,Sports,Carbon Racket,web,2,56.36,0.0,112.72,Consumer,5.0
ORD-104771,2024-12-23,North America,Canada,Electronics,Smart Watch,web,2,174.83,0.1,314.69,SMB,3.0
ORD-100557,2024-12-24,APAC,Australia,Sports,Trail Runners,web,1,142.2,0.0,142.2,Consumer,7.0
ORD-101182,2024-12-24,EMEA,Italy,Beauty,Serum Vitamin C,web,1,50.95,0.0,50.95,Consumer,8.0
ORD-101445,2024-12-24,North America,Canada,Grocery,Olive Oil 750ml,web,6,20.79,0.0,124.74,Consumer,2.0
ORD-101507,2024-12-24,APAC,Singapore,Electronics,Laptop Air 13,web,3,105.66,0.0,316.98,SMB,4.0
ORD-102027,2024-12-24,EMEA,Germany,Electronics,4K Monitor,web,3,121.45,0.05,346.13,Consumer,7.0
ORD-102447,2024-12-24,APAC,Japan,Sports,Trail Runners,retail,1,116.43,0.05,110.61,SMB,8.0
ORD-102803,2024-12-24,North America,United States,Home,Espresso Maker,marketplace,2,106.38,0.1,191.48,SMB,2.0
ORD-104108,2024-12-24,North America,United States,Beauty,Argan Shampoo,marketplace,2,59.78,0.0,119.56,Consumer,1.0
ORD-104199,2024-12-24,North America,Mexico,Sports,Yoga Mat Pro,web,3,215.21,0.0,645.63,Consumer,3.0
ORD-104527,2024-12-24,North America,Canada,Home,Espresso Maker,marketplace,1,42.59,0.0,42.59,Consumer,1.0
ORD-104652,2024-12-24,North America,United States,Home,Desk Lamp,web,2,30.71,0.0,61.42,Consumer,4.0
ORD-104762,2024-12-24,North America,Mexico,Grocery,Arabica Beans 1kg,retail,4,51.5,0.1,185.4,Consumer,6.0
ORD-100688,2024-12-25,EMEA,Italy,Sports,Carbon Racket,web,3,187.66,0.0,562.98,Consumer,3.0
ORD-100863,2024-12-25,APAC,Australia,Beauty,Serum Vitamin C,web,5,19.35,0.05,91.91,SMB,6.0
ORD-101329,2024-12-25,APAC,Japan,Grocery,Arabica Beans 1kg,retail,2,56.53,0.0,113.06,Consumer,5.0
ORD-101718,2024-12-25,North America,Mexico,Beauty,Argan Shampoo,web,3,35.83,0.0,107.49,Consumer,2.0
ORD-101805,2024-12-25,North America,Mexico,Sports,Yoga Mat Pro,marketplace,5,152.39,0.15,647.66,Consumer,2.0
ORD-102190,2024-12-25,EMEA,United Kingdom,Beauty,Argan Shampoo,partner,2,35.25,0.1,63.45,Consumer,3.0
ORD-103101,2024-12-25,EMEA,Spain,Beauty,Matte Lipstick,web,2,108.6,0.05,206.34,Consumer,6.0
ORD-104074,2024-12-25,EMEA,Spain,Home,Espresso Maker,web,3,83.02,0.0,249.06,SMB,4.0
ORD-100768,2024-12-26,APAC,Japan,Sports,Yoga Mat Pro,retail,6,74.26,0.2,356.45,Enterprise,3.0
ORD-101053,2024-12-26,North America,Mexico,Grocery,Dark Chocolate 90%,web,2,20.71,0.0,41.42,Consumer,3.0
ORD-101919,2024-12-26,LATAM,Chile,Grocery,Olive Oil 750ml,web,7,22.42,0.2,125.55,Enterprise,5.0
ORD-102149,2024-12-26,APAC,Singapore,Electronics,Noise Buds,web,5,332.22,0.05,1578.04,SMB,3.0
ORD-102501,2024-12-26,EMEA,Germany,Beauty,Serum Vitamin C,web,6,49.08,0.05,279.76,Enterprise,3.0
ORD-102610,2024-12-26,EMEA,Spain,Grocery,Dark Chocolate 90%,web,4,22.35,0.0,89.4,Consumer,3.0
ORD-103056,2024-12-26,EMEA,United Kingdom,Electronics,4K Monitor,marketplace,2,289.0,0.1,520.2,SMB,5.0
ORD-103453,2024-12-26,North America,United States,Home,Desk Lamp,web,3,115.83,0.0,347.49,Consumer,3.0
ORD-103981,2024-12-26,North America,United States,Grocery,Arabica Beans 1kg,marketplace,4,19.31,0.0,77.24,Consumer,2.0
ORD-104354,2024-12-26,North America,Canada,Beauty,Matte Lipstick,web,2,42.01,0.05,79.82,Consumer,6.0
ORD-100644,2024-12-27,North America,United States,Beauty,Argan Shampoo,retail,4,24.96,0.0,99.84,SMB,2.0
ORD-101003,2024-12-27,North America,Canada,Home,Espresso Maker,marketplace,4,53.1,0.0,212.4,Consumer,7.0
ORD-101725,2024-12-27,APAC,India,Grocery,Dark Chocolate 90%,marketplace,1,26.8,0.05,25.46,Consumer,5.0
ORD-102371,2024-12-27,EMEA,Spain,Grocery,Arabica Beans 1kg,web,1,29.81,0.15,25.34,Consumer,2.0
ORD-102418,2024-12-27,LATAM,Argentina,Electronics,Laptop Air 13,marketplace,3,175.25,0.0,525.75,Consumer,12.0
ORD-102434,2024-12-27,North America,Mexico,Beauty,Matte Lipstick,web,3,37.13,0.05,105.82,Consumer,2.0
ORD-102991,2024-12-27,North America,United States,Beauty,Argan Shampoo,web,2,31.77,0.0,63.54,Consumer,1.0
ORD-103283,2024-12-27,APAC,Singapore,Beauty,Serum Vitamin C,web,2,38.27,0.0,76.54,Consumer,4.0
ORD-104223,2024-12-27,North America,United States,Sports,Carbon Racket,marketplace,4,288.22,0.3,807.02,Consumer,6.0
ORD-100818,2024-12-28,North America,Canada,Grocery,Arabica Beans 1kg,web,5,24.41,0.0,122.05,Consumer,2.0
ORD-101416,2024-12-28,North America,Mexico,Sports,Carbon Racket,web,4,42.61,0.0,170.44,Consumer,4.0
ORD-102246,2024-12-28,North America,Canada,Grocery,Olive Oil 750ml,web,1,21.4,0.05,20.33,SMB,3.0
ORD-103977,2024-12-28,North America,Canada,Grocery,Dark Chocolate 90%,web,3,22.92,0.0,68.76,Consumer,3.0
ORD-104495,2024-12-28,APAC,Singapore,Beauty,Serum Vitamin C,web,3,39.97,0.0,119.91,Consumer,4.0
ORD-100081,2024-12-29,North America,United States,Home,Desk Lamp,retail,1,57.68,0.0,57.68,Consumer,3.0
ORD-100441,2024-12-29,LATAM,Argentina,Grocery,Arabica Beans 1kg,web,1,31.33,0.0,31.33,Consumer,12.0
ORD-100859,2024-12-29,EMEA,France,Home,Cast Iron Pan,marketplace,3,98.65,0.0,295.95,Consumer,6.0
ORD-100901,2024-12-29,North America,Mexico,Sports,Carbon Racket,web,3,64.81,0.0,194.43,Consumer,1.0
ORD-101970,2024-12-29,EMEA,Germany,Grocery,Olive Oil 750ml,web,2,24.36,0.1,43.85,SMB,1.0
ORD-104089,2024-12-29,EMEA,Italy,Home,Espresso Maker,web,1,66.0,0.05,62.7,SMB,2.0
ORD-104805,2024-12-29,EMEA,France,Home,Espresso Maker,web,2,291.49,0.0,582.98,Consumer,3.0
ORD-100147,2024-12-30,North America,Mexico,Beauty,Matte Lipstick,web,3,33.52,0.0,100.56,Consumer,7.0
ORD-100546,2024-12-30,EMEA,France,Home,Espresso Maker,marketplace,9,67.94,0.05,580.89,Enterprise,1.0
ORD-101175,2024-12-30,LATAM,Argentina,Electronics,4K Monitor,marketplace,2,109.21,0.1,196.58,Consumer,10.0
ORD-101455,2024-12-30,North America,Canada,Grocery,Arabica Beans 1kg,web,1,17.31,0.1,15.58,SMB,2.0
ORD-101529,2024-12-30,EMEA,Germany,Electronics,Noise Buds,marketplace,3,139.01,0.05,396.18,Consumer,2.0
ORD-101604,2024-12-30,North America,United States,Sports,Trail Runners,web,7,180.11,0.05,1197.73,Enterprise,2.0
ORD-102370,2024-12-30,LATAM,Argentina,Home,Desk Lamp,retail,3,140.15,0.1,378.4,Consumer,2.0
ORD-102562,2024-12-30,EMEA,Spain,Grocery,Olive Oil 750ml,partner,6,29.51,0.0,177.06,Consumer,7.0
ORD-102573,2024-12-30,North America,Canada,Beauty,Matte Lipstick,partner,3,46.84,0.0,140.52,SMB,1.0
ORD-103686,2024-12-30,APAC,Japan,Sports,Yoga Mat Pro,retail,4,151.18,0.2,483.78,SMB,5.0
ORD-104132,2024-12-30,North America,Canada,Electronics,Noise Buds,web,3,255.25,0.2,612.6,SMB,2.0
ORD-104719,2024-12-30,APAC,Australia,Electronics,Smart Watch,retail,5,242.17,0.05,1150.31,Consumer,10.0
ORD-100602,2024-12-31,North America,Mexico,Home,Espresso Maker,web,2,110.73,0.0,221.46,Consumer,4.0
ORD-101661,2024-12-31,EMEA,United Kingdom,Beauty,Argan Shampoo,web,2,58.52,0.0,117.04,SMB,7.0
ORD-101771,2024-12-31,North America,Canada,Electronics,Noise Buds,retail,2,341.2,0.05,648.28,SMB,5.0
ORD-101836,2024-12-31,North America,Mexico,Home,Espresso Maker,web,8,99.44,0.1,715.97,Enterprise,2.0
ORD-102115,2024-12-31,APAC,India,Home,Espresso Maker,web,1,54.55,0.0,54.55,Consumer,6.0
ORD-102429,2024-12-31,North America,United States,Sports,Trail Runners,web,1,151.07,0.0,151.07,SMB,
ORD-102998,2024-12-31,APAC,Japan,Home,Espresso Maker,partner,4,107.15,0.1,385.74,Consumer,
ORD-103413,2024-12-31,North America,Mexico,Electronics,4K Monitor,web,2,121.73,0.0,243.46,Consumer,2.0
ORD-104562,2024-12-31,North America,United States,Home,Espresso Maker,retail,2,65.98,0.0,131.96,Consumer,4.0
ORD-104746,2024-12-31,North America,Mexico,Home,Espresso Maker,web,1,94.04,0.05,89.34,SMB,4.0
ORD-104781,2024-12-31,North America,Mexico,Home,Espresso Maker,partner,1,77.68,0.15,66.03,SMB,3.0
